user_id,transaction_id,timestamp,merchant,category,amount,payment_method
U001,T00000_U001,2026-02-27 00:47:00,Netflix,Bills,999.0,UPI
U001,T00001_U001,2026-01-16 02:13:00,Flipkart,Shopping,2316.94,Wallet
U001,T00002_U001,2026-08-03 07:28:00,Uber,Bills,2461.78,UPI
U001,T00003_U001,2026-08-05 10:17:00,Amazon,Shopping,3522.31,Card
U001,T00004_U001,2026-02-19 11:54:00,Uber,Travel,2037.11,Wallet
U001,T00005_U001,2026-08-24 17:07:00,Amazon,Entertainment,1424.9,Wallet
U001,T00006_U001,2026-07-05 18:12:00,Amazon,Healthcare,290.26,Card
U001,T00007_U001,2026-02-10 07:55:00,Local Store,Food,767.14,Wallet
U001,T00008_U001,2026-07-06 05:23:00,Flipkart,Travel,1708.42,Wallet
U001,T00009_U001,2026-02-06 19:40:00,Myntra,Shopping,492.17,Card
U001,T00010_U001,2026-04-23 21:20:00,Flipkart,Food,2072.33,Card
U001,T00011_U001,2026-07-25 08:04:00,Myntra,Shopping,610.3,Card
U001,T00012_U001,2026-08-23 04:16:00,Flipkart,Shopping,2789.07,Wallet
U001,T00013_U001,2026-08-08 18:25:00,Flipkart,Travel,2493.58,UPI
U001,T00014_U001,2026-09-18 15:05:00,Amazon,Food,466.82,UPI
U001,T00015_U001,2026-08-05 19:04:00,Local Store,Entertainment,2409.1,Card
U001,T00016_U001,2026-01-06 21:46:00,Uber,Food,1944.64,Card
U001,T00017_U001,2026-02-27 09:27:00,Flipkart,Shopping,107.79,Wallet
U001,T00018_U001,2026-05-15 16:48:00,Myntra,Shopping,2189.24,Wallet
U001,T00019_U001,2026-09-17 19:12:00,Flipkart,Shopping,1930.03,Wallet
U001,T00020_U001,2026-01-01 19:20:00,Swiggy,Entertainment,549.18,Card
U001,T00021_U001,2026-05-03 01:15:00,Amazon,Bills,557.55,Wallet
U001,T00022_U001,2026-03-06 04:42:00,Myntra,Entertainment,1259.31,Card
U001,T00023_U001,2026-04-19 17:48:00,Flipkart,Healthcare,1811.08,Card
U001,T00024_U001,2026-07-11 14:57:00,Clinic,Bills,390.41,UPI
U001,T00025_U001,2026-02-02 10:01:00,Netflix,Bills,299.0,UPI
U001,T00026_U001,2026-01-17 10:04:00,Flipkart,Bills,768.35,Card
U001,T00027_U001,2026-04-20 17:08:00,Clinic,Healthcare,683.19,Card
U001,T00028_U001,2026-07-28 06:06:00,Local Store,Food,1452.92,Wallet
U001,T00029_U001,2026-01-28 21:41:00,Amazon,Healthcare,437.57,UPI
U001,T00030_U001,2026-05-08 06:12:00,Clinic,Bills,436.44,UPI
U001,T00031_U001,2026-05-23 14:15:00,Clinic,Food,2039.25,Wallet
U001,T00032_U001,2026-02-20 01:41:00,Swiggy,Bills,4241.04,UPI
U001,T00033_U001,2026-03-27 13:31:00,Flipkart,Entertainment,2175.16,UPI
U001,T00034_U001,2026-03-26 12:00:00,Uber,Entertainment,2323.64,Card
U001,T00035_U001,2026-05-27 13:44:00,Clinic,Healthcare,471.51,Card
U001,T00036_U001,2026-04-22 01:37:00,Swiggy,Healthcare,2160.49,Wallet
U001,T00037_U001,2026-09-02 16:58:00,Myntra,Bills,379.9,UPI
U001,T00038_U001,2026-02-05 19:04:00,Flipkart,Healthcare,2088.17,Wallet
U001,T00039_U001,2026-05-07 18:38:00,Amazon,Food,1106.14,Wallet
U001,T00040_U001,2026-09-25 10:59:00,Flipkart,Travel,1707.34,Card
U001,T00041_U001,2026-05-03 08:25:00,Amazon,Shopping,2326.69,UPI
U001,T00042_U001,2026-08-23 19:36:00,Amazon,Food,1390.32,Wallet
U001,T00043_U001,2026-05-16 04:59:00,Amazon,Travel,3003.0,UPI
U001,T00044_U001,2026-08-13 17:45:00,Swiggy,Travel,1702.87,Wallet
U001,T00045_U001,2026-06-03 21:06:00,Flipkart,Shopping,484.72,UPI
U001,T00046_U001,2026-05-20 09:38:00,Flipkart,Shopping,588.63,Card
U001,T00047_U001,2026-09-16 15:16:00,Amazon,Food,1622.28,Card
U001,T00048_U001,2026-01-23 00:21:00,Flipkart,Shopping,687.44,Card
U001,T00049_U001,2026-01-05 03:04:00,Myntra,Healthcare,3968.92,UPI
U001,T00050_U001,2026-08-09 04:02:00,Netflix,Bills,499.0,UPI
U001,T00051_U001,2026-05-08 21:06:00,Local Store,Travel,2437.21,Wallet
U001,T00052_U001,2026-03-21 07:55:00,Amazon,Shopping,2215.4,UPI
U001,T00053_U001,2026-06-20 13:51:00,Flipkart,Healthcare,740.33,Wallet
U001,T00054_U001,2026-02-25 12:55:00,Clinic,Food,633.84,Card
U001,T00055_U001,2026-06-29 09:52:00,Myntra,Shopping,212.38,Card
U001,T00056_U001,2026-02-05 08:22:00,Local Store,Healthcare,3245.21,Card
U001,T00057_U001,2026-01-15 03:56:00,Myntra,Travel,2670.95,UPI
U001,T00058_U001,2026-02-25 19:27:00,Netflix,Travel,1147.35,Wallet
U001,T00059_U001,2026-03-01 12:57:00,Flipkart,Bills,1256.95,UPI
U001,T00060_U001,2026-09-24 17:43:00,Flipkart,Healthcare,974.13,UPI
U001,T00061_U001,2026-06-19 19:20:00,Amazon,Healthcare,1827.41,Card
U001,T00062_U001,2026-09-17 09:42:00,Netflix,Entertainment,1065.76,Card
U001,T00063_U001,2026-03-07 06:26:00,Local Store,Healthcare,1725.56,UPI
U001,T00064_U001,2026-06-04 12:35:00,Uber,Food,1217.52,Wallet
U001,T00065_U001,2026-06-14 14:28:00,Flipkart,Entertainment,1326.82,Wallet
U001,T00066_U001,2026-03-28 21:05:00,Netflix,Travel,635.81,UPI
U001,T00067_U001,2026-06-08 07:51:00,Amazon,Shopping,158.62,Card
U001,T00068_U001,2026-02-07 14:26:00,Flipkart,Healthcare,1824.03,Card
U001,T00069_U001,2026-09-11 12:15:00,Amazon,Shopping,2242.38,Card
U001,T00070_U001,2026-04-23 05:51:00,Clinic,Healthcare,220.52,UPI
U001,T00071_U001,2026-03-04 14:08:00,Netflix,Entertainment,4553.46,Wallet
U001,T00072_U001,2026-09-16 13:53:00,Clinic,Bills,2253.3,Wallet
U001,T00073_U001,2026-09-01 14:16:00,Flipkart,Shopping,3133.75,UPI
U001,T00074_U001,2026-05-21 14:04:00,Uber,Healthcare,662.78,Card
U001,T00075_U001,2026-06-13 17:05:00,Spotify,Bills,299.0,UPI
U001,T00076_U001,2026-08-01 13:21:00,Clinic,Bills,1499.09,Card
U001,T00077_U001,2026-07-19 18:44:00,Local Store,Food,1244.75,Card
U001,T00078_U001,2026-06-02 12:54:00,Flipkart,Entertainment,1803.79,Card
U001,T00079_U001,2026-01-15 12:21:00,Local Store,Healthcare,1838.04,Card
U001,T00080_U001,2026-03-07 19:34:00,Local Store,Food,1520.54,Wallet
U001,T00081_U001,2026-01-14 02:41:00,Myntra,Entertainment,2675.86,Card
U001,T00082_U001,2026-07-14 10:13:00,Netflix,Entertainment,910.0,Card
U001,T00083_U001,2026-05-23 13:16:00,Clinic,Food,146.52,Wallet
U001,T00084_U001,2026-01-27 11:14:00,Amazon,Healthcare,1974.96,Wallet
U001,T00085_U001,2026-01-21 00:15:00,Myntra,Shopping,2016.03,Wallet
U001,T00086_U001,2026-02-28 18:13:00,Uber,Entertainment,2589.15,Wallet
U001,T00087_U001,2026-02-28 05:19:00,Swiggy,Food,3868.17,Card
U001,T00088_U001,2026-07-23 22:12:00,Flipkart,Food,344.56,Card
U001,T00089_U001,2026-03-03 18:50:00,Netflix,Food,2383.88,UPI
U001,T00090_U001,2026-09-17 20:21:00,Local Store,Food,2073.59,UPI
U001,T00091_U001,2026-08-10 11:40:00,Myntra,Entertainment,1145.17,Wallet
U001,T00092_U001,2026-09-25 20:17:00,Clinic,Bills,1215.7,Wallet
U001,T00093_U001,2026-05-18 10:54:00,Myntra,Shopping,769.43,UPI
U001,T00094_U001,2026-08-26 18:39:00,Local Store,Healthcare,907.35,Card
U001,T00095_U001,2026-06-16 05:31:00,Myntra,Shopping,2014.8,Card
U001,T00096_U001,2026-05-22 17:00:00,Flipkart,Bills,305.47,Wallet
U001,T00097_U001,2026-07-28 15:35:00,Amazon,Shopping,2628.15,UPI
U001,T00098_U001,2026-05-31 07:25:00,Flipkart,Healthcare,1390.3,Card
U001,T00099_U001,2026-06-26 13:47:00,Netflix,Bills,944.35,Card
U002,T00000_U002,2026-05-19 09:16:00,Netflix,Bills,299.0,UPI
U002,T00001_U002,2026-04-21 23:30:00,Uber,Travel,4128.39,Card
U002,T00002_U002,2026-04-27 11:11:00,Swiggy,Travel,1799.24,UPI
U002,T00003_U002,2026-05-21 01:03:00,Uber,Bills,2107.98,Card
U002,T00004_U002,2026-02-22 00:36:00,Clinic,Travel,1671.66,UPI
U002,T00005_U002,2026-05-10 15:07:00,Local Store,Food,1280.19,Wallet
U002,T00006_U002,2026-01-28 04:09:00,Uber,Bills,634.67,Card
U002,T00007_U002,2026-04-26 16:24:00,Clinic,Entertainment,813.65,Wallet
U002,T00008_U002,2026-08-08 09:36:00,Swiggy,Bills,1563.11,Wallet
U002,T00009_U002,2026-02-20 06:40:00,Amazon,Shopping,1685.03,UPI
U002,T00010_U002,2026-03-30 17:04:00,Myntra,Shopping,1892.39,Card
U002,T00011_U002,2026-01-17 07:18:00,Uber,Healthcare,1787.17,Card
U002,T00012_U002,2026-02-06 21:14:00,Flipkart,Travel,1120.33,Wallet
U002,T00013_U002,2026-04-26 20:09:00,Myntra,Travel,271.38,UPI
U002,T00014_U002,2026-06-07 19:47:00,Uber,Bills,1153.97,Card
U002,T00015_U002,2026-06-05 22:25:00,Clinic,Travel,1931.24,Card
U002,T00016_U002,2026-06-15 19:16:00,Amazon,Food,649.42,Wallet
U002,T00017_U002,2026-01-11 21:52:00,Swiggy,Travel,1931.46,UPI
U002,T00018_U002,2026-08-29 16:41:00,Uber,Entertainment,893.48,Wallet
U002,T00019_U002,2026-09-09 02:30:00,Local Store,Travel,1412.09,UPI
U002,T00020_U002,2026-06-18 13:44:00,Uber,Entertainment,1690.2,Card
U002,T00021_U002,2026-01-19 14:05:00,Uber,Travel,875.86,Card
U002,T00022_U002,2026-09-21 00:42:00,Clinic,Bills,1344.33,Card
U002,T00023_U002,2026-09-13 20:28:00,Flipkart,Food,740.93,UPI
U002,T00024_U002,2026-05-28 14:56:00,Clinic,Healthcare,774.44,Wallet
U002,T00025_U002,2026-05-03 22:10:00,Netflix,Bills,999.0,UPI
U002,T00026_U002,2026-03-20 15:59:00,Uber,Healthcare,1321.29,Card
U002,T00027_U002,2026-08-01 15:30:00,Flipkart,Shopping,2144.33,Wallet
U002,T00028_U002,2026-03-11 02:17:00,Netflix,Entertainment,3408.87,UPI
U002,T00029_U002,2026-05-25 23:19:00,Clinic,Bills,3074.66,Card
U002,T00030_U002,2026-06-26 10:35:00,Local Store,Bills,1192.83,Card
U002,T00031_U002,2026-04-07 22:15:00,Local Store,Bills,660.55,Card
U002,T00032_U002,2026-01-23 10:47:00,Local Store,Entertainment,1026.59,Wallet
U002,T00033_U002,2026-03-19 15:02:00,Myntra,Shopping,2187.28,UPI
U002,T00034_U002,2026-09-27 14:00:00,Myntra,Healthcare,1083.95,Wallet
U002,T00035_U002,2026-03-21 02:30:00,Netflix,Travel,2199.42,UPI
U002,T00036_U002,2026-06-18 21:54:00,Local Store,Bills,2389.94,Wallet
U002,T00037_U002,2026-09-07 17:02:00,Amazon,Bills,663.45,Wallet
U002,T00038_U002,2026-05-28 07:47:00,Local Store,Food,4426.73,Wallet
U002,T00039_U002,2026-02-21 14:10:00,Uber,Healthcare,2268.22,UPI
U002,T00040_U002,2026-06-16 01:18:00,Netflix,Travel,1440.8,Card
U002,T00041_U002,2026-04-03 05:11:00,Local Store,Food,2210.58,Wallet
U002,T00042_U002,2026-03-15 07:29:00,Uber,Healthcare,1202.97,Wallet
U002,T00043_U002,2026-01-05 14:57:00,Myntra,Travel,542.39,Wallet
U002,T00044_U002,2026-06-03 20:27:00,Uber,Healthcare,1724.86,Card
U002,T00045_U002,2026-09-05 03:15:00,Netflix,Entertainment,3855.24,Wallet
U002,T00046_U002,2026-07-22 08:00:00,Swiggy,Bills,2285.48,Wallet
U002,T00047_U002,2026-09-12 09:49:00,Amazon,Shopping,625.61,Wallet
U002,T00048_U002,2026-05-09 21:48:00,Myntra,Healthcare,1607.8,Wallet
U002,T00049_U002,2026-01-21 09:50:00,Swiggy,Entertainment,1490.98,Wallet
U002,T00050_U002,2026-03-09 02:58:00,Spotify,Bills,499.0,Wallet
U002,T00051_U002,2026-09-14 08:53:00,Myntra,Shopping,2293.72,Card
U002,T00052_U002,2026-06-23 03:29:00,Myntra,Food,2402.6,Wallet
U002,T00053_U002,2026-07-23 17:23:00,Local Store,Food,133.4,Wallet
U002,T00054_U002,2026-03-05 14:23:00,Uber,Healthcare,2792.37,Card
U002,T00055_U002,2026-02-25 21:14:00,Swiggy,Entertainment,1586.91,Wallet
U002,T00056_U002,2026-06-17 19:14:00,Amazon,Healthcare,1624.97,Card
U002,T00057_U002,2026-06-04 20:26:00,Myntra,Food,256.82,Card
U002,T00058_U002,2026-03-01 03:15:00,Myntra,Bills,2727.72,Wallet
U002,T00059_U002,2026-08-03 18:47:00,Myntra,Healthcare,3835.75,Card
U002,T00060_U002,2026-07-28 08:02:00,Netflix,Healthcare,966.82,UPI
U002,T00061_U002,2026-07-05 03:43:00,Netflix,Travel,619.59,Card
U002,T00062_U002,2026-02-16 21:13:00,Swiggy,Healthcare,221.39,Card
U002,T00063_U002,2026-05-05 04:50:00,Flipkart,Bills,597.11,UPI
U002,T00064_U002,2026-04-30 10:49:00,Amazon,Shopping,1521.14,Wallet
U002,T00065_U002,2026-05-09 05:07:00,Swiggy,Healthcare,416.33,Card
U002,T00066_U002,2026-05-02 18:20:00,Myntra,Food,958.98,Card
U002,T00067_U002,2026-09-27 03:47:00,Clinic,Food,1591.44,Wallet
U002,T00068_U002,2026-02-25 14:32:00,Flipkart,Shopping,1845.38,Wallet
U002,T00069_U002,2026-06-04 14:41:00,Swiggy,Food,4688.23,Card
U002,T00070_U002,2026-02-25 15:45:00,Amazon,Entertainment,2258.24,Card
U002,T00071_U002,2026-03-17 02:08:00,Netflix,Travel,1539.69,Card
U002,T00072_U002,2026-08-21 16:38:00,Amazon,Entertainment,2003.43,UPI
U002,T00073_U002,2026-04-21 13:28:00,Myntra,Shopping,913.44,Card
U002,T00074_U002,2026-08-01 23:06:00,Local Store,Travel,2109.36,Wallet
U002,T00075_U002,2026-08-31 02:05:00,Spotify,Bills,199.0,Wallet
U002,T00076_U002,2026-06-18 21:07:00,Netflix,Entertainment,2196.66,Card
U002,T00077_U002,2026-01-27 09:38:00,Netflix,Travel,348.64,Wallet
U002,T00078_U002,2026-04-19 04:42:00,Flipkart,Entertainment,2869.67,Wallet
U002,T00079_U002,2026-07-08 03:48:00,Flipkart,Travel,3446.37,Wallet
U002,T00080_U002,2026-01-14 19:59:00,Uber,Healthcare,169.49,Card
U002,T00081_U002,2026-06-08 10:22:00,Myntra,Food,2187.67,Wallet
U002,T00082_U002,2026-07-25 02:09:00,Swiggy,Healthcare,471.15,Card
U002,T00083_U002,2026-08-03 14:21:00,Flipkart,Shopping,1237.56,Wallet
U002,T00084_U002,2026-02-13 01:09:00,Flipkart,Shopping,2216.42,Card
U002,T00085_U002,2026-09-06 19:28:00,Uber,Entertainment,617.37,Wallet
U002,T00086_U002,2026-02-28 11:27:00,Uber,Food,2893.08,Wallet
U002,T00087_U002,2026-06-07 01:14:00,Swiggy,Entertainment,155.29,UPI
U002,T00088_U002,2026-03-12 08:18:00,Amazon,Travel,118.55,Wallet
U002,T00089_U002,2026-08-09 05:08:00,Flipkart,Entertainment,1300.63,Wallet
U002,T00090_U002,2026-07-01 02:25:00,Swiggy,Healthcare,2075.98,Card
U002,T00091_U002,2026-08-08 18:25:00,Local Store,Healthcare,794.84,Card
U002,T00092_U002,2026-01-11 10:10:00,Clinic,Bills,2096.86,Card
U002,T00093_U002,2026-02-15 13:54:00,Flipkart,Food,1145.62,Card
U002,T00094_U002,2026-09-26 02:25:00,Netflix,Travel,1039.51,UPI
U002,T00095_U002,2026-09-19 20:07:00,Flipkart,Bills,2274.21,Card
U002,T00096_U002,2026-06-29 23:52:00,Myntra,Healthcare,1087.79,Wallet
U002,T00097_U002,2026-03-20 20:04:00,Flipkart,Shopping,1213.49,Wallet
U002,T00098_U002,2026-08-18 21:59:00,Netflix,Bills,2174.19,Wallet
U002,T00099_U002,2026-06-11 04:28:00,Clinic,Food,1523.59,Card
U003,T00000_U003,2026-01-29 11:32:00,Amazon Prime,Bills,499.0,UPI
U003,T00001_U003,2026-02-16 19:38:00,Local Store,Bills,1210.51,Wallet
U003,T00002_U003,2026-01-22 14:58:00,Flipkart,Bills,871.66,Card
U003,T00003_U003,2026-09-14 04:03:00,Amazon,Entertainment,3450.43,Wallet
U003,T00004_U003,2026-02-13 16:41:00,Myntra,Shopping,694.58,Card
U003,T00005_U003,2026-09-26 16:39:00,Myntra,Shopping,994.84,Card
U003,T00006_U003,2026-07-29 10:43:00,Swiggy,Bills,3425.63,UPI
U003,T00007_U003,2026-06-18 03:35:00,Local Store,Healthcare,1256.3,Wallet
U003,T00008_U003,2026-03-18 10:05:00,Myntra,Bills,2300.19,Card
U003,T00009_U003,2026-07-20 04:38:00,Amazon,Healthcare,1149.57,Card
U003,T00010_U003,2026-03-07 21:44:00,Amazon,Healthcare,1650.46,Card
U003,T00011_U003,2026-09-18 11:01:00,Uber,Travel,532.63,UPI
U003,T00012_U003,2026-06-24 15:12:00,Myntra,Shopping,471.87,UPI
U003,T00013_U003,2026-09-17 17:53:00,Swiggy,Healthcare,1688.63,Wallet
U003,T00014_U003,2026-03-09 19:24:00,Flipkart,Shopping,534.03,Wallet
U003,T00015_U003,2026-03-26 23:28:00,Local Store,Food,1562.52,Card
U003,T00016_U003,2026-05-26 23:50:00,Flipkart,Entertainment,1819.09,Card
U003,T00017_U003,2026-04-10 11:43:00,Clinic,Bills,1208.03,Card
U003,T00018_U003,2026-07-15 16:33:00,Myntra,Entertainment,2060.54,Wallet
U003,T00019_U003,2026-03-12 08:03:00,Clinic,Healthcare,2197.88,Wallet
U003,T00020_U003,2026-02-22 22:54:00,Amazon,Bills,784.15,UPI
U003,T00021_U003,2026-05-20 14:57:00,Myntra,Bills,2094.51,UPI
U003,T00022_U003,2026-04-24 14:56:00,Swiggy,Travel,1095.75,Card
U003,T00023_U003,2026-09-15 11:15:00,Amazon,Entertainment,999.79,UPI
U003,T00024_U003,2026-06-13 03:53:00,Netflix,Healthcare,2391.82,Card
U003,T00025_U003,2026-08-30 22:53:00,Netflix,Bills,499.0,UPI
U003,T00026_U003,2026-03-18 17:46:00,Local Store,Bills,366.85,Card
U003,T00027_U003,2026-05-02 09:07:00,Flipkart,Food,2032.54,Card
U003,T00028_U003,2026-02-02 03:53:00,Swiggy,Entertainment,4302.03,Card
U003,T00029_U003,2026-08-08 00:39:00,Flipkart,Travel,1809.24,Wallet
U003,T00030_U003,2026-02-13 16:23:00,Swiggy,Food,1037.09,Card
U003,T00031_U003,2026-01-23 20:24:00,Uber,Travel,1893.56,Card
U003,T00032_U003,2026-02-04 11:15:00,Amazon,Healthcare,3489.76,Card
U003,T00033_U003,2026-03-10 01:22:00,Netflix,Bills,2509.21,Wallet
U003,T00034_U003,2026-08-26 22:30:00,Myntra,Healthcare,2047.59,UPI
U003,T00035_U003,2026-08-23 01:18:00,Myntra,Shopping,3437.81,Card
U003,T00036_U003,2026-09-21 12:52:00,Clinic,Bills,707.95,Wallet
U003,T00037_U003,2026-04-08 09:22:00,Netflix,Food,755.72,Card
U003,T00038_U003,2026-08-12 12:47:00,Local Store,Entertainment,913.69,UPI
U003,T00039_U003,2026-09-12 22:31:00,Uber,Travel,2022.76,Wallet
U003,T00040_U003,2026-08-06 02:27:00,Myntra,Bills,1866.89,UPI
U003,T00041_U003,2026-06-17 21:18:00,Clinic,Travel,1546.29,Card
U003,T00042_U003,2026-03-27 22:28:00,Clinic,Travel,201.65,Card
U003,T00043_U003,2026-08-11 08:40:00,Amazon,Food,1710.84,Card
U003,T00044_U003,2026-07-06 16:51:00,Myntra,Healthcare,2386.69,UPI
U003,T00045_U003,2026-08-13 01:08:00,Flipkart,Food,2670.05,Card
U003,T00046_U003,2026-01-17 19:09:00,Clinic,Healthcare,2377.18,Card
U003,T00047_U003,2026-08-16 02:36:00,Amazon,Shopping,1640.64,UPI
U003,T00048_U003,2026-01-14 23:11:00,Local Store,Entertainment,2710.73,Card
U003,T00049_U003,2026-08-17 06:39:00,Clinic,Travel,580.43,UPI
U003,T00050_U003,2026-02-07 14:11:00,Amazon Prime,Bills,499.0,Wallet
U003,T00051_U003,2026-02-03 17:34:00,Uber,Travel,3792.4,Wallet
U003,T00052_U003,2026-03-31 11:32:00,Amazon,Shopping,4518.7,Card
U003,T00053_U003,2026-01-14 11:35:00,Netflix,Bills,1221.77,Wallet
U003,T00054_U003,2026-03-08 19:56:00,Amazon,Food,842.3,Wallet
U003,T00055_U003,2026-09-03 16:26:00,Amazon,Entertainment,582.59,UPI
U003,T00056_U003,2026-08-19 14:43:00,Netflix,Bills,408.0,Wallet
U003,T00057_U003,2026-04-04 04:27:00,Swiggy,Bills,4441.35,UPI
U003,T00058_U003,2026-06-15 22:14:00,Uber,Travel,2130.24,Card
U003,T00059_U003,2026-04-11 20:35:00,Myntra,Travel,1600.05,Wallet
U003,T00060_U003,2026-02-17 16:41:00,Flipkart,Shopping,510.88,Wallet
U003,T00061_U003,2026-06-22 18:02:00,Amazon,Food,209.11,Wallet
U003,T00062_U003,2026-05-16 20:13:00,Local Store,Bills,1583.46,UPI
U003,T00063_U003,2026-09-12 20:34:00,Uber,Travel,1259.07,Wallet
U003,T00064_U003,2026-07-27 09:29:00,Swiggy,Food,479.39,Card
U003,T00065_U003,2026-09-05 14:13:00,Myntra,Travel,1508.84,Wallet
U003,T00066_U003,2026-06-26 12:08:00,Amazon,Travel,865.88,Card
U003,T00067_U003,2026-03-04 08:28:00,Myntra,Shopping,475.98,Wallet
U003,T00068_U003,2026-08-03 07:55:00,Amazon,Shopping,4159.74,UPI
U003,T00069_U003,2026-09-13 16:29:00,Uber,Entertainment,1293.69,UPI
U003,T00070_U003,2026-07-21 16:29:00,Amazon,Shopping,1500.03,UPI
U003,T00071_U003,2026-05-25 15:38:00,Clinic,Healthcare,785.8,UPI
U003,T00072_U003,2026-02-25 13:08:00,Netflix,Travel,1933.26,Card
U003,T00073_U003,2026-01-24 12:03:00,Flipkart,Bills,970.06,Card
U003,T00074_U003,2026-02-07 12:32:00,Uber,Entertainment,2080.75,Wallet
U003,T00075_U003,2026-03-02 04:06:00,Spotify,Bills,299.0,Wallet
U003,T00076_U003,2026-09-18 12:32:00,Swiggy,Food,193.39,Wallet
U003,T00077_U003,2026-06-20 15:33:00,Myntra,Entertainment,1555.03,Wallet
U003,T00078_U003,2026-03-13 10:59:00,Netflix,Bills,490.0,Wallet
U003,T00079_U003,2026-06-03 18:21:00,Clinic,Bills,2593.1,UPI
U003,T00080_U003,2026-07-08 10:43:00,Local Store,Food,1500.89,Wallet
U003,T00081_U003,2026-01-14 19:30:00,Flipkart,Travel,1831.36,Wallet
U003,T00082_U003,2026-09-03 05:33:00,Local Store,Healthcare,793.19,UPI
U003,T00083_U003,2026-02-26 06:01:00,Netflix,Entertainment,1105.07,Card
U003,T00084_U003,2026-04-15 13:32:00,Clinic,Bills,2194.76,Wallet
U003,T00085_U003,2026-02-01 22:08:00,Flipkart,Bills,2890.08,Card
U003,T00086_U003,2026-09-27 12:20:00,Myntra,Shopping,2289.1,Wallet
U003,T00087_U003,2026-07-01 21:49:00,Uber,Healthcare,2117.61,UPI
U003,T00088_U003,2026-05-23 17:19:00,Flipkart,Shopping,1950.82,UPI
U003,T00089_U003,2026-09-08 10:30:00,Uber,Travel,790.69,Wallet
U003,T00090_U003,2026-07-14 12:52:00,Myntra,Travel,797.09,Card
U003,T00091_U003,2026-02-10 11:59:00,Uber,Entertainment,1893.61,UPI
U003,T00092_U003,2026-04-14 17:17:00,Uber,Bills,429.46,Wallet
U003,T00093_U003,2026-05-03 07:03:00,Flipkart,Healthcare,2025.77,Card
U003,T00094_U003,2026-06-19 22:30:00,Myntra,Food,112.44,Wallet
U003,T00095_U003,2026-03-22 13:41:00,Clinic,Entertainment,1661.29,Card
U003,T00096_U003,2026-06-14 09:41:00,Amazon,Food,1665.52,UPI
U003,T00097_U003,2026-01-20 05:26:00,Myntra,Shopping,2493.21,Card
U003,T00098_U003,2026-04-06 23:55:00,Swiggy,Travel,183.07,UPI
U003,T00099_U003,2026-06-21 09:29:00,Clinic,Healthcare,2234.22,UPI
U004,T00000_U004,2026-09-16 14:17:00,Gym,Bills,499.0,Wallet
U004,T00001_U004,2026-04-06 00:47:00,Uber,Travel,2384.3,UPI
U004,T00002_U004,2026-07-27 13:32:00,Amazon,Travel,1062.0,UPI
U004,T00003_U004,2026-04-05 04:30:00,Flipkart,Travel,247.77,Card
U004,T00004_U004,2026-06-18 09:37:00,Swiggy,Healthcare,727.73,Card
U004,T00005_U004,2026-05-01 01:42:00,Clinic,Food,1850.79,Wallet
U004,T00006_U004,2026-06-09 22:07:00,Uber,Healthcare,982.11,UPI
U004,T00007_U004,2026-04-23 04:30:00,Myntra,Shopping,2887.35,Wallet
U004,T00008_U004,2026-08-30 17:51:00,Flipkart,Healthcare,3363.77,Wallet
U004,T00009_U004,2026-02-11 16:28:00,Netflix,Bills,287.45,Wallet
U004,T00010_U004,2026-02-27 01:53:00,Flipkart,Bills,1776.6,Card
U004,T00011_U004,2026-09-24 14:07:00,Flipkart,Healthcare,1820.6,Card
U004,T00012_U004,2026-02-16 16:28:00,Clinic,Food,416.67,Card
U004,T00013_U004,2026-08-22 18:03:00,Clinic,Bills,1714.64,Card
U004,T00014_U004,2026-01-12 12:16:00,Flipkart,Food,1487.95,UPI
U004,T00015_U004,2026-08-05 11:44:00,Swiggy,Food,2940.97,Card
U004,T00016_U004,2026-01-17 09:26:00,Flipkart,Shopping,1937.99,Wallet
U004,T00017_U004,2026-08-04 11:57:00,Clinic,Entertainment,4211.05,Card
U004,T00018_U004,2026-02-11 21:42:00,Myntra,Bills,1668.48,Card
U004,T00019_U004,2026-03-02 05:34:00,Myntra,Entertainment,2545.25,UPI
U004,T00020_U004,2026-01-12 09:29:00,Local Store,Healthcare,1376.64,UPI
U004,T00021_U004,2026-05-07 14:22:00,Flipkart,Shopping,552.35,UPI
U004,T00022_U004,2026-01-17 21:26:00,Swiggy,Bills,677.6,UPI
U004,T00023_U004,2026-02-21 19:02:00,Swiggy,Entertainment,687.36,UPI
U004,T00024_U004,2026-07-25 14:14:00,Flipkart,Bills,1910.53,UPI
U004,T00025_U004,2026-03-13 16:18:00,Amazon Prime,Bills,299.0,Card
U004,T00026_U004,2026-03-15 21:33:00,Amazon,Shopping,821.2,Wallet
U004,T00027_U004,2026-03-31 20:43:00,Clinic,Entertainment,313.58,Wallet
U004,T00028_U004,2026-07-15 16:20:00,Local Store,Healthcare,1079.82,Card
U004,T00029_U004,2026-07-12 05:48:00,Clinic,Bills,678.32,UPI
U004,T00030_U004,2026-06-03 22:09:00,Swiggy,Entertainment,2862.09,Wallet
U004,T00031_U004,2026-03-10 12:15:00,Flipkart,Travel,892.63,UPI
U004,T00032_U004,2026-08-19 11:05:00,Flipkart,Bills,223.69,Card
U004,T00033_U004,2026-01-21 02:12:00,Flipkart,Bills,2136.72,Card
U004,T00034_U004,2026-06-05 00:13:00,Flipkart,Shopping,5939.12,Wallet
U004,T00035_U004,2026-04-15 12:58:00,Myntra,Shopping,1961.23,Card
U004,T00036_U004,2026-07-03 09:16:00,Clinic,Travel,2244.62,Wallet
U004,T00037_U004,2026-08-29 10:58:00,Amazon,Shopping,1052.34,Wallet
U004,T00038_U004,2026-03-16 00:16:00,Local Store,Bills,1000.34,UPI
U004,T00039_U004,2026-07-14 18:53:00,Flipkart,Shopping,1421.54,Card
U004,T00040_U004,2026-05-12 15:46:00,Clinic,Healthcare,1205.99,Wallet
U004,T00041_U004,2026-06-30 05:08:00,Clinic,Healthcare,1035.48,Wallet
U004,T00042_U004,2026-01-31 16:02:00,Swiggy,Food,2959.49,Wallet
U004,T00043_U004,2026-04-29 02:45:00,Flipkart,Shopping,1117.06,Wallet
U004,T00044_U004,2026-09-05 21:31:00,Swiggy,Food,2106.0,UPI
U004,T00045_U004,2026-05-21 17:18:00,Local Store,Food,2034.8,UPI
U004,T00046_U004,2026-02-24 03:33:00,Myntra,Shopping,823.31,Card
U004,T00047_U004,2026-07-23 02:23:00,Clinic,Entertainment,2610.85,UPI
U004,T00048_U004,2026-06-03 21:52:00,Swiggy,Food,487.71,Wallet
U004,T00049_U004,2026-09-01 01:40:00,Myntra,Food,868.75,Card
U004,T00050_U004,2026-02-18 16:58:00,Gym,Bills,499.0,UPI
U004,T00051_U004,2026-02-08 21:59:00,Swiggy,Travel,530.45,Card
U004,T00052_U004,2026-01-09 06:37:00,Myntra,Shopping,2329.3,UPI
U004,T00053_U004,2026-05-04 18:53:00,Netflix,Entertainment,1829.84,Wallet
U004,T00054_U004,2026-02-10 16:47:00,Swiggy,Travel,334.45,UPI
U004,T00055_U004,2026-02-08 10:38:00,Local Store,Bills,2425.41,Card
U004,T00056_U004,2026-01-16 20:17:00,Clinic,Entertainment,647.53,Wallet
U004,T00057_U004,2026-07-12 13:11:00,Local Store,Healthcare,305.67,Wallet
U004,T00058_U004,2026-06-01 07:45:00,Amazon,Food,1117.67,Wallet
U004,T00059_U004,2026-03-20 23:24:00,Netflix,Travel,392.59,Card
U004,T00060_U004,2026-08-16 11:48:00,Amazon,Travel,418.02,UPI
U004,T00061_U004,2026-08-09 14:35:00,Local Store,Bills,347.9,UPI
U004,T00062_U004,2026-07-01 17:05:00,Netflix,Bills,2628.96,Card
U004,T00063_U004,2026-07-18 02:46:00,Flipkart,Bills,1794.8,Card
U004,T00064_U004,2026-03-28 04:17:00,Uber,Travel,2254.08,Card
U004,T00065_U004,2026-06-03 15:50:00,Netflix,Food,983.79,Wallet
U004,T00066_U004,2026-09-11 19:39:00,Myntra,Shopping,356.73,UPI
U004,T00067_U004,2026-07-22 10:53:00,Local Store,Bills,2029.78,Card
U004,T00068_U004,2026-08-14 10:27:00,Myntra,Healthcare,821.04,Wallet
U004,T00069_U004,2026-04-13 15:20:00,Myntra,Shopping,2424.94,Wallet
U004,T00070_U004,2026-09-09 18:50:00,Myntra,Shopping,1002.53,Card
U004,T00071_U004,2026-02-28 18:12:00,Myntra,Bills,2847.36,Wallet
U004,T00072_U004,2026-08-25 22:13:00,Uber,Entertainment,2095.08,UPI
U004,T00073_U004,2026-07-29 21:31:00,Flipkart,Shopping,1175.78,Card
U004,T00074_U004,2026-07-13 02:28:00,Clinic,Bills,2207.23,Wallet
U004,T00075_U004,2026-08-03 17:02:00,Amazon Prime,Bills,299.0,Wallet
U004,T00076_U004,2026-01-23 18:41:00,Local Store,Healthcare,2420.35,Card
U004,T00077_U004,2026-08-09 03:00:00,Uber,Food,1026.91,Wallet
U004,T00078_U004,2026-04-24 14:23:00,Clinic,Entertainment,1953.62,Wallet
U004,T00079_U004,2026-09-14 04:22:00,Clinic,Food,488.19,UPI
U004,T00080_U004,2026-03-01 23:09:00,Uber,Travel,2471.62,Card
U004,T00081_U004,2026-09-01 03:28:00,Clinic,Healthcare,2077.8,UPI
U004,T00082_U004,2026-01-12 10:41:00,Myntra,Food,2331.81,Wallet
U004,T00083_U004,2026-05-05 16:11:00,Myntra,Bills,1378.32,Card
U004,T00084_U004,2026-04-29 12:40:00,Amazon,Shopping,2530.55,Wallet
U004,T00085_U004,2026-04-12 14:37:00,Local Store,Entertainment,110.68,UPI
U004,T00086_U004,2026-04-16 08:48:00,Amazon,Healthcare,1485.63,Wallet
U004,T00087_U004,2026-04-06 11:20:00,Flipkart,Shopping,373.49,Card
U004,T00088_U004,2026-09-28 20:20:00,Local Store,Bills,2616.5,Card
U004,T00089_U004,2026-06-30 14:39:00,Flipkart,Shopping,3854.0,UPI
U004,T00090_U004,2026-06-10 03:15:00,Amazon,Travel,855.02,Wallet
U004,T00091_U004,2026-07-18 13:38:00,Myntra,Shopping,1115.29,Wallet
U004,T00092_U004,2026-03-30 17:10:00,Uber,Entertainment,633.96,Card
U004,T00093_U004,2026-01-28 11:00:00,Myntra,Entertainment,856.53,Wallet
U004,T00094_U004,2026-09-16 20:31:00,Clinic,Entertainment,1097.51,Card
U004,T00095_U004,2026-09-08 05:05:00,Swiggy,Bills,2010.11,UPI
U004,T00096_U004,2026-05-30 01:17:00,Myntra,Shopping,1277.55,Wallet
U004,T00097_U004,2026-09-19 03:36:00,Uber,Food,3286.0,Card
U004,T00098_U004,2026-01-22 23:28:00,Flipkart,Bills,2900.48,Wallet
U004,T00099_U004,2026-05-07 09:55:00,Clinic,Food,730.76,UPI
U005,T00000_U005,2026-08-13 03:49:00,Gym,Bills,299.0,Wallet
U005,T00001_U005,2026-03-13 06:52:00,Flipkart,Shopping,1468.18,Card
U005,T00002_U005,2026-03-28 10:45:00,Uber,Travel,2892.98,Wallet
U005,T00003_U005,2026-02-18 04:48:00,Swiggy,Entertainment,4236.55,UPI
U005,T00004_U005,2026-03-09 07:09:00,Netflix,Healthcare,2088.36,Wallet
U005,T00005_U005,2026-07-21 15:09:00,Uber,Bills,1606.75,Card
U005,T00006_U005,2026-08-20 02:40:00,Local Store,Food,1731.7,Card
U005,T00007_U005,2026-08-21 15:20:00,Swiggy,Bills,2185.38,Wallet
U005,T00008_U005,2026-02-17 23:29:00,Netflix,Healthcare,3546.35,Card
U005,T00009_U005,2026-04-22 13:52:00,Myntra,Shopping,744.49,Card
U005,T00010_U005,2026-03-08 18:54:00,Netflix,Entertainment,2245.97,UPI
U005,T00011_U005,2026-01-24 03:40:00,Swiggy,Entertainment,677.03,Card
U005,T00012_U005,2026-08-22 00:27:00,Myntra,Shopping,2907.37,UPI
U005,T00013_U005,2026-07-04 08:05:00,Myntra,Travel,381.4,Wallet
U005,T00014_U005,2026-04-30 13:41:00,Amazon,Food,162.27,UPI
U005,T00015_U005,2026-04-26 16:43:00,Swiggy,Entertainment,119.35,Card
U005,T00016_U005,2026-03-03 13:44:00,Flipkart,Shopping,406.72,UPI
U005,T00017_U005,2026-02-22 10:23:00,Myntra,Travel,1018.53,UPI
U005,T00018_U005,2026-03-15 02:33:00,Swiggy,Bills,1901.01,Card
U005,T00019_U005,2026-04-20 20:47:00,Myntra,Shopping,1578.58,UPI
U005,T00020_U005,2026-02-14 03:08:00,Local Store,Food,1321.7,UPI
U005,T00021_U005,2026-05-07 08:41:00,Flipkart,Food,1428.15,Wallet
U005,T00022_U005,2026-05-26 22:01:00,Uber,Healthcare,593.07,Wallet
U005,T00023_U005,2026-09-18 06:47:00,Uber,Entertainment,1650.81,UPI
U005,T00024_U005,2026-09-11 12:07:00,Amazon,Shopping,1631.4,Wallet
U005,T00025_U005,2026-01-07 11:59:00,Gym,Bills,499.0,Wallet
U005,T00026_U005,2026-03-30 15:49:00,Swiggy,Food,1828.27,UPI
U005,T00027_U005,2026-01-21 01:50:00,Uber,Entertainment,2333.61,Card
U005,T00028_U005,2026-08-05 22:25:00,Myntra,Food,1109.0,Wallet
U005,T00029_U005,2026-04-15 04:34:00,Local Store,Travel,2463.56,Wallet
U005,T00030_U005,2026-02-03 09:44:00,Flipkart,Entertainment,303.25,Card
U005,T00031_U005,2026-03-01 14:39:00,Swiggy,Bills,1510.54,Wallet
U005,T00032_U005,2026-03-31 03:00:00,Myntra,Healthcare,4195.28,Wallet
U005,T00033_U005,2026-09-22 23:16:00,Myntra,Shopping,666.35,Wallet
U005,T00034_U005,2026-03-02 00:21:00,Uber,Entertainment,3412.15,Wallet
U005,T00035_U005,2026-02-09 15:29:00,Netflix,Bills,233.05,Wallet
U005,T00036_U005,2026-03-27 11:10:00,Amazon,Travel,2246.24,Wallet
U005,T00037_U005,2026-03-01 07:47:00,Swiggy,Bills,388.83,UPI
U005,T00038_U005,2026-01-24 15:23:00,Myntra,Entertainment,529.51,UPI
U005,T00039_U005,2026-08-03 07:20:00,Amazon,Shopping,3345.84,Wallet
U005,T00040_U005,2026-07-10 03:32:00,Swiggy,Healthcare,882.12,UPI
U005,T00041_U005,2026-07-25 02:56:00,Uber,Entertainment,2577.62,UPI
U005,T00042_U005,2026-08-22 00:23:00,Flipkart,Shopping,1907.58,UPI
U005,T00043_U005,2026-08-26 11:37:00,Flipkart,Entertainment,1857.91,Wallet
U005,T00044_U005,2026-05-06 04:00:00,Swiggy,Entertainment,884.97,Wallet
U005,T00045_U005,2026-01-05 10:00:00,Local Store,Healthcare,3808.74,UPI
U005,T00046_U005,2026-04-16 16:15:00,Clinic,Entertainment,2406.84,UPI
U005,T00047_U005,2026-05-24 02:02:00,Flipkart,Shopping,2424.89,UPI
U005,T00048_U005,2026-02-18 16:08:00,Local Store,Healthcare,279.59,Wallet
U005,T00049_U005,2026-02-01 13:42:00,Myntra,Shopping,1504.63,Wallet
U005,T00050_U005,2026-06-17 10:28:00,Spotify,Bills,299.0,Wallet
U005,T00051_U005,2026-02-25 04:06:00,Flipkart,Shopping,1687.13,Card
U005,T00052_U005,2026-04-17 14:19:00,Uber,Entertainment,2145.96,UPI
U005,T00053_U005,2026-03-22 21:19:00,Swiggy,Healthcare,616.05,Card
U005,T00054_U005,2026-03-17 02:45:00,Myntra,Shopping,1192.1,Card
U005,T00055_U005,2026-03-31 00:25:00,Flipkart,Entertainment,694.54,UPI
U005,T00056_U005,2026-01-07 01:53:00,Flipkart,Shopping,794.45,Wallet
U005,T00057_U005,2026-02-13 18:37:00,Amazon,Travel,152.32,UPI
U005,T00058_U005,2026-04-12 20:28:00,Myntra,Shopping,2272.19,UPI
U005,T00059_U005,2026-01-22 14:03:00,Myntra,Shopping,2072.04,Card
U005,T00060_U005,2026-01-16 12:43:00,Myntra,Entertainment,949.46,UPI
U005,T00061_U005,2026-05-21 08:28:00,Flipkart,Shopping,1573.86,UPI
U005,T00062_U005,2026-06-01 15:26:00,Clinic,Bills,350.76,UPI
U005,T00063_U005,2026-08-03 06:41:00,Flipkart,Bills,2972.21,UPI
U005,T00064_U005,2026-07-15 22:22:00,Clinic,Entertainment,925.68,Wallet
U005,T00065_U005,2026-09-15 10:24:00,Myntra,Travel,162.55,Wallet
U005,T00066_U005,2026-04-23 00:57:00,Swiggy,Travel,2918.67,Card
U005,T00067_U005,2026-04-30 05:06:00,Flipkart,Shopping,1370.62,UPI
U005,T00068_U005,2026-04-23 18:54:00,Netflix,Entertainment,2344.49,UPI
U005,T00069_U005,2026-04-01 07:37:00,Netflix,Travel,2804.02,Wallet
U005,T00070_U005,2026-06-30 18:36:00,Myntra,Shopping,3896.39,Wallet
U005,T00071_U005,2026-06-08 05:31:00,Amazon,Food,234.8,Wallet
U005,T00072_U005,2026-04-23 00:33:00,Swiggy,Entertainment,1371.03,UPI
U005,T00073_U005,2026-06-24 22:11:00,Swiggy,Travel,152.59,Wallet
U005,T00074_U005,2026-03-14 03:54:00,Netflix,Bills,3274.9,Wallet
U005,T00075_U005,2026-07-22 18:06:00,Spotify,Bills,999.0,Wallet
U005,T00076_U005,2026-09-07 20:20:00,Flipkart,Shopping,635.77,UPI
U005,T00077_U005,2026-07-13 09:46:00,Uber,Healthcare,405.64,Wallet
U005,T00078_U005,2026-01-01 22:36:00,Swiggy,Entertainment,781.1,Wallet
U005,T00079_U005,2026-04-24 20:36:00,Clinic,Food,437.54,Wallet
U005,T00080_U005,2026-02-09 07:22:00,Myntra,Travel,1626.85,UPI
U005,T00081_U005,2026-06-21 14:00:00,Flipkart,Travel,698.9,UPI
U005,T00082_U005,2026-06-29 08:50:00,Swiggy,Food,334.23,Card
U005,T00083_U005,2026-03-27 13:31:00,Netflix,Entertainment,1410.46,UPI
U005,T00084_U005,2026-09-03 18:41:00,Flipkart,Healthcare,617.37,UPI
U005,T00085_U005,2026-05-31 00:20:00,Amazon,Travel,506.34,Wallet
U005,T00086_U005,2026-02-08 17:57:00,Netflix,Food,1525.67,Wallet
U005,T00087_U005,2026-09-05 22:01:00,Myntra,Entertainment,2410.11,UPI
U005,T00088_U005,2026-02-21 10:13:00,Flipkart,Shopping,1773.27,Wallet
U005,T00089_U005,2026-05-16 21:18:00,Flipkart,Travel,330.2,Card
U005,T00090_U005,2026-09-09 04:03:00,Swiggy,Travel,1471.1,Wallet
U005,T00091_U005,2026-09-03 06:06:00,Flipkart,Food,731.06,UPI
U005,T00092_U005,2026-08-31 03:19:00,Clinic,Entertainment,2562.96,Wallet
U005,T00093_U005,2026-07-18 05:23:00,Netflix,Entertainment,547.8,UPI
U005,T00094_U005,2026-05-15 14:29:00,Flipkart,Travel,2108.99,Wallet
U005,T00095_U005,2026-02-01 04:48:00,Amazon,Healthcare,666.91,Wallet
U005,T00096_U005,2026-04-27 17:03:00,Local Store,Entertainment,2417.51,Wallet
U005,T00097_U005,2026-09-01 18:56:00,Flipkart,Shopping,1238.82,UPI
U005,T00098_U005,2026-09-15 18:57:00,Myntra,Bills,388.68,Card
U005,T00099_U005,2026-03-30 05:13:00,Flipkart,Shopping,255.6,Card
U006,T00000_U006,2026-04-14 20:09:00,Netflix,Bills,199.0,Card
U006,T00001_U006,2026-07-23 17:20:00,Clinic,Travel,2301.19,UPI
U006,T00002_U006,2026-09-25 13:07:00,Myntra,Entertainment,455.68,Wallet
U006,T00003_U006,2026-02-21 03:36:00,Uber,Food,3744.42,Card
U006,T00004_U006,2026-05-16 12:41:00,Clinic,Entertainment,189.92,Card
U006,T00005_U006,2026-07-26 04:39:00,Local Store,Bills,332.62,Card
U006,T00006_U006,2026-05-02 01:47:00,Uber,Entertainment,4581.61,Card
U006,T00007_U006,2026-06-09 08:53:00,Amazon,Entertainment,2433.99,UPI
U006,T00008_U006,2026-03-10 09:47:00,Netflix,Entertainment,746.61,Card
U006,T00009_U006,2026-02-15 06:28:00,Flipkart,Shopping,1878.27,Card
U006,T00010_U006,2026-01-29 16:50:00,Amazon,Shopping,1359.32,Wallet
U006,T00011_U006,2026-01-15 05:12:00,Myntra,Shopping,698.78,UPI
U006,T00012_U006,2026-07-04 22:12:00,Netflix,Travel,3330.78,Wallet
U006,T00013_U006,2026-03-05 21:01:00,Myntra,Shopping,1982.05,Wallet
U006,T00014_U006,2026-06-29 11:10:00,Amazon,Travel,1183.51,UPI
U006,T00015_U006,2026-04-20 07:41:00,Myntra,Shopping,745.8,Wallet
U006,T00016_U006,2026-01-11 21:00:00,Myntra,Entertainment,1653.69,Wallet
U006,T00017_U006,2026-01-05 07:16:00,Uber,Bills,3200.19,Card
U006,T00018_U006,2026-08-05 12:54:00,Clinic,Travel,1108.9,Wallet
U006,T00019_U006,2026-09-24 19:25:00,Amazon,Bills,117.63,Wallet
U006,T00020_U006,2026-07-11 17:41:00,Uber,Bills,816.34,UPI
U006,T00021_U006,2026-09-04 02:21:00,Netflix,Travel,4879.48,Wallet
U006,T00022_U006,2026-06-02 06:09:00,Flipkart,Bills,4166.83,Wallet
U006,T00023_U006,2026-07-26 21:20:00,Myntra,Healthcare,1831.08,Wallet
U006,T00024_U006,2026-09-12 09:16:00,Local Store,Entertainment,1031.86,UPI
U006,T00025_U006,2026-04-08 10:46:00,Gym,Bills,499.0,Wallet
U006,T00026_U006,2026-06-03 05:53:00,Myntra,Healthcare,1269.31,Wallet
U006,T00027_U006,2026-05-13 23:51:00,Myntra,Bills,4103.95,Wallet
U006,T00028_U006,2026-02-15 07:22:00,Myntra,Shopping,1109.13,Card
U006,T00029_U006,2026-05-14 18:18:00,Amazon,Entertainment,1229.29,Wallet
U006,T00030_U006,2026-02-06 15:56:00,Myntra,Shopping,2181.99,Wallet
U006,T00031_U006,2026-06-02 13:03:00,Flipkart,Shopping,3658.27,Card
U006,T00032_U006,2026-03-15 10:55:00,Myntra,Healthcare,1969.46,Card
U006,T00033_U006,2026-06-20 20:11:00,Swiggy,Travel,111.31,Card
U006,T00034_U006,2026-04-18 05:36:00,Amazon,Shopping,1984.51,UPI
U006,T00035_U006,2026-08-11 20:27:00,Local Store,Entertainment,2416.79,Card
U006,T00036_U006,2026-01-03 01:34:00,Flipkart,Shopping,7423.21,UPI
U006,T00037_U006,2026-01-10 21:00:00,Flipkart,Healthcare,643.04,Card
U006,T00038_U006,2026-06-09 04:06:00,Uber,Entertainment,839.77,Card
U006,T00039_U006,2026-05-29 14:46:00,Netflix,Bills,1995.74,UPI
U006,T00040_U006,2026-06-25 15:22:00,Myntra,Shopping,2375.4,UPI
U006,T00041_U006,2026-04-27 07:46:00,Flipkart,Shopping,1861.78,Wallet
U006,T00042_U006,2026-03-28 03:23:00,Swiggy,Healthcare,2809.18,Wallet
U006,T00043_U006,2026-01-25 19:03:00,Amazon,Healthcare,1668.56,UPI
U006,T00044_U006,2026-01-25 22:07:00,Clinic,Entertainment,1012.61,Wallet
U006,T00045_U006,2026-05-10 15:44:00,Flipkart,Shopping,1768.46,UPI
U006,T00046_U006,2026-06-04 13:42:00,Uber,Food,2807.62,Card
U006,T00047_U006,2026-02-23 16:46:00,Amazon,Bills,778.5,UPI
U006,T00048_U006,2026-09-12 06:38:00,Amazon,Shopping,2095.6,Card
U006,T00049_U006,2026-07-29 09:10:00,Clinic,Food,3999.78,Card
U006,T00050_U006,2026-06-19 07:00:00,Gym,Bills,299.0,UPI
U006,T00051_U006,2026-09-19 02:46:00,Amazon,Healthcare,3523.13,Card
U006,T00052_U006,2026-06-01 08:29:00,Amazon,Food,3896.68,Card
U006,T00053_U006,2026-07-04 21:20:00,Amazon,Entertainment,592.55,UPI
U006,T00054_U006,2026-01-05 04:42:00,Myntra,Healthcare,3011.12,Card
U006,T00055_U006,2026-02-17 11:52:00,Myntra,Travel,373.2,Card
U006,T00056_U006,2026-08-22 08:53:00,Clinic,Entertainment,2019.76,Wallet
U006,T00057_U006,2026-03-27 03:08:00,Swiggy,Healthcare,4152.81,UPI
U006,T00058_U006,2026-08-02 18:30:00,Clinic,Bills,804.57,Card
U006,T00059_U006,2026-01-15 21:56:00,Myntra,Healthcare,1259.39,Card
U006,T00060_U006,2026-02-27 13:28:00,Amazon,Food,727.87,Card
U006,T00061_U006,2026-01-07 22:55:00,Flipkart,Healthcare,2446.95,Wallet
U006,T00062_U006,2026-06-23 16:33:00,Amazon,Healthcare,1138.83,Wallet
U006,T00063_U006,2026-05-08 15:22:00,Local Store,Healthcare,456.77,Wallet
U006,T00064_U006,2026-01-28 00:41:00,Myntra,Shopping,4684.47,Card
U006,T00065_U006,2026-05-04 10:17:00,Flipkart,Food,2135.92,UPI
U006,T00066_U006,2026-02-10 14:28:00,Clinic,Bills,311.25,Card
U006,T00067_U006,2026-08-17 10:07:00,Swiggy,Entertainment,346.34,Card
U006,T00068_U006,2026-01-19 17:35:00,Amazon,Food,2000.28,Wallet
U006,T00069_U006,2026-06-05 16:35:00,Amazon,Shopping,3549.07,UPI
U006,T00070_U006,2026-08-21 10:35:00,Clinic,Bills,1819.98,Card
U006,T00071_U006,2026-08-20 03:06:00,Flipkart,Healthcare,141.97,Wallet
U006,T00072_U006,2026-05-30 17:33:00,Amazon,Travel,279.4,UPI
U006,T00073_U006,2026-07-29 03:16:00,Flipkart,Bills,1470.59,Card
U006,T00074_U006,2026-04-08 22:21:00,Local Store,Food,211.6,Wallet
U006,T00075_U006,2026-03-05 14:29:00,Netflix,Bills,999.0,Wallet
U006,T00076_U006,2026-09-05 16:49:00,Myntra,Shopping,2414.16,Wallet
U006,T00077_U006,2026-06-14 16:56:00,Local Store,Entertainment,2450.8,Wallet
U006,T00078_U006,2026-05-08 08:25:00,Uber,Travel,1186.83,UPI
U006,T00079_U006,2026-03-12 13:38:00,Uber,Healthcare,2123.38,Wallet
U006,T00080_U006,2026-06-10 22:47:00,Flipkart,Bills,582.13,Wallet
U006,T00081_U006,2026-05-29 21:22:00,Myntra,Healthcare,4223.12,UPI
U006,T00082_U006,2026-09-15 17:44:00,Netflix,Healthcare,1804.85,Card
U006,T00083_U006,2026-09-03 18:36:00,Local Store,Healthcare,3290.48,Wallet
U006,T00084_U006,2026-05-27 13:51:00,Amazon,Food,160.65,UPI
U006,T00085_U006,2026-01-28 21:03:00,Myntra,Shopping,2525.21,Wallet
U006,T00086_U006,2026-05-09 04:53:00,Uber,Food,871.92,Card
U006,T00087_U006,2026-08-20 03:39:00,Flipkart,Healthcare,2809.31,UPI
U006,T00088_U006,2026-09-19 22:18:00,Swiggy,Healthcare,2323.56,Card
U006,T00089_U006,2026-08-02 21:20:00,Swiggy,Bills,183.7,Wallet
U006,T00090_U006,2026-08-15 07:58:00,Netflix,Healthcare,1912.26,Wallet
U006,T00091_U006,2026-04-11 23:12:00,Clinic,Travel,829.67,UPI
U006,T00092_U006,2026-03-30 23:32:00,Local Store,Food,361.24,UPI
U006,T00093_U006,2026-05-11 00:21:00,Myntra,Entertainment,342.76,Wallet
U006,T00094_U006,2026-01-27 20:39:00,Uber,Healthcare,1277.32,Wallet
U006,T00095_U006,2026-07-03 02:50:00,Netflix,Healthcare,3917.43,Wallet
U006,T00096_U006,2026-03-23 13:34:00,Local Store,Bills,320.67,UPI
U006,T00097_U006,2026-04-20 21:21:00,Netflix,Travel,804.58,Wallet
U006,T00098_U006,2026-09-01 17:52:00,Swiggy,Healthcare,554.29,UPI
U006,T00099_U006,2026-05-05 01:43:00,Local Store,Travel,6159.11,Wallet
U007,T00000_U007,2026-05-25 00:58:00,Gym,Bills,199.0,Card
U007,T00001_U007,2026-04-09 10:32:00,Amazon,Food,501.75,Wallet
U007,T00002_U007,2026-01-04 20:04:00,Amazon,Shopping,3349.48,UPI
U007,T00003_U007,2026-08-11 20:52:00,Myntra,Food,157.01,Wallet
U007,T00004_U007,2026-06-19 01:05:00,Swiggy,Food,672.86,UPI
U007,T00005_U007,2026-04-27 08:26:00,Clinic,Entertainment,1612.52,Card
U007,T00006_U007,2026-06-11 00:24:00,Amazon,Healthcare,2143.19,Wallet
U007,T00007_U007,2026-02-02 23:37:00,Amazon,Food,2000.9,Wallet
U007,T00008_U007,2026-06-04 19:05:00,Clinic,Travel,1886.29,UPI
U007,T00009_U007,2026-08-31 05:34:00,Flipkart,Shopping,3476.78,Card
U007,T00010_U007,2026-03-15 09:43:00,Netflix,Healthcare,2397.74,UPI
U007,T00011_U007,2026-03-14 03:02:00,Local Store,Food,2448.94,Card
U007,T00012_U007,2026-04-18 23:47:00,Netflix,Healthcare,1054.53,Wallet
U007,T00013_U007,2026-03-14 05:11:00,Amazon,Shopping,566.38,Wallet
U007,T00014_U007,2026-01-28 17:29:00,Amazon,Healthcare,1000.06,UPI
U007,T00015_U007,2026-04-12 23:37:00,Netflix,Entertainment,1502.61,UPI
U007,T00016_U007,2026-02-21 09:39:00,Flipkart,Food,862.69,Card
U007,T00017_U007,2026-06-18 19:42:00,Myntra,Travel,1457.32,Card
U007,T00018_U007,2026-06-11 13:10:00,Netflix,Food,690.82,UPI
U007,T00019_U007,2026-08-12 08:53:00,Myntra,Travel,1730.99,Card
U007,T00020_U007,2026-09-03 14:28:00,Uber,Travel,1632.94,Wallet
U007,T00021_U007,2026-02-11 08:54:00,Flipkart,Shopping,731.76,UPI
U007,T00022_U007,2026-02-08 00:54:00,Swiggy,Bills,3086.24,Wallet
U007,T00023_U007,2026-04-19 01:35:00,Clinic,Travel,2010.0,Card
U007,T00024_U007,2026-04-25 18:46:00,Myntra,Travel,1215.28,Wallet
U007,T00025_U007,2026-02-16 12:23:00,Spotify,Bills,299.0,Card
U007,T00026_U007,2026-03-23 05:36:00,Myntra,Bills,1866.21,Card
U007,T00027_U007,2026-07-03 01:14:00,Flipkart,Entertainment,423.94,UPI
U007,T00028_U007,2026-09-23 11:24:00,Clinic,Entertainment,2215.72,UPI
U007,T00029_U007,2026-06-15 03:45:00,Uber,Bills,2701.82,Wallet
U007,T00030_U007,2026-03-31 12:41:00,Netflix,Entertainment,2897.88,UPI
U007,T00031_U007,2026-09-22 08:24:00,Myntra,Shopping,946.96,Card
U007,T00032_U007,2026-09-04 19:00:00,Myntra,Bills,1599.56,Wallet
U007,T00033_U007,2026-05-24 06:09:00,Flipkart,Shopping,969.34,UPI
U007,T00034_U007,2026-04-28 13:51:00,Amazon,Travel,1987.74,UPI
U007,T00035_U007,2026-03-24 20:53:00,Swiggy,Entertainment,684.81,UPI
U007,T00036_U007,2026-03-24 04:40:00,Swiggy,Bills,2691.78,UPI
U007,T00037_U007,2026-05-13 05:33:00,Swiggy,Entertainment,2208.42,Wallet
U007,T00038_U007,2026-05-26 02:13:00,Clinic,Entertainment,2660.15,Card
U007,T00039_U007,2026-03-15 18:52:00,Flipkart,Shopping,502.53,Card
U007,T00040_U007,2026-08-21 19:37:00,Flipkart,Food,1007.71,UPI
U007,T00041_U007,2026-02-25 00:12:00,Local Store,Bills,3175.16,UPI
U007,T00042_U007,2026-09-01 19:38:00,Amazon,Food,559.12,Wallet
U007,T00043_U007,2026-01-01 21:41:00,Local Store,Entertainment,1221.05,Wallet
U007,T00044_U007,2026-08-08 07:51:00,Local Store,Entertainment,941.24,Wallet
U007,T00045_U007,2026-02-20 13:08:00,Clinic,Travel,1938.06,UPI
U007,T00046_U007,2026-05-26 19:56:00,Local Store,Bills,718.73,UPI
U007,T00047_U007,2026-01-04 18:33:00,Swiggy,Food,1364.43,Card
U007,T00048_U007,2026-07-29 11:06:00,Flipkart,Shopping,2334.13,Card
U007,T00049_U007,2026-07-07 19:17:00,Local Store,Healthcare,1911.93,Card
U007,T00050_U007,2026-09-05 05:23:00,Amazon Prime,Bills,999.0,Wallet
U007,T00051_U007,2026-03-12 21:07:00,Flipkart,Healthcare,1171.83,Wallet
U007,T00052_U007,2026-03-24 03:13:00,Local Store,Bills,3298.93,Wallet
U007,T00053_U007,2026-01-27 05:24:00,Swiggy,Healthcare,2030.49,UPI
U007,T00054_U007,2026-08-30 19:27:00,Amazon,Food,1094.69,Wallet
U007,T00055_U007,2026-01-20 23:24:00,Uber,Entertainment,2744.74,UPI
U007,T00056_U007,2026-09-11 14:00:00,Flipkart,Shopping,567.39,Wallet
U007,T00057_U007,2026-09-22 22:14:00,Myntra,Bills,1717.66,Card
U007,T00058_U007,2026-05-03 20:00:00,Myntra,Shopping,4545.41,Wallet
U007,T00059_U007,2026-07-22 12:37:00,Amazon,Shopping,1868.62,UPI
U007,T00060_U007,2026-05-26 23:53:00,Netflix,Bills,1560.48,UPI
U007,T00061_U007,2026-04-10 14:59:00,Swiggy,Entertainment,726.66,Card
U007,T00062_U007,2026-09-17 03:35:00,Uber,Food,1082.53,Wallet
U007,T00063_U007,2026-05-12 17:52:00,Uber,Bills,1766.06,Card
U007,T00064_U007,2026-09-05 07:48:00,Clinic,Travel,3327.96,UPI
U007,T00065_U007,2026-09-04 03:16:00,Local Store,Food,5089.88,UPI
U007,T00066_U007,2026-06-11 13:22:00,Swiggy,Bills,1781.96,Card
U007,T00067_U007,2026-05-08 09:05:00,Netflix,Entertainment,282.47,UPI
U007,T00068_U007,2026-09-01 10:22:00,Amazon,Shopping,967.97,Card
U007,T00069_U007,2026-04-13 07:47:00,Amazon,Shopping,596.27,UPI
U007,T00070_U007,2026-07-02 04:49:00,Amazon,Food,6286.07,Wallet
U007,T00071_U007,2026-01-04 17:02:00,Netflix,Entertainment,2533.62,Wallet
U007,T00072_U007,2026-05-21 15:11:00,Uber,Bills,1054.91,Wallet
U007,T00073_U007,2026-03-07 01:33:00,Clinic,Entertainment,2644.37,Card
U007,T00074_U007,2026-07-21 21:49:00,Flipkart,Shopping,2443.62,Wallet
U007,T00075_U007,2026-08-24 10:44:00,Gym,Bills,199.0,Card
U007,T00076_U007,2026-07-05 19:55:00,Myntra,Travel,1968.6,Card
U007,T00077_U007,2026-06-25 11:11:00,Local Store,Entertainment,605.28,Wallet
U007,T00078_U007,2026-07-10 11:54:00,Uber,Entertainment,1181.75,Wallet
U007,T00079_U007,2026-03-09 18:43:00,Amazon,Shopping,1829.96,Wallet
U007,T00080_U007,2026-08-10 12:12:00,Amazon,Shopping,1235.17,UPI
U007,T00081_U007,2026-08-04 15:08:00,Netflix,Healthcare,2858.16,Wallet
U007,T00082_U007,2026-01-25 12:06:00,Myntra,Healthcare,244.09,Card
U007,T00083_U007,2026-09-01 20:06:00,Netflix,Entertainment,1076.66,Wallet
U007,T00084_U007,2026-05-12 11:01:00,Amazon,Entertainment,942.62,Wallet
U007,T00085_U007,2026-04-12 18:36:00,Myntra,Healthcare,2450.5,Card
U007,T00086_U007,2026-07-01 10:43:00,Clinic,Bills,3051.83,UPI
U007,T00087_U007,2026-07-15 19:18:00,Myntra,Entertainment,2183.82,Wallet
U007,T00088_U007,2026-06-22 13:40:00,Local Store,Bills,2137.36,UPI
U007,T00089_U007,2026-02-10 05:21:00,Myntra,Shopping,860.51,Wallet
U007,T00090_U007,2026-05-17 19:41:00,Uber,Entertainment,2230.46,Card
U007,T00091_U007,2026-09-24 14:26:00,Amazon,Shopping,2150.11,Wallet
U007,T00092_U007,2026-05-01 21:16:00,Amazon,Healthcare,918.73,UPI
U007,T00093_U007,2026-02-02 15:35:00,Swiggy,Food,3157.8,UPI
U007,T00094_U007,2026-02-23 08:39:00,Myntra,Shopping,1671.6,Card
U007,T00095_U007,2026-04-28 07:47:00,Clinic,Travel,2092.67,UPI
U007,T00096_U007,2026-01-15 01:42:00,Netflix,Travel,3102.63,Wallet
U007,T00097_U007,2026-05-20 17:28:00,Myntra,Shopping,1517.99,Wallet
U007,T00098_U007,2026-08-11 16:40:00,Uber,Healthcare,2281.42,Card
U007,T00099_U007,2026-04-27 02:28:00,Netflix,Travel,1316.95,UPI
U008,T00000_U008,2026-01-01 16:52:00,Gym,Bills,999.0,Card
U008,T00001_U008,2026-01-05 13:51:00,Flipkart,Travel,3297.2,UPI
U008,T00002_U008,2026-07-30 17:27:00,Flipkart,Entertainment,880.26,Card
U008,T00003_U008,2026-07-13 07:16:00,Local Store,Food,1600.78,Wallet
U008,T00004_U008,2026-05-20 09:41:00,Uber,Healthcare,1090.97,UPI
U008,T00005_U008,2026-04-04 04:18:00,Clinic,Food,3446.0,UPI
U008,T00006_U008,2026-06-14 00:09:00,Swiggy,Food,639.98,Card
U008,T00007_U008,2026-03-06 22:28:00,Swiggy,Healthcare,658.75,UPI
U008,T00008_U008,2026-01-08 15:13:00,Local Store,Travel,847.78,Card
U008,T00009_U008,2026-07-10 14:44:00,Netflix,Food,292.54,UPI
U008,T00010_U008,2026-01-29 08:49:00,Amazon,Entertainment,1888.32,Card
U008,T00011_U008,2026-07-15 00:07:00,Flipkart,Healthcare,1824.4,UPI
U008,T00012_U008,2026-01-18 06:29:00,Amazon,Healthcare,1350.73,UPI
U008,T00013_U008,2026-08-31 12:43:00,Netflix,Travel,856.83,Wallet
U008,T00014_U008,2026-09-24 03:16:00,Uber,Entertainment,993.06,Wallet
U008,T00015_U008,2026-04-22 03:15:00,Local Store,Healthcare,1069.67,Card
U008,T00016_U008,2026-03-03 12:50:00,Flipkart,Shopping,4037.63,Card
U008,T00017_U008,2026-03-21 11:49:00,Flipkart,Food,478.48,UPI
U008,T00018_U008,2026-06-23 20:03:00,Netflix,Food,1646.98,Wallet
U008,T00019_U008,2026-02-24 04:31:00,Myntra,Shopping,4057.33,Card
U008,T00020_U008,2026-04-09 00:44:00,Netflix,Entertainment,2345.06,UPI
U008,T00021_U008,2026-09-06 22:28:00,Uber,Bills,1402.56,Card
U008,T00022_U008,2026-04-08 18:11:00,Netflix,Bills,876.83,Card
U008,T00023_U008,2026-05-21 19:58:00,Myntra,Bills,265.3,UPI
U008,T00024_U008,2026-08-19 09:52:00,Netflix,Travel,1189.79,Wallet
U008,T00025_U008,2026-09-17 12:46:00,Spotify,Bills,499.0,Wallet
U008,T00026_U008,2026-02-02 21:34:00,Flipkart,Entertainment,2169.77,Wallet
U008,T00027_U008,2026-03-20 19:18:00,Local Store,Travel,1638.17,UPI
U008,T00028_U008,2026-02-19 16:42:00,Swiggy,Food,2104.46,UPI
U008,T00029_U008,2026-04-02 01:12:00,Clinic,Food,1062.93,Card
U008,T00030_U008,2026-09-08 16:39:00,Uber,Healthcare,217.81,UPI
U008,T00031_U008,2026-02-06 00:59:00,Myntra,Shopping,3917.04,Wallet
U008,T00032_U008,2026-02-01 11:35:00,Local Store,Healthcare,3804.53,UPI
U008,T00033_U008,2026-05-17 16:02:00,Amazon,Healthcare,2102.7,UPI
U008,T00034_U008,2026-04-21 16:06:00,Flipkart,Food,1375.99,UPI
U008,T00035_U008,2026-04-09 16:42:00,Flipkart,Shopping,1440.22,Card
U008,T00036_U008,2026-02-24 20:36:00,Clinic,Travel,1786.12,Card
U008,T00037_U008,2026-02-23 05:50:00,Flipkart,Shopping,1311.26,UPI
U008,T00038_U008,2026-08-15 11:57:00,Netflix,Travel,2127.65,Card
U008,T00039_U008,2026-08-09 23:20:00,Flipkart,Bills,1814.07,Wallet
U008,T00040_U008,2026-05-11 11:28:00,Local Store,Entertainment,100.47,UPI
U008,T00041_U008,2026-05-26 19:01:00,Myntra,Bills,2484.19,Card
U008,T00042_U008,2026-01-04 09:14:00,Flipkart,Shopping,282.5,Card
U008,T00043_U008,2026-09-19 17:36:00,Myntra,Bills,326.29,Card
U008,T00044_U008,2026-07-02 04:08:00,Netflix,Travel,4003.0,Card
U008,T00045_U008,2026-02-17 18:25:00,Flipkart,Bills,1862.24,Wallet
U008,T00046_U008,2026-06-16 15:11:00,Amazon,Entertainment,1528.55,Card
U008,T00047_U008,2026-01-20 23:51:00,Local Store,Bills,328.47,Card
U008,T00048_U008,2026-06-28 13:26:00,Flipkart,Food,3560.74,UPI
U008,T00049_U008,2026-07-15 01:19:00,Swiggy,Bills,1295.59,Card
U008,T00050_U008,2026-09-15 22:14:00,Gym,Bills,199.0,UPI
U008,T00051_U008,2026-08-10 09:50:00,Myntra,Entertainment,417.25,UPI
U008,T00052_U008,2026-09-01 18:47:00,Local Store,Food,1108.95,Card
U008,T00053_U008,2026-03-08 04:30:00,Flipkart,Bills,1978.2,UPI
U008,T00054_U008,2026-09-26 07:15:00,Uber,Food,1964.25,Card
U008,T00055_U008,2026-02-15 03:42:00,Local Store,Entertainment,1204.53,Card
U008,T00056_U008,2026-01-13 09:10:00,Clinic,Travel,1595.64,Card
U008,T00057_U008,2026-01-23 07:12:00,Netflix,Healthcare,474.38,Wallet
U008,T00058_U008,2026-02-13 03:47:00,Flipkart,Food,4157.49,Card
U008,T00059_U008,2026-01-08 10:44:00,Uber,Food,1180.15,UPI
U008,T00060_U008,2026-06-19 06:47:00,Flipkart,Bills,589.12,Wallet
U008,T00061_U008,2026-05-13 17:30:00,Myntra,Bills,1768.17,Wallet
U008,T00062_U008,2026-01-10 12:37:00,Swiggy,Healthcare,713.1,UPI
U008,T00063_U008,2026-05-26 06:50:00,Uber,Healthcare,227.4,Wallet
U008,T00064_U008,2026-01-05 02:24:00,Uber,Healthcare,4414.01,UPI
U008,T00065_U008,2026-01-10 09:55:00,Local Store,Healthcare,654.8,Card
U008,T00066_U008,2026-09-18 22:06:00,Clinic,Travel,2180.25,Wallet
U008,T00067_U008,2026-02-15 05:12:00,Clinic,Bills,1445.65,Wallet
U008,T00068_U008,2026-01-12 01:15:00,Uber,Bills,1238.62,UPI
U008,T00069_U008,2026-01-10 11:43:00,Netflix,Travel,1600.55,UPI
U008,T00070_U008,2026-09-14 08:51:00,Uber,Food,2208.83,UPI
U008,T00071_U008,2026-05-24 07:09:00,Local Store,Travel,1676.64,UPI
U008,T00072_U008,2026-07-15 16:43:00,Flipkart,Bills,1101.6,Wallet
U008,T00073_U008,2026-03-20 13:19:00,Netflix,Bills,1178.01,UPI
U008,T00074_U008,2026-04-16 20:08:00,Flipkart,Bills,2170.21,Card
U008,T00075_U008,2026-09-26 04:27:00,Netflix,Bills,299.0,Card
U008,T00076_U008,2026-03-16 23:01:00,Local Store,Travel,3158.64,Wallet
U008,T00077_U008,2026-05-21 04:49:00,Flipkart,Shopping,464.9,Wallet
U008,T00078_U008,2026-05-17 19:36:00,Flipkart,Bills,1531.27,UPI
U008,T00079_U008,2026-01-14 11:05:00,Clinic,Healthcare,421.81,Wallet
U008,T00080_U008,2026-08-29 22:41:00,Myntra,Travel,3417.5,UPI
U008,T00081_U008,2026-03-25 06:14:00,Local Store,Food,1934.89,UPI
U008,T00082_U008,2026-05-19 13:14:00,Flipkart,Healthcare,1918.66,UPI
U008,T00083_U008,2026-04-01 14:55:00,Clinic,Bills,3315.13,UPI
U008,T00084_U008,2026-08-07 12:49:00,Local Store,Food,1828.48,Card
U008,T00085_U008,2026-09-26 20:56:00,Swiggy,Healthcare,1349.56,Card
U008,T00086_U008,2026-08-22 01:56:00,Myntra,Shopping,2774.94,Wallet
U008,T00087_U008,2026-01-26 06:18:00,Local Store,Entertainment,2222.55,Card
U008,T00088_U008,2026-08-25 05:27:00,Swiggy,Travel,1755.89,UPI
U008,T00089_U008,2026-08-26 20:28:00,Amazon,Food,531.45,Wallet
U008,T00090_U008,2026-03-11 12:26:00,Clinic,Travel,159.79,Card
U008,T00091_U008,2026-04-14 14:05:00,Netflix,Travel,1760.12,Wallet
U008,T00092_U008,2026-03-25 22:46:00,Amazon,Food,374.0,Card
U008,T00093_U008,2026-07-05 02:33:00,Local Store,Healthcare,5582.49,UPI
U008,T00094_U008,2026-07-13 17:24:00,Myntra,Food,2289.41,Wallet
U008,T00095_U008,2026-03-18 05:55:00,Amazon,Shopping,1945.98,Card
U008,T00096_U008,2026-06-07 09:46:00,Uber,Entertainment,1603.49,UPI
U008,T00097_U008,2026-03-09 06:00:00,Uber,Bills,129.3,Card
U008,T00098_U008,2026-09-13 17:51:00,Clinic,Food,670.91,Wallet
U008,T00099_U008,2026-09-01 14:26:00,Amazon,Entertainment,1859.62,Wallet
U009,T00000_U009,2026-05-23 19:40:00,Spotify,Bills,199.0,Wallet
U009,T00001_U009,2026-06-28 01:09:00,Uber,Food,1336.62,UPI
U009,T00002_U009,2026-03-24 21:18:00,Myntra,Bills,2419.1,Wallet
U009,T00003_U009,2026-07-04 01:05:00,Netflix,Travel,1698.05,Card
U009,T00004_U009,2026-02-03 09:30:00,Flipkart,Shopping,2508.44,Card
U009,T00005_U009,2026-09-26 06:44:00,Flipkart,Shopping,362.33,Wallet
U009,T00006_U009,2026-09-28 02:30:00,Uber,Healthcare,2708.21,Wallet
U009,T00007_U009,2026-07-01 04:39:00,Clinic,Bills,3319.74,UPI
U009,T00008_U009,2026-04-30 22:18:00,Amazon,Shopping,603.14,Wallet
U009,T00009_U009,2026-04-17 19:26:00,Swiggy,Entertainment,901.1,Wallet
U009,T00010_U009,2026-04-19 00:40:00,Myntra,Shopping,815.41,Wallet
U009,T00011_U009,2026-06-15 00:07:00,Netflix,Healthcare,1477.33,Wallet
U009,T00012_U009,2026-01-15 05:12:00,Netflix,Travel,2313.47,Card
U009,T00013_U009,2026-08-31 01:41:00,Myntra,Shopping,1265.23,Card
U009,T00014_U009,2026-07-31 23:03:00,Uber,Bills,3776.53,UPI
U009,T00015_U009,2026-04-17 18:43:00,Netflix,Travel,258.91,UPI
U009,T00016_U009,2026-05-24 00:21:00,Myntra,Entertainment,2018.35,Wallet
U009,T00017_U009,2026-03-01 09:45:00,Swiggy,Travel,954.1,UPI
U009,T00018_U009,2026-07-10 14:53:00,Flipkart,Travel,1360.24,UPI
U009,T00019_U009,2026-02-27 11:50:00,Flipkart,Food,2292.05,Card
U009,T00020_U009,2026-09-17 00:51:00,Myntra,Entertainment,971.97,Wallet
U009,T00021_U009,2026-09-26 09:49:00,Myntra,Travel,1946.76,UPI
U009,T00022_U009,2026-09-22 21:08:00,Flipkart,Shopping,1202.48,Wallet
U009,T00023_U009,2026-03-01 00:19:00,Amazon,Food,2016.15,Wallet
U009,T00024_U009,2026-06-09 00:36:00,Flipkart,Travel,1074.4,Card
U009,T00025_U009,2026-06-13 14:42:00,Amazon Prime,Bills,199.0,UPI
U009,T00026_U009,2026-09-21 03:13:00,Netflix,Bills,1829.46,Wallet
U009,T00027_U009,2026-05-26 18:15:00,Myntra,Shopping,847.31,Wallet
U009,T00028_U009,2026-08-16 01:08:00,Clinic,Food,2574.79,Card
U009,T00029_U009,2026-01-28 02:27:00,Myntra,Entertainment,5279.2,Wallet
U009,T00030_U009,2026-08-17 19:22:00,Netflix,Travel,2061.86,Wallet
U009,T00031_U009,2026-02-10 14:36:00,Flipkart,Shopping,2050.84,Card
U009,T00032_U009,2026-02-19 14:19:00,Clinic,Healthcare,1229.31,UPI
U009,T00033_U009,2026-03-15 19:16:00,Local Store,Travel,540.05,Wallet
U009,T00034_U009,2026-06-19 10:29:00,Swiggy,Entertainment,256.88,UPI
U009,T00035_U009,2026-06-29 15:29:00,Amazon,Shopping,3271.24,Wallet
U009,T00036_U009,2026-02-22 12:52:00,Amazon,Healthcare,882.09,Wallet
U009,T00037_U009,2026-02-06 09:34:00,Local Store,Entertainment,1517.29,UPI
U009,T00038_U009,2026-05-05 17:10:00,Local Store,Entertainment,353.32,Wallet
U009,T00039_U009,2026-08-09 13:36:00,Flipkart,Travel,515.41,Wallet
U009,T00040_U009,2026-02-09 23:59:00,Clinic,Healthcare,568.02,Card
U009,T00041_U009,2026-02-19 14:11:00,Local Store,Travel,267.06,UPI
U009,T00042_U009,2026-07-14 10:31:00,Swiggy,Healthcare,317.28,UPI
U009,T00043_U009,2026-01-01 04:42:00,Amazon,Shopping,3127.97,UPI
U009,T00044_U009,2026-06-12 09:36:00,Uber,Healthcare,2304.4,Card
U009,T00045_U009,2026-06-26 02:37:00,Local Store,Food,3621.43,UPI
U009,T00046_U009,2026-07-09 17:03:00,Netflix,Food,363.28,Card
U009,T00047_U009,2026-01-16 07:27:00,Local Store,Healthcare,1600.51,Wallet
U009,T00048_U009,2026-07-15 12:24:00,Flipkart,Entertainment,1689.97,Card
U009,T00049_U009,2026-03-13 06:35:00,Netflix,Entertainment,2115.91,UPI
U009,T00050_U009,2026-05-28 21:08:00,Gym,Bills,999.0,UPI
U009,T00051_U009,2026-02-13 04:41:00,Clinic,Entertainment,3561.67,Card
U009,T00052_U009,2026-04-03 14:32:00,Clinic,Entertainment,1412.78,Card
U009,T00053_U009,2026-01-04 18:31:00,Flipkart,Healthcare,2560.62,Wallet
U009,T00054_U009,2026-07-07 01:02:00,Clinic,Bills,2112.82,Card
U009,T00055_U009,2026-02-10 04:46:00,Uber,Healthcare,1404.02,Wallet
U009,T00056_U009,2026-02-15 07:30:00,Amazon,Healthcare,1741.78,Wallet
U009,T00057_U009,2026-06-09 19:03:00,Swiggy,Travel,1225.29,Wallet
U009,T00058_U009,2026-08-29 18:46:00,Local Store,Travel,1877.14,Card
U009,T00059_U009,2026-05-29 05:02:00,Uber,Healthcare,3045.59,UPI
U009,T00060_U009,2026-08-31 18:10:00,Swiggy,Bills,2401.19,Wallet
U009,T00061_U009,2026-01-14 09:31:00,Myntra,Food,1313.43,Card
U009,T00062_U009,2026-05-10 04:39:00,Uber,Travel,2396.21,UPI
U009,T00063_U009,2026-03-31 18:47:00,Flipkart,Shopping,1323.49,UPI
U009,T00064_U009,2026-09-06 05:51:00,Swiggy,Bills,922.84,UPI
U009,T00065_U009,2026-03-16 19:59:00,Myntra,Shopping,1906.63,Card
U009,T00066_U009,2026-05-02 21:28:00,Myntra,Healthcare,1083.32,Card
U009,T00067_U009,2026-01-28 20:16:00,Swiggy,Food,762.9,Card
U009,T00068_U009,2026-09-01 23:48:00,Flipkart,Bills,2556.24,UPI
U009,T00069_U009,2026-08-11 00:18:00,Local Store,Entertainment,3064.83,Wallet
U009,T00070_U009,2026-01-22 03:58:00,Netflix,Bills,3358.17,Wallet
U009,T00071_U009,2026-05-20 10:17:00,Amazon,Travel,712.83,Wallet
U009,T00072_U009,2026-07-20 14:49:00,Flipkart,Healthcare,1862.35,Wallet
U009,T00073_U009,2026-04-10 16:21:00,Myntra,Healthcare,851.85,UPI
U009,T00074_U009,2026-01-05 02:00:00,Amazon,Entertainment,3202.19,Wallet
U009,T00075_U009,2026-05-26 08:12:00,Netflix,Bills,299.0,Wallet
U009,T00076_U009,2026-03-04 22:07:00,Myntra,Food,1815.25,Wallet
U009,T00077_U009,2026-04-05 03:44:00,Myntra,Shopping,1608.14,Card
U009,T00078_U009,2026-08-07 22:57:00,Netflix,Healthcare,717.61,UPI
U009,T00079_U009,2026-05-22 01:24:00,Netflix,Entertainment,3189.49,Card
U009,T00080_U009,2026-04-02 14:04:00,Flipkart,Entertainment,2101.04,Card
U009,T00081_U009,2026-02-25 04:34:00,Flipkart,Entertainment,1847.9,Card
U009,T00082_U009,2026-05-13 03:02:00,Amazon,Food,1876.43,Card
U009,T00083_U009,2026-01-10 15:09:00,Swiggy,Healthcare,2338.94,Wallet
U009,T00084_U009,2026-07-19 08:09:00,Netflix,Healthcare,2271.08,Wallet
U009,T00085_U009,2026-01-02 16:45:00,Clinic,Entertainment,2150.03,UPI
U009,T00086_U009,2026-04-26 00:24:00,Clinic,Healthcare,576.45,Card
U009,T00087_U009,2026-06-20 21:19:00,Swiggy,Entertainment,1617.45,Wallet
U009,T00088_U009,2026-02-16 11:34:00,Amazon,Travel,2118.84,Card
U009,T00089_U009,2026-04-14 05:35:00,Local Store,Food,1685.76,Card
U009,T00090_U009,2026-07-19 03:40:00,Netflix,Healthcare,2179.84,Card
U009,T00091_U009,2026-04-08 04:02:00,Myntra,Shopping,2768.58,Card
U009,T00092_U009,2026-02-02 17:41:00,Clinic,Travel,2579.73,Card
U009,T00093_U009,2026-01-09 01:21:00,Netflix,Food,2249.4,UPI
U009,T00094_U009,2026-04-19 20:42:00,Clinic,Bills,2356.22,Wallet
U009,T00095_U009,2026-03-18 23:37:00,Flipkart,Shopping,226.04,UPI
U009,T00096_U009,2026-08-30 19:02:00,Myntra,Shopping,229.43,UPI
U009,T00097_U009,2026-08-22 19:10:00,Amazon,Bills,2062.72,UPI
U009,T00098_U009,2026-02-28 15:38:00,Flipkart,Bills,342.52,Card
U009,T00099_U009,2026-07-25 10:07:00,Myntra,Healthcare,871.82,UPI
U010,T00000_U010,2026-01-24 18:11:00,Spotify,Bills,999.0,UPI
U010,T00001_U010,2026-07-09 17:10:00,Flipkart,Entertainment,2321.62,UPI
U010,T00002_U010,2026-03-10 03:50:00,Local Store,Healthcare,2184.54,Card
U010,T00003_U010,2026-02-11 00:00:00,Myntra,Shopping,2722.31,Card
U010,T00004_U010,2026-09-01 22:08:00,Myntra,Shopping,2647.14,UPI
U010,T00005_U010,2026-03-31 19:44:00,Myntra,Food,3077.3,UPI
U010,T00006_U010,2026-06-04 11:26:00,Flipkart,Food,1115.13,UPI
U010,T00007_U010,2026-07-05 17:32:00,Myntra,Shopping,3366.47,UPI
U010,T00008_U010,2026-04-10 03:50:00,Amazon,Shopping,1568.15,UPI
U010,T00009_U010,2026-07-06 09:13:00,Uber,Entertainment,902.31,Card
U010,T00010_U010,2026-01-23 03:47:00,Myntra,Food,536.99,Wallet
U010,T00011_U010,2026-03-01 02:57:00,Flipkart,Shopping,2755.85,Card
U010,T00012_U010,2026-04-28 03:20:00,Amazon,Shopping,1269.42,UPI
U010,T00013_U010,2026-08-30 18:31:00,Local Store,Food,869.88,Card
U010,T00014_U010,2026-04-02 12:23:00,Myntra,Shopping,3117.14,UPI
U010,T00015_U010,2026-06-21 04:02:00,Swiggy,Healthcare,910.95,Card
U010,T00016_U010,2026-08-23 13:10:00,Flipkart,Travel,2227.38,Wallet
U010,T00017_U010,2026-03-22 20:39:00,Flipkart,Shopping,307.54,Card
U010,T00018_U010,2026-04-21 18:30:00,Uber,Entertainment,134.81,Card
U010,T00019_U010,2026-05-07 07:20:00,Flipkart,Entertainment,2240.37,Wallet
U010,T00020_U010,2026-03-18 18:57:00,Local Store,Food,2452.44,UPI
U010,T00021_U010,2026-08-29 23:49:00,Swiggy,Bills,2833.31,Wallet
U010,T00022_U010,2026-02-20 14:31:00,Amazon,Shopping,1440.37,Wallet
U010,T00023_U010,2026-07-28 06:08:00,Uber,Travel,1346.93,UPI
U010,T00024_U010,2026-09-03 21:19:00,Amazon,Shopping,3881.54,Card
U010,T00025_U010,2026-08-26 04:55:00,Gym,Bills,199.0,Wallet
U010,T00026_U010,2026-02-06 12:57:00,Netflix,Healthcare,1374.21,Card
U010,T00027_U010,2026-08-07 08:44:00,Flipkart,Bills,1990.46,UPI
U010,T00028_U010,2026-06-21 23:59:00,Netflix,Food,2627.57,Card
U010,T00029_U010,2026-08-27 19:02:00,Netflix,Travel,520.64,Wallet
U010,T00030_U010,2026-02-04 17:45:00,Amazon,Shopping,3414.68,Wallet
U010,T00031_U010,2026-09-02 23:48:00,Flipkart,Bills,4569.35,Card
U010,T00032_U010,2026-09-15 21:27:00,Swiggy,Travel,252.09,Card
U010,T00033_U010,2026-08-20 15:32:00,Amazon,Bills,1228.39,Wallet
U010,T00034_U010,2026-05-30 14:39:00,Amazon,Travel,1052.86,UPI
U010,T00035_U010,2026-02-11 12:57:00,Amazon,Shopping,2399.82,UPI
U010,T00036_U010,2026-03-26 08:07:00,Myntra,Healthcare,1291.19,UPI
U010,T00037_U010,2026-09-24 20:01:00,Local Store,Travel,2426.98,Wallet
U010,T00038_U010,2026-03-09 15:22:00,Clinic,Entertainment,1870.5,UPI
U010,T00039_U010,2026-05-30 06:04:00,Flipkart,Food,3399.22,Card
U010,T00040_U010,2026-07-30 18:21:00,Netflix,Healthcare,2194.89,Wallet
U010,T00041_U010,2026-08-16 14:19:00,Myntra,Bills,2255.88,Card
U010,T00042_U010,2026-03-29 08:14:00,Netflix,Entertainment,4411.92,UPI
U010,T00043_U010,2026-03-17 11:18:00,Myntra,Entertainment,1584.71,UPI
U010,T00044_U010,2026-05-27 05:11:00,Myntra,Healthcare,487.01,UPI
U010,T00045_U010,2026-01-22 10:36:00,Amazon,Shopping,724.98,UPI
U010,T00046_U010,2026-01-18 21:20:00,Myntra,Travel,995.0,Wallet
U010,T00047_U010,2026-03-25 17:19:00,Swiggy,Food,1070.95,Card
U010,T00048_U010,2026-03-16 14:59:00,Myntra,Travel,110.31,Wallet
U010,T00049_U010,2026-09-17 10:41:00,Uber,Healthcare,1237.39,Card
U010,T00050_U010,2026-03-17 18:46:00,Gym,Bills,199.0,UPI
U010,T00051_U010,2026-03-01 09:01:00,Flipkart,Entertainment,1490.99,UPI
U010,T00052_U010,2026-04-10 18:33:00,Amazon,Shopping,569.72,Wallet
U010,T00053_U010,2026-08-17 21:42:00,Local Store,Food,566.68,Card
U010,T00054_U010,2026-09-19 01:58:00,Netflix,Healthcare,1687.86,Card
U010,T00055_U010,2026-07-09 12:23:00,Uber,Food,927.81,Card
U010,T00056_U010,2026-08-17 17:05:00,Myntra,Shopping,1879.67,Card
U010,T00057_U010,2026-05-28 05:51:00,Local Store,Healthcare,2830.94,Wallet
U010,T00058_U010,2026-02-14 04:13:00,Clinic,Travel,3628.35,Card
U010,T00059_U010,2026-02-03 18:48:00,Amazon,Entertainment,198.28,Card
U010,T00060_U010,2026-08-01 05:35:00,Myntra,Entertainment,1078.86,Card
U010,T00061_U010,2026-09-09 01:52:00,Uber,Travel,2080.36,UPI
U010,T00062_U010,2026-01-14 00:09:00,Uber,Travel,4032.21,Card
U010,T00063_U010,2026-03-05 20:42:00,Local Store,Travel,1021.43,Wallet
U010,T00064_U010,2026-05-06 00:07:00,Clinic,Travel,2851.17,Wallet
U010,T00065_U010,2026-07-05 18:30:00,Local Store,Bills,3718.09,Card
U010,T00066_U010,2026-03-03 11:32:00,Swiggy,Healthcare,2831.73,UPI
U010,T00067_U010,2026-03-16 10:29:00,Myntra,Healthcare,957.73,UPI
U010,T00068_U010,2026-05-20 11:26:00,Netflix,Healthcare,216.92,Card
U010,T00069_U010,2026-02-09 16:12:00,Myntra,Healthcare,1935.25,Wallet
U010,T00070_U010,2026-03-27 17:20:00,Uber,Travel,751.5,Wallet
U010,T00071_U010,2026-07-05 03:34:00,Netflix,Bills,3675.18,Card
U010,T00072_U010,2026-09-06 13:21:00,Flipkart,Shopping,622.9,UPI
U010,T00073_U010,2026-04-07 17:39:00,Amazon,Healthcare,1101.63,UPI
U010,T00074_U010,2026-03-01 04:59:00,Clinic,Food,1963.76,Card
U010,T00075_U010,2026-09-25 10:11:00,Netflix,Bills,299.0,UPI
U010,T00076_U010,2026-03-14 22:14:00,Myntra,Travel,603.62,UPI
U010,T00077_U010,2026-08-06 22:48:00,Amazon,Food,145.14,Card
U010,T00078_U010,2026-08-09 01:12:00,Swiggy,Food,2923.73,UPI
U010,T00079_U010,2026-08-29 03:58:00,Swiggy,Travel,731.24,UPI
U010,T00080_U010,2026-04-16 18:57:00,Amazon,Shopping,1709.44,UPI
U010,T00081_U010,2026-03-16 23:17:00,Netflix,Bills,1605.66,Wallet
U010,T00082_U010,2026-05-04 16:36:00,Amazon,Food,3742.51,Wallet
U010,T00083_U010,2026-04-22 22:12:00,Myntra,Travel,2263.98,Wallet
U010,T00084_U010,2026-01-03 23:06:00,Amazon,Shopping,2304.88,UPI
U010,T00085_U010,2026-07-01 12:27:00,Myntra,Shopping,1950.58,UPI
U010,T00086_U010,2026-08-27 03:33:00,Flipkart,Shopping,3074.23,Wallet
U010,T00087_U010,2026-01-21 02:20:00,Amazon,Entertainment,1453.19,Wallet
U010,T00088_U010,2026-06-09 21:53:00,Flipkart,Entertainment,1429.4,Card
U010,T00089_U010,2026-08-08 06:54:00,Clinic,Food,2353.8,Card
U010,T00090_U010,2026-04-02 00:43:00,Amazon,Entertainment,2676.82,UPI
U010,T00091_U010,2026-03-15 12:25:00,Amazon,Healthcare,1879.44,UPI
U010,T00092_U010,2026-02-03 11:12:00,Flipkart,Travel,3044.4,UPI
U010,T00093_U010,2026-04-30 13:46:00,Uber,Entertainment,3508.74,Wallet
U010,T00094_U010,2026-05-20 20:25:00,Clinic,Travel,1700.02,Card
U010,T00095_U010,2026-09-06 16:17:00,Myntra,Shopping,359.29,Card
U010,T00096_U010,2026-09-12 07:40:00,Amazon,Shopping,339.05,UPI
U010,T00097_U010,2026-09-13 21:01:00,Myntra,Shopping,1551.0,UPI
U010,T00098_U010,2026-06-05 19:39:00,Amazon,Food,2725.47,Card
U010,T00099_U010,2026-08-27 06:18:00,Clinic,Healthcare,1276.6,Card
U011,T00000_U011,2026-06-25 17:34:00,Netflix,Bills,999.0,Card
U011,T00001_U011,2026-06-11 12:28:00,Swiggy,Entertainment,178.86,Wallet
U011,T00002_U011,2026-06-05 22:10:00,Local Store,Entertainment,749.4,Card
U011,T00003_U011,2026-02-26 18:43:00,Clinic,Entertainment,1242.19,UPI
U011,T00004_U011,2026-09-17 01:25:00,Clinic,Travel,2071.94,Wallet
U011,T00005_U011,2026-06-30 09:20:00,Swiggy,Food,1976.13,Card
U011,T00006_U011,2026-06-28 23:37:00,Netflix,Food,2804.86,Card
U011,T00007_U011,2026-06-29 01:42:00,Flipkart,Shopping,1114.56,UPI
U011,T00008_U011,2026-06-06 03:21:00,Flipkart,Shopping,1567.85,Card
U011,T00009_U011,2026-09-21 13:17:00,Clinic,Food,1511.17,Card
U011,T00010_U011,2026-07-13 18:24:00,Amazon,Travel,2039.98,UPI
U011,T00011_U011,2026-04-16 10:31:00,Netflix,Bills,499.91,Card
U011,T00012_U011,2026-07-06 13:12:00,Amazon,Entertainment,2116.91,Wallet
U011,T00013_U011,2026-04-20 09:16:00,Uber,Food,2490.95,Card
U011,T00014_U011,2026-04-26 19:47:00,Amazon,Food,1520.48,Card
U011,T00015_U011,2026-02-04 18:51:00,Clinic,Bills,1662.66,UPI
U011,T00016_U011,2026-06-04 16:51:00,Local Store,Travel,2454.98,Card
U011,T00017_U011,2026-07-25 08:39:00,Clinic,Bills,1711.74,Wallet
U011,T00018_U011,2026-04-03 00:40:00,Myntra,Healthcare,3607.61,Wallet
U011,T00019_U011,2026-08-28 08:59:00,Local Store,Healthcare,4173.79,UPI
U011,T00020_U011,2026-09-25 06:23:00,Myntra,Entertainment,676.9,Wallet
U011,T00021_U011,2026-06-03 13:26:00,Amazon,Travel,3043.05,Card
U011,T00022_U011,2026-05-27 20:10:00,Flipkart,Travel,1074.08,UPI
U011,T00023_U011,2026-03-18 06:01:00,Flipkart,Shopping,1213.98,Card
U011,T00024_U011,2026-08-05 20:57:00,Flipkart,Food,631.61,Card
U011,T00025_U011,2026-05-23 21:35:00,Netflix,Bills,199.0,UPI
U011,T00026_U011,2026-06-10 19:19:00,Local Store,Food,2252.26,Wallet
U011,T00027_U011,2026-02-16 12:53:00,Myntra,Healthcare,666.5,Wallet
U011,T00028_U011,2026-09-14 03:33:00,Uber,Healthcare,1502.22,Wallet
U011,T00029_U011,2026-03-04 10:21:00,Local Store,Bills,3651.41,Card
U011,T00030_U011,2026-04-22 04:06:00,Myntra,Shopping,3417.47,Wallet
U011,T00031_U011,2026-01-29 15:34:00,Amazon,Travel,1322.91,Wallet
U011,T00032_U011,2026-05-07 08:56:00,Myntra,Shopping,1240.53,Card
U011,T00033_U011,2026-01-11 20:57:00,Swiggy,Bills,2119.54,Wallet
U011,T00034_U011,2026-01-28 22:58:00,Flipkart,Healthcare,1066.22,Wallet
U011,T00035_U011,2026-07-05 21:07:00,Flipkart,Bills,3260.79,Card
U011,T00036_U011,2026-05-11 09:05:00,Amazon,Shopping,604.93,Card
U011,T00037_U011,2026-06-12 20:26:00,Uber,Food,2179.47,Card
U011,T00038_U011,2026-08-30 23:26:00,Local Store,Travel,6861.73,Wallet
U011,T00039_U011,2026-05-14 16:04:00,Local Store,Travel,1545.08,Wallet
U011,T00040_U011,2026-06-17 14:44:00,Swiggy,Food,1639.29,UPI
U011,T00041_U011,2026-08-16 20:08:00,Local Store,Food,580.18,Card
U011,T00042_U011,2026-06-10 18:05:00,Myntra,Food,699.05,Wallet
U011,T00043_U011,2026-03-08 19:43:00,Netflix,Entertainment,1183.58,Wallet
U011,T00044_U011,2026-03-10 08:11:00,Netflix,Healthcare,2018.87,UPI
U011,T00045_U011,2026-02-13 13:23:00,Flipkart,Shopping,2203.34,UPI
U011,T00046_U011,2026-01-11 00:59:00,Flipkart,Bills,4056.34,UPI
U011,T00047_U011,2026-05-15 22:54:00,Myntra,Shopping,1062.48,Wallet
U011,T00048_U011,2026-05-14 04:05:00,Myntra,Travel,2805.69,Wallet
U011,T00049_U011,2026-09-27 13:49:00,Clinic,Entertainment,384.43,Wallet
U011,T00050_U011,2026-04-15 06:55:00,Gym,Bills,299.0,Card
U011,T00051_U011,2026-04-16 19:13:00,Flipkart,Travel,1103.99,Card
U011,T00052_U011,2026-03-16 00:18:00,Flipkart,Travel,2745.73,Card
U011,T00053_U011,2026-08-23 02:00:00,Myntra,Entertainment,3905.36,Card
U011,T00054_U011,2026-04-19 22:24:00,Local Store,Healthcare,1866.65,Card
U011,T00055_U011,2026-02-07 03:35:00,Swiggy,Food,1136.52,Card
U011,T00056_U011,2026-01-24 00:16:00,Local Store,Bills,1136.84,Card
U011,T00057_U011,2026-03-09 17:02:00,Myntra,Bills,724.7,Wallet
U011,T00058_U011,2026-09-10 10:56:00,Myntra,Entertainment,315.16,Wallet
U011,T00059_U011,2026-08-10 04:16:00,Netflix,Food,245.03,Card
U011,T00060_U011,2026-07-04 13:18:00,Uber,Travel,2076.29,UPI
U011,T00061_U011,2026-06-11 23:31:00,Amazon,Shopping,274.2,UPI
U011,T00062_U011,2026-01-19 15:16:00,Myntra,Shopping,1147.43,UPI
U011,T00063_U011,2026-08-15 11:45:00,Clinic,Bills,1198.62,UPI
U011,T00064_U011,2026-03-17 03:22:00,Flipkart,Food,2678.11,UPI
U011,T00065_U011,2026-09-18 08:36:00,Flipkart,Healthcare,1500.51,UPI
U011,T00066_U011,2026-09-27 18:11:00,Amazon,Entertainment,690.78,Card
U011,T00067_U011,2026-02-18 10:01:00,Amazon,Travel,1046.01,Wallet
U011,T00068_U011,2026-02-24 10:09:00,Amazon,Food,1204.56,Wallet
U011,T00069_U011,2026-09-03 14:40:00,Swiggy,Travel,1099.99,Wallet
U011,T00070_U011,2026-08-20 10:46:00,Myntra,Healthcare,607.28,UPI
U011,T00071_U011,2026-05-25 10:51:00,Amazon,Food,1413.17,Wallet
U011,T00072_U011,2026-07-15 02:25:00,Myntra,Travel,1108.69,Card
U011,T00073_U011,2026-02-15 00:54:00,Flipkart,Shopping,1426.45,Wallet
U011,T00074_U011,2026-03-20 03:19:00,Local Store,Entertainment,3256.76,Wallet
U011,T00075_U011,2026-03-09 11:42:00,Gym,Bills,999.0,Card
U011,T00076_U011,2026-09-01 08:36:00,Local Store,Bills,486.84,Card
U011,T00077_U011,2026-04-06 13:40:00,Amazon,Entertainment,197.05,Card
U011,T00078_U011,2026-08-26 21:14:00,Myntra,Healthcare,2333.6,Wallet
U011,T00079_U011,2026-09-26 02:18:00,Local Store,Entertainment,481.78,Card
U011,T00080_U011,2026-03-18 04:43:00,Flipkart,Travel,1771.31,UPI
U011,T00081_U011,2026-02-09 01:32:00,Local Store,Food,1555.31,Wallet
U011,T00082_U011,2026-05-10 11:16:00,Amazon,Bills,1944.75,UPI
U011,T00083_U011,2026-02-28 23:42:00,Myntra,Entertainment,4214.34,Card
U011,T00084_U011,2026-06-02 10:37:00,Clinic,Healthcare,2991.45,Card
U011,T00085_U011,2026-06-24 05:13:00,Flipkart,Shopping,1892.87,Card
U011,T00086_U011,2026-02-24 13:34:00,Swiggy,Food,1047.84,UPI
U011,T00087_U011,2026-03-29 20:30:00,Local Store,Entertainment,4310.37,Wallet
U011,T00088_U011,2026-09-07 09:39:00,Netflix,Bills,1757.59,Wallet
U011,T00089_U011,2026-07-22 09:05:00,Amazon,Shopping,133.3,UPI
U011,T00090_U011,2026-04-07 00:13:00,Myntra,Entertainment,2331.51,Wallet
U011,T00091_U011,2026-04-08 02:19:00,Myntra,Entertainment,1380.23,UPI
U011,T00092_U011,2026-03-20 23:44:00,Clinic,Entertainment,2095.96,Wallet
U011,T00093_U011,2026-05-05 06:18:00,Local Store,Bills,268.06,Wallet
U011,T00094_U011,2026-08-10 13:54:00,Uber,Entertainment,188.84,Card
U011,T00095_U011,2026-09-06 16:37:00,Clinic,Healthcare,656.57,UPI
U011,T00096_U011,2026-09-28 00:27:00,Netflix,Bills,3137.65,Card
U011,T00097_U011,2026-03-01 15:39:00,Netflix,Healthcare,1821.58,UPI
U011,T00098_U011,2026-05-28 23:12:00,Netflix,Entertainment,2795.08,Wallet
U011,T00099_U011,2026-06-23 19:54:00,Clinic,Healthcare,414.78,Card
U012,T00000_U012,2026-07-19 13:53:00,Spotify,Bills,299.0,Card
U012,T00001_U012,2026-02-14 21:30:00,Flipkart,Shopping,578.76,Card
U012,T00002_U012,2026-02-21 13:31:00,Flipkart,Travel,602.64,UPI
U012,T00003_U012,2026-01-10 11:56:00,Netflix,Travel,1724.63,UPI
U012,T00004_U012,2026-09-15 01:51:00,Netflix,Food,1736.84,UPI
U012,T00005_U012,2026-04-25 15:16:00,Netflix,Travel,1946.5,Wallet
U012,T00006_U012,2026-05-17 04:54:00,Amazon,Healthcare,3139.46,Card
U012,T00007_U012,2026-08-23 03:06:00,Amazon,Bills,2345.34,UPI
U012,T00008_U012,2026-03-27 20:07:00,Myntra,Shopping,476.88,Wallet
U012,T00009_U012,2026-08-15 16:31:00,Amazon,Healthcare,470.31,Card
U012,T00010_U012,2026-06-21 04:07:00,Amazon,Shopping,3976.74,UPI
U012,T00011_U012,2026-08-31 10:18:00,Myntra,Bills,456.22,Card
U012,T00012_U012,2026-07-04 20:42:00,Amazon,Shopping,3097.56,UPI
U012,T00013_U012,2026-08-08 13:58:00,Clinic,Entertainment,2384.42,Wallet
U012,T00014_U012,2026-07-05 00:28:00,Myntra,Shopping,3378.32,Card
U012,T00015_U012,2026-07-25 05:27:00,Local Store,Food,1922.06,Wallet
U012,T00016_U012,2026-03-19 18:03:00,Uber,Healthcare,1106.33,Wallet
U012,T00017_U012,2026-06-05 23:47:00,Netflix,Travel,248.9,UPI
U012,T00018_U012,2026-07-26 14:41:00,Flipkart,Shopping,1773.93,Card
U012,T00019_U012,2026-04-12 09:05:00,Netflix,Food,1035.98,Wallet
U012,T00020_U012,2026-03-06 16:34:00,Flipkart,Travel,322.77,Wallet
U012,T00021_U012,2026-06-09 16:21:00,Myntra,Healthcare,156.21,Wallet
U012,T00022_U012,2026-05-13 07:53:00,Local Store,Travel,2468.69,UPI
U012,T00023_U012,2026-01-31 11:16:00,Netflix,Healthcare,716.96,UPI
U012,T00024_U012,2026-08-18 09:36:00,Swiggy,Healthcare,1187.55,UPI
U012,T00025_U012,2026-04-30 11:19:00,Spotify,Bills,199.0,Card
U012,T00026_U012,2026-09-22 18:12:00,Clinic,Travel,335.17,Wallet
U012,T00027_U012,2026-08-06 13:05:00,Swiggy,Food,1119.73,UPI
U012,T00028_U012,2026-09-01 06:28:00,Netflix,Food,2624.85,Wallet
U012,T00029_U012,2026-09-23 12:55:00,Clinic,Travel,1627.51,Card
U012,T00030_U012,2026-09-08 23:26:00,Myntra,Shopping,1891.12,UPI
U012,T00031_U012,2026-09-20 16:07:00,Flipkart,Healthcare,1193.04,UPI
U012,T00032_U012,2026-03-22 17:23:00,Local Store,Food,364.81,Card
U012,T00033_U012,2026-05-29 01:33:00,Myntra,Shopping,2592.96,UPI
U012,T00034_U012,2026-03-15 04:50:00,Local Store,Bills,374.13,Card
U012,T00035_U012,2026-04-21 05:52:00,Clinic,Healthcare,105.01,Wallet
U012,T00036_U012,2026-06-28 02:55:00,Local Store,Food,2573.63,Card
U012,T00037_U012,2026-07-13 15:53:00,Myntra,Healthcare,1928.68,Wallet
U012,T00038_U012,2026-08-24 14:42:00,Myntra,Entertainment,2179.23,Card
U012,T00039_U012,2026-02-15 19:42:00,Local Store,Bills,1029.36,Card
U012,T00040_U012,2026-06-23 17:02:00,Clinic,Healthcare,1866.19,Wallet
U012,T00041_U012,2026-02-15 05:45:00,Uber,Food,1446.51,UPI
U012,T00042_U012,2026-02-13 06:39:00,Swiggy,Bills,2397.5,Wallet
U012,T00043_U012,2026-04-07 15:32:00,Amazon,Food,1679.81,Wallet
U012,T00044_U012,2026-04-03 00:17:00,Amazon,Shopping,5891.79,Wallet
U012,T00045_U012,2026-06-14 12:37:00,Clinic,Food,2168.74,UPI
U012,T00046_U012,2026-06-24 13:11:00,Swiggy,Entertainment,2163.16,Card
U012,T00047_U012,2026-07-15 08:05:00,Amazon,Food,1400.27,Card
U012,T00048_U012,2026-03-15 05:16:00,Myntra,Food,836.31,Card
U012,T00049_U012,2026-03-28 01:39:00,Myntra,Travel,282.81,Card
U012,T00050_U012,2026-03-14 13:57:00,Netflix,Bills,199.0,UPI
U012,T00051_U012,2026-05-03 19:37:00,Amazon,Shopping,2117.78,Card
U012,T00052_U012,2026-02-01 10:29:00,Local Store,Bills,314.47,Wallet
U012,T00053_U012,2026-04-30 00:17:00,Amazon,Bills,1874.17,Card
U012,T00054_U012,2026-07-28 14:05:00,Flipkart,Healthcare,2600.08,Wallet
U012,T00055_U012,2026-03-28 07:34:00,Clinic,Entertainment,370.58,Wallet
U012,T00056_U012,2026-05-29 20:10:00,Swiggy,Food,3711.31,Wallet
U012,T00057_U012,2026-05-09 21:24:00,Flipkart,Travel,1504.38,Wallet
U012,T00058_U012,2026-05-25 01:10:00,Amazon,Healthcare,1131.01,UPI
U012,T00059_U012,2026-03-13 23:35:00,Local Store,Travel,880.8,Card
U012,T00060_U012,2026-06-25 20:16:00,Clinic,Healthcare,755.23,Wallet
U012,T00061_U012,2026-06-14 10:13:00,Netflix,Entertainment,138.1,Wallet
U012,T00062_U012,2026-03-10 20:59:00,Clinic,Food,110.27,UPI
U012,T00063_U012,2026-03-30 13:35:00,Clinic,Healthcare,3146.74,Wallet
U012,T00064_U012,2026-02-09 17:01:00,Clinic,Healthcare,1713.39,Card
U012,T00065_U012,2026-07-12 19:22:00,Myntra,Entertainment,2113.95,Wallet
U012,T00066_U012,2026-01-05 03:29:00,Flipkart,Travel,1790.17,Card
U012,T00067_U012,2026-07-03 06:05:00,Uber,Bills,2809.18,Card
U012,T00068_U012,2026-07-05 01:17:00,Flipkart,Entertainment,360.08,UPI
U012,T00069_U012,2026-05-23 18:32:00,Myntra,Entertainment,1424.28,Wallet
U012,T00070_U012,2026-03-31 02:37:00,Flipkart,Shopping,1342.25,Wallet
U012,T00071_U012,2026-05-21 06:54:00,Swiggy,Healthcare,2480.68,Wallet
U012,T00072_U012,2026-05-10 21:35:00,Swiggy,Entertainment,2350.94,Wallet
U012,T00073_U012,2026-01-27 10:27:00,Uber,Entertainment,392.12,Wallet
U012,T00074_U012,2026-08-27 15:23:00,Swiggy,Bills,2221.13,UPI
U012,T00075_U012,2026-01-25 08:58:00,Gym,Bills,299.0,Card
U012,T00076_U012,2026-02-11 18:51:00,Flipkart,Food,2447.43,Card
U012,T00077_U012,2026-02-08 07:12:00,Flipkart,Shopping,845.93,Wallet
U012,T00078_U012,2026-02-19 00:30:00,Swiggy,Entertainment,2341.57,Card
U012,T00079_U012,2026-05-09 07:06:00,Flipkart,Entertainment,2401.13,UPI
U012,T00080_U012,2026-06-20 16:50:00,Flipkart,Shopping,1961.8,Card
U012,T00081_U012,2026-02-18 20:28:00,Amazon,Bills,305.28,UPI
U012,T00082_U012,2026-01-18 12:20:00,Amazon,Healthcare,1978.35,UPI
U012,T00083_U012,2026-08-15 01:19:00,Local Store,Bills,406.01,Wallet
U012,T00084_U012,2026-01-27 09:54:00,Local Store,Entertainment,329.99,Card
U012,T00085_U012,2026-04-30 19:50:00,Swiggy,Healthcare,1867.08,Card
U012,T00086_U012,2026-02-21 10:41:00,Swiggy,Healthcare,1189.78,Card
U012,T00087_U012,2026-04-09 03:06:00,Amazon,Food,2571.53,Wallet
U012,T00088_U012,2026-03-06 20:32:00,Netflix,Travel,1110.42,Wallet
U012,T00089_U012,2026-08-16 05:15:00,Myntra,Shopping,245.18,Wallet
U012,T00090_U012,2026-08-12 16:41:00,Uber,Travel,1500.8,Wallet
U012,T00091_U012,2026-03-16 04:30:00,Netflix,Travel,1420.78,Wallet
U012,T00092_U012,2026-03-16 01:15:00,Swiggy,Bills,1376.48,UPI
U012,T00093_U012,2026-04-14 02:21:00,Flipkart,Shopping,3159.09,Wallet
U012,T00094_U012,2026-06-19 18:36:00,Uber,Travel,1104.87,UPI
U012,T00095_U012,2026-02-23 14:56:00,Clinic,Food,626.57,UPI
U012,T00096_U012,2026-04-25 22:14:00,Flipkart,Entertainment,673.65,Wallet
U012,T00097_U012,2026-06-19 23:24:00,Myntra,Shopping,972.09,UPI
U012,T00098_U012,2026-02-07 11:01:00,Amazon,Bills,441.76,Card
U012,T00099_U012,2026-04-10 20:37:00,Swiggy,Travel,2440.74,UPI
U013,T00000_U013,2026-04-12 09:11:00,Spotify,Bills,299.0,UPI
U013,T00001_U013,2026-01-12 05:53:00,Amazon,Travel,150.39,Wallet
U013,T00002_U013,2026-03-12 12:41:00,Netflix,Food,2346.67,Card
U013,T00003_U013,2026-08-22 07:23:00,Myntra,Travel,2358.79,Wallet
U013,T00004_U013,2026-08-11 22:04:00,Myntra,Food,2218.54,UPI
U013,T00005_U013,2026-04-08 06:34:00,Netflix,Entertainment,863.08,Card
U013,T00006_U013,2026-05-06 01:48:00,Flipkart,Bills,2808.59,UPI
U013,T00007_U013,2026-06-17 07:03:00,Uber,Healthcare,2194.84,Wallet
U013,T00008_U013,2026-09-08 06:46:00,Clinic,Food,1998.39,Wallet
U013,T00009_U013,2026-02-03 05:32:00,Netflix,Entertainment,2037.51,Card
U013,T00010_U013,2026-07-11 16:44:00,Clinic,Entertainment,1237.02,Wallet
U013,T00011_U013,2026-07-25 20:58:00,Swiggy,Bills,597.28,UPI
U013,T00012_U013,2026-08-20 07:25:00,Myntra,Shopping,1120.05,Wallet
U013,T00013_U013,2026-03-22 11:16:00,Amazon,Bills,422.39,UPI
U013,T00014_U013,2026-06-01 14:33:00,Flipkart,Travel,2360.68,Wallet
U013,T00015_U013,2026-06-22 13:28:00,Local Store,Entertainment,1081.49,Card
U013,T00016_U013,2026-06-12 08:24:00,Myntra,Food,1160.05,Card
U013,T00017_U013,2026-02-08 11:57:00,Uber,Food,2122.25,Wallet
U013,T00018_U013,2026-02-10 08:59:00,Myntra,Shopping,384.61,UPI
U013,T00019_U013,2026-04-13 10:12:00,Netflix,Healthcare,700.06,Wallet
U013,T00020_U013,2026-05-21 06:45:00,Myntra,Bills,2496.17,Wallet
U013,T00021_U013,2026-05-14 00:49:00,Uber,Travel,3417.59,Card
U013,T00022_U013,2026-07-27 18:48:00,Swiggy,Healthcare,1232.81,Wallet
U013,T00023_U013,2026-03-18 12:14:00,Flipkart,Shopping,1238.65,Wallet
U013,T00024_U013,2026-08-28 23:52:00,Netflix,Entertainment,3573.53,Wallet
U013,T00025_U013,2026-08-02 06:28:00,Spotify,Bills,499.0,Wallet
U013,T00026_U013,2026-01-05 15:51:00,Netflix,Healthcare,1405.7,Wallet
U013,T00027_U013,2026-07-26 22:34:00,Netflix,Travel,1508.69,Wallet
U013,T00028_U013,2026-01-17 04:09:00,Local Store,Travel,3048.21,Card
U013,T00029_U013,2026-02-02 17:24:00,Myntra,Shopping,597.23,Wallet
U013,T00030_U013,2026-06-05 02:10:00,Myntra,Food,446.83,UPI
U013,T00031_U013,2026-04-12 02:58:00,Uber,Entertainment,774.63,Wallet
U013,T00032_U013,2026-02-05 14:03:00,Swiggy,Travel,967.26,Card
U013,T00033_U013,2026-07-20 05:07:00,Amazon,Shopping,1247.8,Card
U013,T00034_U013,2026-04-16 04:55:00,Myntra,Shopping,1815.98,UPI
U013,T00035_U013,2026-06-08 18:12:00,Clinic,Bills,761.06,UPI
U013,T00036_U013,2026-03-15 14:04:00,Flipkart,Entertainment,1362.06,Wallet
U013,T00037_U013,2026-09-09 14:29:00,Swiggy,Bills,1869.5,Card
U013,T00038_U013,2026-08-22 11:44:00,Uber,Healthcare,1038.62,UPI
U013,T00039_U013,2026-08-01 07:11:00,Local Store,Bills,2312.06,UPI
U013,T00040_U013,2026-02-18 12:44:00,Flipkart,Food,2225.3,UPI
U013,T00041_U013,2026-05-21 20:34:00,Amazon,Travel,1775.31,Wallet
U013,T00042_U013,2026-04-22 15:26:00,Amazon,Bills,2488.76,UPI
U013,T00043_U013,2026-02-23 16:49:00,Local Store,Travel,1182.25,Card
U013,T00044_U013,2026-04-17 16:02:00,Swiggy,Entertainment,275.67,Wallet
U013,T00045_U013,2026-08-25 12:21:00,Local Store,Healthcare,2153.86,Card
U013,T00046_U013,2026-01-20 00:16:00,Myntra,Food,1437.41,Card
U013,T00047_U013,2026-08-25 02:05:00,Flipkart,Bills,2549.25,Card
U013,T00048_U013,2026-05-23 05:10:00,Amazon,Food,525.37,UPI
U013,T00049_U013,2026-07-20 05:04:00,Swiggy,Healthcare,1725.72,UPI
U013,T00050_U013,2026-08-14 11:11:00,Spotify,Bills,999.0,Wallet
U013,T00051_U013,2026-01-25 20:51:00,Amazon,Bills,1037.48,Card
U013,T00052_U013,2026-08-16 01:38:00,Swiggy,Food,3198.3,UPI
U013,T00053_U013,2026-07-11 07:12:00,Swiggy,Food,1112.04,UPI
U013,T00054_U013,2026-06-22 06:43:00,Amazon,Healthcare,629.36,UPI
U013,T00055_U013,2026-03-27 23:10:00,Local Store,Food,2222.35,Card
U013,T00056_U013,2026-04-08 19:13:00,Local Store,Bills,2353.42,UPI
U013,T00057_U013,2026-04-29 06:06:00,Netflix,Travel,786.26,Card
U013,T00058_U013,2026-01-07 12:13:00,Flipkart,Entertainment,258.44,Card
U013,T00059_U013,2026-07-08 01:04:00,Amazon,Shopping,1251.34,Wallet
U013,T00060_U013,2026-03-29 08:06:00,Netflix,Bills,4314.26,Wallet
U013,T00061_U013,2026-03-10 10:11:00,Netflix,Healthcare,2447.25,Wallet
U013,T00062_U013,2026-09-04 02:21:00,Clinic,Food,2200.59,Wallet
U013,T00063_U013,2026-01-07 07:01:00,Amazon,Bills,841.24,Wallet
U013,T00064_U013,2026-08-08 07:39:00,Swiggy,Food,430.13,Card
U013,T00065_U013,2026-06-01 06:09:00,Flipkart,Entertainment,2281.58,Wallet
U013,T00066_U013,2026-08-16 23:56:00,Myntra,Travel,1190.03,UPI
U013,T00067_U013,2026-09-24 13:41:00,Swiggy,Travel,649.62,Wallet
U013,T00068_U013,2026-06-19 10:15:00,Flipkart,Shopping,2275.92,UPI
U013,T00069_U013,2026-04-24 19:55:00,Netflix,Entertainment,540.51,Wallet
U013,T00070_U013,2026-01-04 02:55:00,Amazon,Entertainment,5322.44,UPI
U013,T00071_U013,2026-03-06 02:11:00,Flipkart,Bills,770.36,Wallet
U013,T00072_U013,2026-08-28 09:10:00,Flipkart,Healthcare,922.47,UPI
U013,T00073_U013,2026-06-05 09:36:00,Flipkart,Entertainment,1373.27,UPI
U013,T00074_U013,2026-07-04 12:24:00,Flipkart,Shopping,1859.79,Card
U013,T00075_U013,2026-03-21 15:01:00,Amazon Prime,Bills,299.0,Wallet
U013,T00076_U013,2026-03-31 08:24:00,Uber,Entertainment,1783.11,Wallet
U013,T00077_U013,2026-09-04 02:21:00,Flipkart,Shopping,1214.55,Wallet
U013,T00078_U013,2026-07-11 15:25:00,Local Store,Entertainment,2429.18,Card
U013,T00079_U013,2026-07-16 15:19:00,Amazon,Healthcare,1081.09,UPI
U013,T00080_U013,2026-03-05 12:59:00,Myntra,Bills,876.98,Card
U013,T00081_U013,2026-06-28 16:45:00,Netflix,Entertainment,3048.25,Card
U013,T00082_U013,2026-05-07 07:30:00,Netflix,Food,1614.29,Wallet
U013,T00083_U013,2026-01-15 22:42:00,Myntra,Healthcare,727.19,Card
U013,T00084_U013,2026-03-17 08:15:00,Myntra,Bills,129.61,UPI
U013,T00085_U013,2026-07-16 12:45:00,Amazon,Bills,1344.49,UPI
U013,T00086_U013,2026-08-05 05:53:00,Uber,Entertainment,2817.56,Wallet
U013,T00087_U013,2026-07-15 18:19:00,Local Store,Healthcare,1905.91,Wallet
U013,T00088_U013,2026-02-15 03:40:00,Netflix,Bills,2646.39,UPI
U013,T00089_U013,2026-07-23 22:19:00,Myntra,Food,2059.33,UPI
U013,T00090_U013,2026-02-19 02:49:00,Local Store,Healthcare,2118.96,Wallet
U013,T00091_U013,2026-08-09 05:11:00,Myntra,Travel,1789.71,UPI
U013,T00092_U013,2026-09-07 05:32:00,Clinic,Food,1461.02,UPI
U013,T00093_U013,2026-04-06 06:03:00,Myntra,Healthcare,2042.03,UPI
U013,T00094_U013,2026-05-13 13:28:00,Amazon,Healthcare,2184.07,UPI
U013,T00095_U013,2026-02-10 09:05:00,Amazon,Entertainment,764.23,Card
U013,T00096_U013,2026-01-16 18:15:00,Clinic,Entertainment,1714.73,UPI
U013,T00097_U013,2026-01-05 01:17:00,Swiggy,Food,594.33,Wallet
U013,T00098_U013,2026-09-24 08:59:00,Clinic,Entertainment,1916.59,Wallet
U013,T00099_U013,2026-08-08 10:23:00,Netflix,Healthcare,2498.67,UPI
U014,T00000_U014,2026-07-04 21:25:00,Netflix,Bills,199.0,Card
U014,T00001_U014,2026-07-25 23:53:00,Myntra,Shopping,2638.62,Wallet
U014,T00002_U014,2026-05-08 11:28:00,Clinic,Bills,1335.79,Wallet
U014,T00003_U014,2026-04-07 00:40:00,Swiggy,Travel,2774.3,Wallet
U014,T00004_U014,2026-06-16 21:28:00,Flipkart,Shopping,1060.4,UPI
U014,T00005_U014,2026-06-28 13:59:00,Amazon,Entertainment,2672.52,UPI
U014,T00006_U014,2026-03-15 16:56:00,Swiggy,Bills,406.87,UPI
U014,T00007_U014,2026-06-04 21:35:00,Myntra,Entertainment,4421.8,Card
U014,T00008_U014,2026-05-04 07:13:00,Amazon,Shopping,704.38,UPI
U014,T00009_U014,2026-06-17 12:49:00,Flipkart,Travel,1826.02,Wallet
U014,T00010_U014,2026-09-01 21:07:00,Myntra,Healthcare,3950.59,Card
U014,T00011_U014,2026-02-16 22:21:00,Myntra,Shopping,1645.57,Wallet
U014,T00012_U014,2026-07-15 20:41:00,Local Store,Bills,2040.27,UPI
U014,T00013_U014,2026-05-13 03:18:00,Amazon,Food,508.07,UPI
U014,T00014_U014,2026-03-01 18:23:00,Amazon,Shopping,3970.67,Card
U014,T00015_U014,2026-02-01 18:34:00,Myntra,Shopping,3568.89,Wallet
U014,T00016_U014,2026-03-06 16:42:00,Flipkart,Bills,355.81,UPI
U014,T00017_U014,2026-08-24 10:09:00,Flipkart,Travel,1299.6,Card
U014,T00018_U014,2026-03-17 19:18:00,Myntra,Shopping,1537.31,Wallet
U014,T00019_U014,2026-03-05 08:54:00,Clinic,Healthcare,2216.12,Card
U014,T00020_U014,2026-07-12 01:51:00,Myntra,Travel,2603.29,Wallet
U014,T00021_U014,2026-04-26 22:47:00,Myntra,Food,2156.27,Wallet
U014,T00022_U014,2026-07-20 09:52:00,Myntra,Healthcare,2478.55,Wallet
U014,T00023_U014,2026-07-20 10:27:00,Clinic,Healthcare,2476.75,Card
U014,T00024_U014,2026-07-20 02:33:00,Uber,Healthcare,1357.93,Wallet
U014,T00025_U014,2026-07-21 03:08:00,Gym,Bills,299.0,Wallet
U014,T00026_U014,2026-03-12 14:44:00,Uber,Entertainment,2253.32,UPI
U014,T00027_U014,2026-04-22 23:12:00,Swiggy,Healthcare,1647.2,UPI
U014,T00028_U014,2026-03-17 12:27:00,Myntra,Healthcare,2322.36,UPI
U014,T00029_U014,2026-07-02 15:11:00,Amazon,Food,4218.77,Wallet
U014,T00030_U014,2026-08-11 04:40:00,Local Store,Healthcare,814.02,Card
U014,T00031_U014,2026-09-08 09:44:00,Myntra,Bills,1666.71,Card
U014,T00032_U014,2026-02-15 14:55:00,Local Store,Healthcare,760.52,Wallet
U014,T00033_U014,2026-08-16 11:00:00,Amazon,Food,298.33,Card
U014,T00034_U014,2026-09-18 07:01:00,Clinic,Bills,756.94,Wallet
U014,T00035_U014,2026-02-18 18:11:00,Clinic,Entertainment,2499.89,Wallet
U014,T00036_U014,2026-08-11 09:36:00,Flipkart,Shopping,880.55,Wallet
U014,T00037_U014,2026-04-05 12:52:00,Swiggy,Healthcare,1937.61,Wallet
U014,T00038_U014,2026-09-08 02:33:00,Amazon,Bills,2376.41,Wallet
U014,T00039_U014,2026-03-02 05:55:00,Myntra,Bills,175.68,Card
U014,T00040_U014,2026-03-04 01:08:00,Flipkart,Bills,2708.78,UPI
U014,T00041_U014,2026-02-13 03:32:00,Netflix,Travel,2951.55,Wallet
U014,T00042_U014,2026-01-01 07:19:00,Uber,Food,2617.05,Wallet
U014,T00043_U014,2026-09-09 22:20:00,Netflix,Bills,1554.81,Wallet
U014,T00044_U014,2026-04-18 22:06:00,Swiggy,Healthcare,669.04,UPI
U014,T00045_U014,2026-03-14 09:54:00,Amazon,Shopping,1545.15,Wallet
U014,T00046_U014,2026-07-03 08:08:00,Local Store,Healthcare,390.96,Card
U014,T00047_U014,2026-03-25 12:29:00,Uber,Food,1723.66,Wallet
U014,T00048_U014,2026-03-15 17:13:00,Uber,Food,2488.86,Wallet
U014,T00049_U014,2026-04-09 22:23:00,Myntra,Bills,1107.25,UPI
U014,T00050_U014,2026-06-11 13:24:00,Netflix,Bills,199.0,Wallet
U014,T00051_U014,2026-07-28 02:21:00,Amazon,Healthcare,1838.69,UPI
U014,T00052_U014,2026-05-21 00:06:00,Flipkart,Entertainment,1183.73,UPI
U014,T00053_U014,2026-03-31 16:46:00,Clinic,Travel,487.07,Wallet
U014,T00054_U014,2026-05-25 17:17:00,Amazon,Bills,2251.77,UPI
U014,T00055_U014,2026-06-12 12:11:00,Local Store,Travel,1244.47,UPI
U014,T00056_U014,2026-05-13 00:43:00,Myntra,Bills,2013.56,Wallet
U014,T00057_U014,2026-05-17 01:58:00,Netflix,Healthcare,2291.34,Wallet
U014,T00058_U014,2026-08-03 22:29:00,Flipkart,Shopping,4536.24,Card
U014,T00059_U014,2026-05-22 13:33:00,Flipkart,Healthcare,832.45,UPI
U014,T00060_U014,2026-06-06 13:49:00,Amazon,Travel,1623.22,UPI
U014,T00061_U014,2026-05-03 02:10:00,Swiggy,Bills,757.88,UPI
U014,T00062_U014,2026-08-06 21:32:00,Myntra,Healthcare,1251.17,Wallet
U014,T00063_U014,2026-03-05 12:00:00,Flipkart,Bills,4107.56,Wallet
U014,T00064_U014,2026-08-06 22:34:00,Netflix,Healthcare,686.14,Wallet
U014,T00065_U014,2026-09-28 21:38:00,Clinic,Food,4201.44,Wallet
U014,T00066_U014,2026-04-26 05:04:00,Myntra,Travel,1332.84,UPI
U014,T00067_U014,2026-08-05 15:24:00,Flipkart,Shopping,3569.09,UPI
U014,T00068_U014,2026-03-02 09:19:00,Uber,Entertainment,883.8,Wallet
U014,T00069_U014,2026-07-21 06:59:00,Swiggy,Travel,2344.99,Wallet
U014,T00070_U014,2026-09-07 01:22:00,Clinic,Food,1197.49,UPI
U014,T00071_U014,2026-06-29 23:11:00,Netflix,Entertainment,231.96,Wallet
U014,T00072_U014,2026-09-21 04:26:00,Clinic,Food,191.04,Card
U014,T00073_U014,2026-04-26 15:25:00,Uber,Travel,974.79,UPI
U014,T00074_U014,2026-05-18 03:28:00,Clinic,Healthcare,658.18,Card
U014,T00075_U014,2026-01-03 11:56:00,Spotify,Bills,999.0,Card
U014,T00076_U014,2026-06-19 01:10:00,Flipkart,Healthcare,4209.95,Card
U014,T00077_U014,2026-03-02 13:31:00,Clinic,Bills,3577.58,Card
U014,T00078_U014,2026-07-24 16:46:00,Local Store,Healthcare,415.4,UPI
U014,T00079_U014,2026-01-11 04:09:00,Swiggy,Travel,2457.36,Wallet
U014,T00080_U014,2026-06-25 13:38:00,Swiggy,Healthcare,1142.39,Card
U014,T00081_U014,2026-05-25 15:05:00,Flipkart,Entertainment,1582.27,Wallet
U014,T00082_U014,2026-09-19 05:15:00,Amazon,Travel,2174.0,Wallet
U014,T00083_U014,2026-05-07 21:52:00,Flipkart,Entertainment,1237.34,UPI
U014,T00084_U014,2026-09-15 19:11:00,Amazon,Shopping,650.52,Card
U014,T00085_U014,2026-01-20 08:12:00,Amazon,Shopping,142.39,UPI
U014,T00086_U014,2026-01-27 12:26:00,Uber,Bills,1780.38,UPI
U014,T00087_U014,2026-04-24 10:27:00,Swiggy,Entertainment,1323.67,Wallet
U014,T00088_U014,2026-01-27 09:07:00,Netflix,Travel,773.33,Card
U014,T00089_U014,2026-08-03 07:20:00,Myntra,Food,246.02,Wallet
U014,T00090_U014,2026-06-14 06:18:00,Uber,Entertainment,2280.36,UPI
U014,T00091_U014,2026-08-09 05:16:00,Netflix,Entertainment,902.28,UPI
U014,T00092_U014,2026-02-19 21:00:00,Myntra,Healthcare,894.91,Wallet
U014,T00093_U014,2026-07-05 23:49:00,Netflix,Bills,1440.33,UPI
U014,T00094_U014,2026-02-24 04:40:00,Amazon,Healthcare,352.89,Wallet
U014,T00095_U014,2026-04-08 06:45:00,Amazon,Entertainment,279.71,Wallet
U014,T00096_U014,2026-06-25 09:46:00,Flipkart,Entertainment,1380.54,UPI
U014,T00097_U014,2026-01-23 04:12:00,Uber,Entertainment,3654.36,Wallet
U014,T00098_U014,2026-06-27 11:28:00,Amazon,Healthcare,2286.04,UPI
U014,T00099_U014,2026-09-05 13:33:00,Swiggy,Bills,710.57,UPI
U015,T00000_U015,2026-05-29 01:36:00,Netflix,Bills,299.0,Card
U015,T00001_U015,2026-09-18 12:35:00,Local Store,Entertainment,1557.32,UPI
U015,T00002_U015,2026-04-05 00:10:00,Flipkart,Bills,3213.19,Wallet
U015,T00003_U015,2026-08-22 16:45:00,Uber,Healthcare,828.18,UPI
U015,T00004_U015,2026-06-01 22:17:00,Amazon,Bills,631.43,UPI
U015,T00005_U015,2026-05-30 01:40:00,Flipkart,Shopping,5445.7,UPI
U015,T00006_U015,2026-04-18 17:07:00,Netflix,Food,1618.44,Card
U015,T00007_U015,2026-06-16 02:45:00,Uber,Bills,2540.23,Wallet
U015,T00008_U015,2026-05-31 10:03:00,Swiggy,Healthcare,2857.36,Card
U015,T00009_U015,2026-04-01 08:01:00,Amazon,Bills,3210.83,Wallet
U015,T00010_U015,2026-05-12 20:40:00,Flipkart,Bills,2060.43,UPI
U015,T00011_U015,2026-06-16 08:13:00,Local Store,Bills,473.54,UPI
U015,T00012_U015,2026-08-11 11:09:00,Amazon,Entertainment,1290.31,Card
U015,T00013_U015,2026-04-05 05:12:00,Clinic,Bills,3178.06,Card
U015,T00014_U015,2026-01-11 09:10:00,Amazon,Shopping,1749.68,UPI
U015,T00015_U015,2026-03-15 02:27:00,Amazon,Shopping,4060.14,Wallet
U015,T00016_U015,2026-09-27 04:46:00,Amazon,Food,1122.19,UPI
U015,T00017_U015,2026-01-23 04:15:00,Uber,Food,680.81,UPI
U015,T00018_U015,2026-01-05 03:34:00,Netflix,Healthcare,3259.18,Wallet
U015,T00019_U015,2026-08-16 05:19:00,Clinic,Travel,470.83,UPI
U015,T00020_U015,2026-05-17 20:34:00,Swiggy,Food,2079.82,UPI
U015,T00021_U015,2026-06-01 03:32:00,Myntra,Entertainment,178.67,Card
U015,T00022_U015,2026-03-17 11:41:00,Flipkart,Travel,2312.06,Wallet
U015,T00023_U015,2026-07-16 21:56:00,Amazon,Healthcare,1280.37,UPI
U015,T00024_U015,2026-04-25 03:18:00,Amazon,Travel,1866.14,UPI
U015,T00025_U015,2026-01-23 19:09:00,Spotify,Bills,999.0,UPI
U015,T00026_U015,2026-06-04 19:52:00,Netflix,Travel,3118.49,Card
U015,T00027_U015,2026-07-08 08:51:00,Amazon,Healthcare,1993.25,UPI
U015,T00028_U015,2026-03-17 10:09:00,Clinic,Entertainment,1831.22,Card
U015,T00029_U015,2026-02-04 03:36:00,Uber,Entertainment,775.67,Card
U015,T00030_U015,2026-06-30 10:31:00,Clinic,Entertainment,2701.28,Wallet
U015,T00031_U015,2026-06-20 04:51:00,Flipkart,Healthcare,1513.7,Wallet
U015,T00032_U015,2026-09-10 17:34:00,Flipkart,Shopping,300.68,Card
U015,T00033_U015,2026-09-27 18:49:00,Flipkart,Healthcare,1787.42,UPI
U015,T00034_U015,2026-07-05 00:13:00,Netflix,Food,4939.7,UPI
U015,T00035_U015,2026-06-28 11:54:00,Flipkart,Shopping,2251.06,Card
U015,T00036_U015,2026-05-05 06:52:00,Flipkart,Shopping,2448.87,Wallet
U015,T00037_U015,2026-03-15 12:46:00,Local Store,Food,992.04,Wallet
U015,T00038_U015,2026-02-24 21:37:00,Clinic,Food,2109.85,UPI
U015,T00039_U015,2026-01-16 04:23:00,Myntra,Shopping,762.93,UPI
U015,T00040_U015,2026-04-04 15:47:00,Myntra,Shopping,2184.23,Wallet
U015,T00041_U015,2026-01-07 09:07:00,Amazon,Shopping,2214.78,Wallet
U015,T00042_U015,2026-03-30 16:10:00,Local Store,Food,3659.5,Card
U015,T00043_U015,2026-05-13 18:32:00,Flipkart,Travel,1116.81,UPI
U015,T00044_U015,2026-05-20 02:33:00,Myntra,Entertainment,2599.79,UPI
U015,T00045_U015,2026-04-23 12:11:00,Amazon,Healthcare,2059.74,Card
U015,T00046_U015,2026-09-02 10:41:00,Local Store,Healthcare,2777.47,Card
U015,T00047_U015,2026-08-06 06:17:00,Amazon,Food,286.74,Wallet
U015,T00048_U015,2026-06-21 00:15:00,Myntra,Travel,1603.74,Wallet
U015,T00049_U015,2026-01-06 09:12:00,Flipkart,Bills,1632.13,UPI
U015,T00050_U015,2026-05-04 08:05:00,Netflix,Bills,199.0,Card
U015,T00051_U015,2026-02-17 09:00:00,Uber,Travel,2400.97,Wallet
U015,T00052_U015,2026-04-10 10:48:00,Netflix,Entertainment,2437.24,Wallet
U015,T00053_U015,2026-02-19 10:26:00,Amazon,Healthcare,1305.23,UPI
U015,T00054_U015,2026-01-13 18:50:00,Clinic,Entertainment,1507.26,UPI
U015,T00055_U015,2026-05-29 05:09:00,Clinic,Healthcare,491.53,Wallet
U015,T00056_U015,2026-04-29 06:51:00,Myntra,Healthcare,2584.83,Wallet
U015,T00057_U015,2026-09-22 23:38:00,Netflix,Healthcare,1399.16,Card
U015,T00058_U015,2026-07-04 19:54:00,Swiggy,Entertainment,4071.01,Card
U015,T00059_U015,2026-05-03 06:39:00,Amazon,Bills,3967.19,Card
U015,T00060_U015,2026-02-19 00:09:00,Amazon,Travel,1840.17,UPI
U015,T00061_U015,2026-06-01 05:04:00,Netflix,Travel,1191.65,Wallet
U015,T00062_U015,2026-08-24 08:30:00,Clinic,Travel,1660.7,UPI
U015,T00063_U015,2026-03-05 18:31:00,Netflix,Food,3287.27,Wallet
U015,T00064_U015,2026-03-08 14:23:00,Netflix,Bills,996.84,Wallet
U015,T00065_U015,2026-07-31 16:28:00,Swiggy,Travel,2726.09,Wallet
U015,T00066_U015,2026-05-06 22:52:00,Swiggy,Bills,470.95,UPI
U015,T00067_U015,2026-05-29 12:10:00,Local Store,Bills,2962.53,Card
U015,T00068_U015,2026-02-17 11:29:00,Clinic,Entertainment,361.89,UPI
U015,T00069_U015,2026-02-25 12:49:00,Flipkart,Entertainment,1063.65,UPI
U015,T00070_U015,2026-06-12 10:38:00,Flipkart,Entertainment,1785.5,Card
U015,T00071_U015,2026-02-28 08:29:00,Myntra,Food,3128.43,UPI
U015,T00072_U015,2026-06-13 18:02:00,Local Store,Bills,249.76,Card
U015,T00073_U015,2026-08-09 15:13:00,Flipkart,Food,2183.25,Wallet
U015,T00074_U015,2026-08-05 08:16:00,Myntra,Healthcare,377.4,Card
U015,T00075_U015,2026-02-11 09:55:00,Spotify,Bills,499.0,UPI
U015,T00076_U015,2026-01-28 02:57:00,Netflix,Entertainment,4296.22,Card
U015,T00077_U015,2026-09-04 15:34:00,Myntra,Healthcare,3745.61,Wallet
U015,T00078_U015,2026-07-19 00:35:00,Flipkart,Bills,449.49,Wallet
U015,T00079_U015,2026-03-16 10:42:00,Netflix,Healthcare,134.05,Card
U015,T00080_U015,2026-03-17 15:55:00,Amazon,Travel,2000.84,Wallet
U015,T00081_U015,2026-07-28 08:33:00,Swiggy,Healthcare,4831.47,UPI
U015,T00082_U015,2026-08-19 20:37:00,Swiggy,Food,624.69,UPI
U015,T00083_U015,2026-08-04 22:34:00,Amazon,Shopping,846.3,Wallet
U015,T00084_U015,2026-01-08 11:52:00,Swiggy,Travel,824.67,Card
U015,T00085_U015,2026-09-15 03:44:00,Clinic,Entertainment,1472.39,Wallet
U015,T00086_U015,2026-08-07 16:48:00,Amazon,Travel,2323.24,Card
U015,T00087_U015,2026-08-08 11:11:00,Myntra,Bills,1402.63,Card
U015,T00088_U015,2026-05-26 21:44:00,Local Store,Healthcare,1621.86,Wallet
U015,T00089_U015,2026-02-20 02:51:00,Amazon,Food,2540.71,Card
U015,T00090_U015,2026-02-23 15:47:00,Amazon,Bills,1620.46,Wallet
U015,T00091_U015,2026-01-17 21:18:00,Flipkart,Entertainment,634.91,Card
U015,T00092_U015,2026-07-15 03:12:00,Amazon,Entertainment,1558.73,Card
U015,T00093_U015,2026-07-31 20:45:00,Local Store,Healthcare,177.34,UPI
U015,T00094_U015,2026-09-17 09:17:00,Uber,Healthcare,837.75,Card
U015,T00095_U015,2026-05-04 00:57:00,Swiggy,Entertainment,247.31,Wallet
U015,T00096_U015,2026-06-12 10:10:00,Local Store,Bills,680.39,Card
U015,T00097_U015,2026-04-09 19:41:00,Swiggy,Entertainment,2023.2,Wallet
U015,T00098_U015,2026-08-08 04:40:00,Myntra,Entertainment,1411.95,UPI
U015,T00099_U015,2026-08-12 07:06:00,Myntra,Healthcare,1310.22,Wallet
U016,T00000_U016,2026-07-20 20:58:00,Spotify,Bills,199.0,UPI
U016,T00001_U016,2026-01-14 13:00:00,Myntra,Healthcare,166.76,Wallet
U016,T00002_U016,2026-02-10 18:24:00,Myntra,Food,2460.19,Wallet
U016,T00003_U016,2026-07-03 05:15:00,Flipkart,Healthcare,1323.21,UPI
U016,T00004_U016,2026-07-13 08:42:00,Uber,Food,299.11,UPI
U016,T00005_U016,2026-01-12 20:37:00,Amazon,Food,1201.91,Wallet
U016,T00006_U016,2026-03-04 03:09:00,Uber,Travel,4140.17,Card
U016,T00007_U016,2026-04-17 12:06:00,Swiggy,Entertainment,1092.99,Card
U016,T00008_U016,2026-02-09 06:43:00,Local Store,Entertainment,2235.31,Wallet
U016,T00009_U016,2026-08-19 05:11:00,Swiggy,Travel,2268.73,Wallet
U016,T00010_U016,2026-01-17 03:21:00,Clinic,Travel,3781.44,UPI
U016,T00011_U016,2026-03-23 16:47:00,Amazon,Travel,562.83,UPI
U016,T00012_U016,2026-01-12 16:32:00,Amazon,Shopping,2180.5,UPI
U016,T00013_U016,2026-01-16 10:08:00,Amazon,Shopping,1846.59,Card
U016,T00014_U016,2026-05-21 15:12:00,Netflix,Food,1799.4,Wallet
U016,T00015_U016,2026-05-31 14:47:00,Local Store,Entertainment,2022.11,UPI
U016,T00016_U016,2026-05-09 05:12:00,Uber,Healthcare,2408.49,UPI
U016,T00017_U016,2026-06-09 05:50:00,Myntra,Shopping,1140.33,Card
U016,T00018_U016,2026-05-20 10:39:00,Local Store,Food,1130.35,Wallet
U016,T00019_U016,2026-06-30 11:57:00,Amazon,Healthcare,2252.9,Wallet
U016,T00020_U016,2026-05-10 18:26:00,Netflix,Travel,1055.94,UPI
U016,T00021_U016,2026-04-03 10:27:00,Myntra,Shopping,945.09,Card
U016,T00022_U016,2026-03-16 10:07:00,Netflix,Food,1751.9,Wallet
U016,T00023_U016,2026-06-18 06:29:00,Netflix,Bills,2256.99,Wallet
U016,T00024_U016,2026-02-03 12:18:00,Flipkart,Bills,1750.94,Card
U016,T00025_U016,2026-02-08 18:57:00,Gym,Bills,499.0,Card
U016,T00026_U016,2026-04-12 06:03:00,Clinic,Entertainment,212.3,Card
U016,T00027_U016,2026-08-04 03:07:00,Myntra,Entertainment,3267.59,UPI
U016,T00028_U016,2026-05-26 00:41:00,Swiggy,Bills,2972.17,Card
U016,T00029_U016,2026-01-19 17:58:00,Swiggy,Bills,909.74,UPI
U016,T00030_U016,2026-02-05 15:06:00,Uber,Entertainment,1368.83,Card
U016,T00031_U016,2026-02-10 17:49:00,Clinic,Travel,1569.57,Card
U016,T00032_U016,2026-06-02 22:29:00,Amazon,Entertainment,4140.94,UPI
U016,T00033_U016,2026-01-15 07:03:00,Myntra,Food,352.33,Card
U016,T00034_U016,2026-08-12 07:10:00,Flipkart,Food,1837.86,Card
U016,T00035_U016,2026-01-03 22:55:00,Uber,Food,2740.46,UPI
U016,T00036_U016,2026-06-05 02:16:00,Local Store,Travel,1195.54,Card
U016,T00037_U016,2026-03-03 04:20:00,Amazon,Shopping,4139.14,Wallet
U016,T00038_U016,2026-09-02 21:31:00,Netflix,Travel,3099.91,UPI
U016,T00039_U016,2026-05-16 09:45:00,Netflix,Food,1440.44,UPI
U016,T00040_U016,2026-04-16 22:04:00,Clinic,Food,244.64,UPI
U016,T00041_U016,2026-04-21 14:52:00,Flipkart,Entertainment,1270.35,Card
U016,T00042_U016,2026-04-17 18:48:00,Netflix,Bills,1925.17,Card
U016,T00043_U016,2026-08-21 20:09:00,Amazon,Bills,2293.9,UPI
U016,T00044_U016,2026-07-06 12:28:00,Flipkart,Bills,1972.05,UPI
U016,T00045_U016,2026-02-05 08:27:00,Amazon,Shopping,3961.03,UPI
U016,T00046_U016,2026-08-25 03:47:00,Flipkart,Food,198.89,Card
U016,T00047_U016,2026-01-15 15:42:00,Clinic,Bills,944.7,UPI
U016,T00048_U016,2026-02-13 11:27:00,Myntra,Shopping,1052.63,Wallet
U016,T00049_U016,2026-06-20 01:28:00,Netflix,Travel,520.21,Wallet
U016,T00050_U016,2026-08-05 06:18:00,Gym,Bills,999.0,UPI
U016,T00051_U016,2026-01-26 20:15:00,Flipkart,Food,376.45,UPI
U016,T00052_U016,2026-05-17 07:04:00,Amazon,Bills,761.1,Wallet
U016,T00053_U016,2026-07-27 12:25:00,Flipkart,Food,1861.42,Wallet
U016,T00054_U016,2026-05-18 15:13:00,Myntra,Shopping,934.32,Wallet
U016,T00055_U016,2026-05-28 23:00:00,Myntra,Food,3300.71,Card
U016,T00056_U016,2026-05-03 05:20:00,Amazon,Healthcare,732.79,Card
U016,T00057_U016,2026-03-14 00:42:00,Local Store,Entertainment,1103.95,Card
U016,T00058_U016,2026-02-09 05:43:00,Netflix,Food,2426.9,Wallet
U016,T00059_U016,2026-01-01 15:55:00,Flipkart,Shopping,672.54,Wallet
U016,T00060_U016,2026-05-29 07:33:00,Myntra,Bills,3480.2,UPI
U016,T00061_U016,2026-06-05 23:21:00,Clinic,Entertainment,4751.74,Card
U016,T00062_U016,2026-05-10 11:29:00,Netflix,Food,822.72,Card
U016,T00063_U016,2026-09-23 21:54:00,Clinic,Bills,370.63,Wallet
U016,T00064_U016,2026-09-23 23:40:00,Myntra,Food,4161.34,Wallet
U016,T00065_U016,2026-03-14 11:31:00,Flipkart,Food,1486.2,Wallet
U016,T00066_U016,2026-08-09 11:13:00,Amazon,Healthcare,565.22,Card
U016,T00067_U016,2026-02-25 08:56:00,Clinic,Healthcare,2469.6,Wallet
U016,T00068_U016,2026-03-31 08:58:00,Netflix,Healthcare,3375.39,Card
U016,T00069_U016,2026-05-22 09:12:00,Netflix,Food,2102.01,UPI
U016,T00070_U016,2026-08-10 14:36:00,Uber,Travel,364.46,UPI
U016,T00071_U016,2026-09-13 21:09:00,Myntra,Entertainment,1355.65,Card
U016,T00072_U016,2026-03-25 09:31:00,Amazon,Travel,2019.48,UPI
U016,T00073_U016,2026-08-21 01:13:00,Amazon,Travel,299.17,Card
U016,T00074_U016,2026-06-30 21:53:00,Swiggy,Food,1041.21,Card
U016,T00075_U016,2026-09-15 21:49:00,Amazon Prime,Bills,299.0,Wallet
U016,T00076_U016,2026-04-11 13:37:00,Uber,Food,625.26,Card
U016,T00077_U016,2026-07-01 07:51:00,Local Store,Healthcare,2198.81,UPI
U016,T00078_U016,2026-05-14 09:38:00,Myntra,Travel,1453.38,Wallet
U016,T00079_U016,2026-06-15 18:08:00,Flipkart,Healthcare,700.05,Card
U016,T00080_U016,2026-04-13 09:19:00,Uber,Food,1460.0,Wallet
U016,T00081_U016,2026-08-25 17:11:00,Local Store,Entertainment,330.5,Wallet
U016,T00082_U016,2026-08-15 22:20:00,Netflix,Bills,1224.11,Card
U016,T00083_U016,2026-08-27 13:26:00,Swiggy,Entertainment,2290.14,UPI
U016,T00084_U016,2026-08-04 02:48:00,Flipkart,Shopping,4503.33,Wallet
U016,T00085_U016,2026-05-31 01:48:00,Myntra,Entertainment,2140.75,Wallet
U016,T00086_U016,2026-08-24 01:05:00,Uber,Food,3252.49,Card
U016,T00087_U016,2026-02-19 09:36:00,Netflix,Entertainment,2174.35,UPI
U016,T00088_U016,2026-09-19 23:45:00,Flipkart,Food,1999.76,Card
U016,T00089_U016,2026-03-11 07:57:00,Myntra,Healthcare,822.14,Card
U016,T00090_U016,2026-01-04 15:39:00,Flipkart,Healthcare,450.37,Wallet
U016,T00091_U016,2026-03-03 16:06:00,Flipkart,Shopping,425.27,Card
U016,T00092_U016,2026-07-20 01:59:00,Uber,Food,1914.72,UPI
U016,T00093_U016,2026-05-14 19:43:00,Amazon,Entertainment,1137.65,Wallet
U016,T00094_U016,2026-01-12 05:09:00,Flipkart,Healthcare,509.86,Wallet
U016,T00095_U016,2026-04-13 15:30:00,Uber,Travel,1702.09,Wallet
U016,T00096_U016,2026-09-10 11:42:00,Local Store,Travel,1025.97,UPI
U016,T00097_U016,2026-08-26 13:52:00,Myntra,Entertainment,167.13,Card
U016,T00098_U016,2026-03-03 18:24:00,Uber,Food,312.76,Wallet
U016,T00099_U016,2026-08-16 01:58:00,Myntra,Travel,1964.28,Card
U017,T00000_U017,2026-01-05 05:22:00,Gym,Bills,199.0,UPI
U017,T00001_U017,2026-03-19 11:41:00,Netflix,Healthcare,1202.76,UPI
U017,T00002_U017,2026-05-23 21:19:00,Amazon,Entertainment,2298.78,Wallet
U017,T00003_U017,2026-09-05 12:30:00,Myntra,Bills,2878.9,Wallet
U017,T00004_U017,2026-09-27 08:08:00,Netflix,Healthcare,1513.25,Wallet
U017,T00005_U017,2026-06-28 18:39:00,Amazon,Entertainment,391.06,UPI
U017,T00006_U017,2026-04-29 03:42:00,Clinic,Food,6043.49,Wallet
U017,T00007_U017,2026-05-02 03:57:00,Flipkart,Shopping,3366.38,Card
U017,T00008_U017,2026-02-28 01:54:00,Amazon,Healthcare,2681.18,UPI
U017,T00009_U017,2026-03-31 10:06:00,Clinic,Healthcare,2003.66,Wallet
U017,T00010_U017,2026-04-13 06:16:00,Clinic,Entertainment,1729.24,UPI
U017,T00011_U017,2026-04-14 23:10:00,Flipkart,Entertainment,342.29,Wallet
U017,T00012_U017,2026-02-19 06:02:00,Myntra,Shopping,962.95,Wallet
U017,T00013_U017,2026-02-06 10:11:00,Clinic,Healthcare,556.33,UPI
U017,T00014_U017,2026-08-31 16:22:00,Myntra,Travel,3139.17,Wallet
U017,T00015_U017,2026-07-12 02:36:00,Myntra,Food,2588.37,UPI
U017,T00016_U017,2026-09-13 07:03:00,Netflix,Bills,154.1,Card
U017,T00017_U017,2026-05-09 12:45:00,Amazon,Travel,2193.86,UPI
U017,T00018_U017,2026-05-28 02:34:00,Flipkart,Bills,6058.49,Card
U017,T00019_U017,2026-01-30 17:44:00,Clinic,Food,4668.94,Wallet
U017,T00020_U017,2026-01-16 01:21:00,Uber,Entertainment,1000.65,UPI
U017,T00021_U017,2026-03-13 06:35:00,Netflix,Healthcare,2318.02,Wallet
U017,T00022_U017,2026-02-01 07:31:00,Swiggy,Food,1168.68,Card
U017,T00023_U017,2026-02-11 17:30:00,Amazon,Shopping,1835.99,UPI
U017,T00024_U017,2026-09-12 16:14:00,Netflix,Healthcare,1135.64,Card
U017,T00025_U017,2026-04-27 00:59:00,Gym,Bills,199.0,Wallet
U017,T00026_U017,2026-09-04 01:24:00,Myntra,Entertainment,2086.47,Card
U017,T00027_U017,2026-03-02 19:57:00,Netflix,Travel,874.92,UPI
U017,T00028_U017,2026-05-02 07:05:00,Swiggy,Bills,1159.88,Wallet
U017,T00029_U017,2026-01-24 00:55:00,Flipkart,Healthcare,2365.28,UPI
U017,T00030_U017,2026-08-13 05:18:00,Netflix,Food,939.2,Wallet
U017,T00031_U017,2026-05-06 09:08:00,Local Store,Bills,1248.88,UPI
U017,T00032_U017,2026-02-09 02:16:00,Flipkart,Bills,2079.4,Card
U017,T00033_U017,2026-04-23 14:45:00,Netflix,Travel,1972.5,Card
U017,T00034_U017,2026-05-06 16:57:00,Netflix,Travel,1774.65,Wallet
U017,T00035_U017,2026-02-23 01:22:00,Clinic,Entertainment,958.56,UPI
U017,T00036_U017,2026-09-24 07:19:00,Flipkart,Healthcare,394.6,Wallet
U017,T00037_U017,2026-03-14 01:15:00,Clinic,Healthcare,2352.96,UPI
U017,T00038_U017,2026-01-11 15:53:00,Uber,Food,767.12,Card
U017,T00039_U017,2026-06-03 02:03:00,Local Store,Travel,3335.83,UPI
U017,T00040_U017,2026-04-25 06:24:00,Flipkart,Shopping,1377.98,Card
U017,T00041_U017,2026-01-17 17:48:00,Swiggy,Travel,2284.13,Card
U017,T00042_U017,2026-05-15 18:13:00,Netflix,Food,1841.89,Wallet
U017,T00043_U017,2026-08-11 13:50:00,Swiggy,Healthcare,2037.75,Wallet
U017,T00044_U017,2026-07-18 23:59:00,Uber,Healthcare,3794.98,Card
U017,T00045_U017,2026-08-06 18:46:00,Uber,Bills,490.12,Card
U017,T00046_U017,2026-08-28 23:59:00,Myntra,Shopping,5121.4,UPI
U017,T00047_U017,2026-05-08 17:18:00,Local Store,Travel,192.65,Card
U017,T00048_U017,2026-07-05 08:42:00,Swiggy,Travel,659.15,Card
U017,T00049_U017,2026-05-16 05:28:00,Swiggy,Entertainment,1155.78,Card
U017,T00050_U017,2026-01-19 11:30:00,Netflix,Bills,499.0,Wallet
U017,T00051_U017,2026-06-10 02:28:00,Myntra,Shopping,2506.86,UPI
U017,T00052_U017,2026-04-27 20:11:00,Flipkart,Shopping,658.41,UPI
U017,T00053_U017,2026-04-05 21:32:00,Netflix,Entertainment,356.01,UPI
U017,T00054_U017,2026-05-13 08:01:00,Netflix,Healthcare,1397.06,UPI
U017,T00055_U017,2026-05-01 11:06:00,Clinic,Food,468.99,UPI
U017,T00056_U017,2026-06-16 18:23:00,Local Store,Healthcare,271.34,Card
U017,T00057_U017,2026-05-25 04:01:00,Netflix,Travel,1252.62,Wallet
U017,T00058_U017,2026-07-11 15:18:00,Swiggy,Bills,484.75,UPI
U017,T00059_U017,2026-05-29 04:58:00,Swiggy,Bills,641.12,Wallet
U017,T00060_U017,2026-09-18 18:45:00,Flipkart,Travel,1009.22,Wallet
U017,T00061_U017,2026-01-17 21:46:00,Flipkart,Shopping,1930.27,UPI
U017,T00062_U017,2026-02-09 07:36:00,Local Store,Bills,1393.52,UPI
U017,T00063_U017,2026-09-28 01:38:00,Clinic,Entertainment,1753.71,UPI
U017,T00064_U017,2026-06-18 07:51:00,Flipkart,Travel,1193.97,Wallet
U017,T00065_U017,2026-03-01 22:15:00,Local Store,Entertainment,1434.94,Wallet
U017,T00066_U017,2026-02-09 11:41:00,Flipkart,Entertainment,1177.52,Card
U017,T00067_U017,2026-04-28 18:52:00,Flipkart,Shopping,2996.45,Wallet
U017,T00068_U017,2026-03-12 19:16:00,Netflix,Travel,853.23,UPI
U017,T00069_U017,2026-07-29 13:32:00,Amazon,Shopping,2942.28,Card
U017,T00070_U017,2026-01-08 05:07:00,Uber,Entertainment,1937.22,Wallet
U017,T00071_U017,2026-08-29 23:06:00,Amazon,Shopping,3117.27,UPI
U017,T00072_U017,2026-09-21 16:58:00,Local Store,Entertainment,950.48,Card
U017,T00073_U017,2026-05-04 22:18:00,Netflix,Food,4324.37,Wallet
U017,T00074_U017,2026-02-25 23:02:00,Netflix,Food,4134.85,Wallet
U017,T00075_U017,2026-08-19 23:53:00,Spotify,Bills,199.0,UPI
U017,T00076_U017,2026-01-04 18:37:00,Clinic,Travel,1567.15,Wallet
U017,T00077_U017,2026-05-24 03:14:00,Clinic,Travel,1373.33,Wallet
U017,T00078_U017,2026-09-18 13:18:00,Local Store,Travel,864.59,UPI
U017,T00079_U017,2026-03-15 01:52:00,Flipkart,Healthcare,1467.36,Wallet
U017,T00080_U017,2026-06-10 03:22:00,Myntra,Travel,496.69,Card
U017,T00081_U017,2026-04-25 05:18:00,Amazon,Travel,2318.84,Wallet
U017,T00082_U017,2026-05-23 04:06:00,Flipkart,Shopping,286.85,Wallet
U017,T00083_U017,2026-04-10 00:31:00,Netflix,Food,1033.63,Wallet
U017,T00084_U017,2026-08-07 23:28:00,Myntra,Bills,2736.37,UPI
U017,T00085_U017,2026-03-03 14:56:00,Clinic,Entertainment,1383.4,Card
U017,T00086_U017,2026-03-01 11:51:00,Flipkart,Food,2697.8,Wallet
U017,T00087_U017,2026-06-21 08:29:00,Amazon,Healthcare,1796.34,Card
U017,T00088_U017,2026-01-20 13:06:00,Netflix,Healthcare,556.96,Wallet
U017,T00089_U017,2026-01-19 20:40:00,Flipkart,Food,428.5,Card
U017,T00090_U017,2026-04-23 21:12:00,Clinic,Travel,463.44,UPI
U017,T00091_U017,2026-09-12 09:08:00,Flipkart,Shopping,2382.0,Wallet
U017,T00092_U017,2026-04-20 00:27:00,Clinic,Food,1792.43,UPI
U017,T00093_U017,2026-01-20 13:44:00,Local Store,Travel,1614.46,UPI
U017,T00094_U017,2026-06-28 15:33:00,Myntra,Healthcare,4132.6,Card
U017,T00095_U017,2026-09-06 15:50:00,Local Store,Healthcare,1534.82,Wallet
U017,T00096_U017,2026-09-04 09:06:00,Myntra,Shopping,4622.99,Card
U017,T00097_U017,2026-08-17 10:15:00,Local Store,Healthcare,377.97,Card
U017,T00098_U017,2026-06-13 21:07:00,Local Store,Travel,1791.57,Card
U017,T00099_U017,2026-09-08 19:26:00,Flipkart,Healthcare,169.51,Card
U018,T00000_U018,2026-09-17 06:56:00,Amazon Prime,Bills,499.0,Wallet
U018,T00001_U018,2026-06-12 13:25:00,Local Store,Entertainment,1056.83,UPI
U018,T00002_U018,2026-05-18 15:46:00,Amazon,Shopping,1627.04,Card
U018,T00003_U018,2026-08-18 13:14:00,Myntra,Bills,1386.43,Wallet
U018,T00004_U018,2026-02-26 19:39:00,Myntra,Travel,1551.91,UPI
U018,T00005_U018,2026-01-11 12:05:00,Netflix,Healthcare,2289.35,Wallet
U018,T00006_U018,2026-02-02 20:03:00,Flipkart,Bills,1316.68,UPI
U018,T00007_U018,2026-07-22 22:14:00,Myntra,Travel,2285.57,Card
U018,T00008_U018,2026-07-31 06:35:00,Flipkart,Healthcare,2895.23,UPI
U018,T00009_U018,2026-09-27 03:32:00,Clinic,Entertainment,261.56,UPI
U018,T00010_U018,2026-04-28 20:49:00,Flipkart,Healthcare,325.91,Card
U018,T00011_U018,2026-07-25 04:52:00,Uber,Healthcare,2501.82,Wallet
U018,T00012_U018,2026-08-01 00:00:00,Myntra,Healthcare,755.82,Wallet
U018,T00013_U018,2026-06-09 10:27:00,Swiggy,Bills,825.17,Card
U018,T00014_U018,2026-04-14 03:16:00,Clinic,Healthcare,1405.99,UPI
U018,T00015_U018,2026-07-28 17:17:00,Uber,Entertainment,3705.96,UPI
U018,T00016_U018,2026-07-15 00:31:00,Local Store,Healthcare,3894.37,Wallet
U018,T00017_U018,2026-02-25 14:14:00,Swiggy,Bills,1053.64,UPI
U018,T00018_U018,2026-08-17 11:30:00,Amazon,Bills,1642.76,Card
U018,T00019_U018,2026-03-15 20:05:00,Myntra,Food,598.44,Card
U018,T00020_U018,2026-05-08 02:09:00,Clinic,Entertainment,2288.89,UPI
U018,T00021_U018,2026-01-31 15:16:00,Uber,Entertainment,3505.64,UPI
U018,T00022_U018,2026-06-14 22:36:00,Local Store,Bills,2191.43,Card
U018,T00023_U018,2026-04-18 17:50:00,Clinic,Entertainment,851.24,Wallet
U018,T00024_U018,2026-05-01 10:29:00,Clinic,Healthcare,2518.35,Wallet
U018,T00025_U018,2026-02-11 03:27:00,Spotify,Bills,199.0,UPI
U018,T00026_U018,2026-04-12 14:55:00,Swiggy,Food,2225.21,Card
U018,T00027_U018,2026-03-29 20:51:00,Clinic,Bills,827.51,Card
U018,T00028_U018,2026-07-24 00:18:00,Local Store,Food,3993.52,Wallet
U018,T00029_U018,2026-05-19 16:20:00,Netflix,Bills,1453.14,UPI
U018,T00030_U018,2026-03-14 09:33:00,Flipkart,Healthcare,2026.75,Wallet
U018,T00031_U018,2026-07-10 16:38:00,Clinic,Travel,1210.91,Card
U018,T00032_U018,2026-03-11 05:33:00,Clinic,Healthcare,123.57,Card
U018,T00033_U018,2026-04-02 04:30:00,Swiggy,Food,1816.54,Wallet
U018,T00034_U018,2026-08-23 10:06:00,Clinic,Food,1526.69,UPI
U018,T00035_U018,2026-06-29 20:35:00,Myntra,Shopping,3125.5,Card
U018,T00036_U018,2026-08-07 18:46:00,Netflix,Travel,1598.8,Card
U018,T00037_U018,2026-05-11 17:34:00,Flipkart,Healthcare,285.94,UPI
U018,T00038_U018,2026-02-22 23:13:00,Myntra,Travel,856.52,Wallet
U018,T00039_U018,2026-07-16 10:36:00,Uber,Bills,2419.98,Wallet
U018,T00040_U018,2026-08-31 06:10:00,Flipkart,Food,3149.33,Wallet
U018,T00041_U018,2026-03-17 04:10:00,Swiggy,Entertainment,1513.02,UPI
U018,T00042_U018,2026-03-12 16:51:00,Local Store,Entertainment,1695.62,Card
U018,T00043_U018,2026-06-04 16:48:00,Flipkart,Food,2169.19,Card
U018,T00044_U018,2026-08-31 11:19:00,Netflix,Bills,2619.03,UPI
U018,T00045_U018,2026-03-27 20:53:00,Myntra,Travel,2115.7,Wallet
U018,T00046_U018,2026-08-15 15:44:00,Amazon,Travel,1438.97,Card
U018,T00047_U018,2026-06-28 05:01:00,Clinic,Travel,2879.43,Card
U018,T00048_U018,2026-04-20 19:35:00,Flipkart,Shopping,998.09,UPI
U018,T00049_U018,2026-04-11 14:23:00,Flipkart,Bills,113.47,Card
U018,T00050_U018,2026-06-18 03:58:00,Amazon Prime,Bills,199.0,Wallet
U018,T00051_U018,2026-05-21 20:30:00,Swiggy,Entertainment,2489.77,Wallet
U018,T00052_U018,2026-05-10 08:40:00,Swiggy,Food,2171.64,Card
U018,T00053_U018,2026-08-21 15:11:00,Amazon,Entertainment,191.66,UPI
U018,T00054_U018,2026-03-20 22:47:00,Amazon,Shopping,298.78,UPI
U018,T00055_U018,2026-08-16 20:45:00,Netflix,Food,333.94,Wallet
U018,T00056_U018,2026-05-23 06:41:00,Swiggy,Bills,898.4,Wallet
U018,T00057_U018,2026-06-12 22:10:00,Netflix,Bills,1339.22,Wallet
U018,T00058_U018,2026-07-26 13:53:00,Swiggy,Healthcare,255.89,Wallet
U018,T00059_U018,2026-03-17 23:17:00,Myntra,Food,1505.1,UPI
U018,T00060_U018,2026-09-16 13:11:00,Swiggy,Healthcare,846.79,Wallet
U018,T00061_U018,2026-06-29 03:21:00,Amazon,Entertainment,2706.54,UPI
U018,T00062_U018,2026-04-04 23:05:00,Amazon,Shopping,4903.44,UPI
U018,T00063_U018,2026-07-11 14:05:00,Flipkart,Healthcare,838.68,Wallet
U018,T00064_U018,2026-04-08 23:48:00,Myntra,Healthcare,1154.09,Card
U018,T00065_U018,2026-04-02 08:08:00,Netflix,Bills,2043.01,Card
U018,T00066_U018,2026-04-13 05:18:00,Clinic,Travel,734.91,Card
U018,T00067_U018,2026-07-01 18:23:00,Clinic,Travel,3658.13,UPI
U018,T00068_U018,2026-01-19 18:24:00,Myntra,Shopping,2485.01,Card
U018,T00069_U018,2026-05-28 06:21:00,Uber,Healthcare,578.02,Card
U018,T00070_U018,2026-04-22 14:16:00,Amazon,Food,1340.87,Wallet
U018,T00071_U018,2026-04-06 15:08:00,Netflix,Entertainment,993.48,Card
U018,T00072_U018,2026-01-18 10:44:00,Netflix,Food,2186.39,UPI
U018,T00073_U018,2026-03-23 13:30:00,Netflix,Travel,1654.92,UPI
U018,T00074_U018,2026-04-06 11:19:00,Amazon,Shopping,1412.27,Card
U018,T00075_U018,2026-08-22 18:36:00,Gym,Bills,299.0,Card
U018,T00076_U018,2026-07-11 19:21:00,Local Store,Entertainment,820.42,UPI
U018,T00077_U018,2026-09-17 03:26:00,Uber,Entertainment,3298.84,UPI
U018,T00078_U018,2026-03-25 16:10:00,Flipkart,Travel,2383.59,Wallet
U018,T00079_U018,2026-03-13 04:42:00,Swiggy,Travel,3197.47,UPI
U018,T00080_U018,2026-06-27 14:25:00,Amazon,Shopping,102.02,UPI
U018,T00081_U018,2026-03-30 09:19:00,Myntra,Food,908.68,UPI
U018,T00082_U018,2026-05-06 04:43:00,Netflix,Bills,135.53,UPI
U018,T00083_U018,2026-08-30 17:43:00,Flipkart,Entertainment,3973.96,Card
U018,T00084_U018,2026-05-05 03:24:00,Myntra,Shopping,4142.39,Wallet
U018,T00085_U018,2026-08-06 19:25:00,Amazon,Bills,932.48,Wallet
U018,T00086_U018,2026-01-14 07:56:00,Myntra,Bills,1942.83,Card
U018,T00087_U018,2026-07-05 10:32:00,Local Store,Food,3939.29,UPI
U018,T00088_U018,2026-09-13 06:02:00,Myntra,Shopping,1144.96,Card
U018,T00089_U018,2026-04-03 13:09:00,Uber,Travel,1909.68,UPI
U018,T00090_U018,2026-05-14 13:11:00,Amazon,Shopping,1737.62,Card
U018,T00091_U018,2026-02-12 11:43:00,Amazon,Healthcare,1674.08,Card
U018,T00092_U018,2026-01-07 05:20:00,Amazon,Shopping,1747.12,Card
U018,T00093_U018,2026-07-25 13:49:00,Uber,Food,1119.95,Wallet
U018,T00094_U018,2026-03-01 19:51:00,Netflix,Entertainment,3493.95,Wallet
U018,T00095_U018,2026-07-06 03:50:00,Flipkart,Shopping,1883.11,UPI
U018,T00096_U018,2026-03-18 00:21:00,Uber,Healthcare,958.45,Wallet
U018,T00097_U018,2026-08-21 13:03:00,Uber,Entertainment,195.63,Card
U018,T00098_U018,2026-08-24 11:03:00,Netflix,Bills,705.58,Card
U018,T00099_U018,2026-06-01 00:34:00,Myntra,Travel,1741.5,Card
U019,T00000_U019,2026-01-19 19:07:00,Gym,Bills,299.0,UPI
U019,T00001_U019,2026-02-13 17:06:00,Myntra,Shopping,1619.01,Card
U019,T00002_U019,2026-06-26 14:44:00,Flipkart,Bills,2305.06,Wallet
U019,T00003_U019,2026-09-26 18:29:00,Amazon,Food,883.81,UPI
U019,T00004_U019,2026-03-17 19:46:00,Amazon,Healthcare,1016.59,Wallet
U019,T00005_U019,2026-02-10 10:59:00,Uber,Healthcare,1114.07,UPI
U019,T00006_U019,2026-04-05 23:16:00,Amazon,Healthcare,3853.15,UPI
U019,T00007_U019,2026-05-14 09:39:00,Flipkart,Bills,1766.22,UPI
U019,T00008_U019,2026-07-11 18:30:00,Flipkart,Shopping,759.49,UPI
U019,T00009_U019,2026-05-22 16:42:00,Local Store,Food,2283.39,Wallet
U019,T00010_U019,2026-05-26 08:00:00,Flipkart,Entertainment,144.93,Card
U019,T00011_U019,2026-03-08 08:17:00,Netflix,Entertainment,333.15,UPI
U019,T00012_U019,2026-01-10 22:20:00,Flipkart,Shopping,1567.33,Wallet
U019,T00013_U019,2026-08-24 18:26:00,Netflix,Healthcare,1399.5,Card
U019,T00014_U019,2026-01-07 10:21:00,Netflix,Travel,2074.31,UPI
U019,T00015_U019,2026-08-25 23:31:00,Amazon,Shopping,2193.67,Wallet
U019,T00016_U019,2026-02-10 20:31:00,Netflix,Bills,299.42,Wallet
U019,T00017_U019,2026-07-09 09:18:00,Clinic,Travel,1718.8,UPI
U019,T00018_U019,2026-03-21 19:37:00,Myntra,Shopping,1455.74,UPI
U019,T00019_U019,2026-05-26 17:47:00,Flipkart,Entertainment,1000.68,Wallet
U019,T00020_U019,2026-03-09 12:38:00,Amazon,Food,1049.8,UPI
U019,T00021_U019,2026-02-26 18:18:00,Flipkart,Shopping,1940.5,Card
U019,T00022_U019,2026-07-29 11:48:00,Myntra,Shopping,3217.78,Wallet
U019,T00023_U019,2026-02-24 21:56:00,Netflix,Healthcare,1305.53,Wallet
U019,T00024_U019,2026-07-20 07:54:00,Clinic,Entertainment,1916.39,Card
U019,T00025_U019,2026-08-19 05:59:00,Amazon Prime,Bills,999.0,Wallet
U019,T00026_U019,2026-03-30 21:58:00,Local Store,Food,2290.03,Card
U019,T00027_U019,2026-07-30 06:40:00,Flipkart,Food,733.62,UPI
U019,T00028_U019,2026-07-29 00:20:00,Flipkart,Bills,1341.17,Card
U019,T00029_U019,2026-01-12 23:38:00,Local Store,Healthcare,2428.67,UPI
U019,T00030_U019,2026-08-23 11:46:00,Flipkart,Shopping,1233.21,UPI
U019,T00031_U019,2026-06-15 04:18:00,Swiggy,Food,849.17,UPI
U019,T00032_U019,2026-08-16 07:50:00,Amazon,Shopping,1300.52,Wallet
U019,T00033_U019,2026-06-19 05:15:00,Amazon,Entertainment,116.52,UPI
U019,T00034_U019,2026-07-28 16:30:00,Amazon,Entertainment,3891.43,Wallet
U019,T00035_U019,2026-03-03 22:49:00,Swiggy,Bills,2146.1,UPI
U019,T00036_U019,2026-05-30 12:53:00,Swiggy,Healthcare,1723.82,Wallet
U019,T00037_U019,2026-08-14 13:50:00,Amazon,Food,450.36,Card
U019,T00038_U019,2026-02-27 23:10:00,Local Store,Travel,2009.76,UPI
U019,T00039_U019,2026-09-05 06:16:00,Netflix,Food,2066.29,Wallet
U019,T00040_U019,2026-09-09 07:48:00,Netflix,Travel,808.7,Card
U019,T00041_U019,2026-06-19 14:44:00,Uber,Travel,1526.63,UPI
U019,T00042_U019,2026-03-17 16:18:00,Flipkart,Food,2212.41,Wallet
U019,T00043_U019,2026-07-05 22:18:00,Myntra,Travel,2111.31,Wallet
U019,T00044_U019,2026-08-14 21:18:00,Myntra,Shopping,451.66,Card
U019,T00045_U019,2026-05-12 20:14:00,Flipkart,Food,1499.75,UPI
U019,T00046_U019,2026-01-07 08:23:00,Local Store,Healthcare,1244.74,UPI
U019,T00047_U019,2026-06-26 20:09:00,Netflix,Bills,1356.01,Card
U019,T00048_U019,2026-09-06 20:10:00,Clinic,Bills,520.93,Card
U019,T00049_U019,2026-01-08 21:04:00,Flipkart,Travel,842.34,UPI
U019,T00050_U019,2026-03-18 08:38:00,Amazon Prime,Bills,999.0,Card
U019,T00051_U019,2026-01-07 23:54:00,Flipkart,Bills,2545.51,UPI
U019,T00052_U019,2026-07-24 20:06:00,Amazon,Travel,751.54,Wallet
U019,T00053_U019,2026-02-10 01:28:00,Flipkart,Bills,1139.54,UPI
U019,T00054_U019,2026-05-06 07:44:00,Clinic,Healthcare,525.83,Wallet
U019,T00055_U019,2026-05-17 17:17:00,Flipkart,Food,1860.01,UPI
U019,T00056_U019,2026-03-09 16:19:00,Flipkart,Food,646.21,Wallet
U019,T00057_U019,2026-09-02 14:06:00,Swiggy,Bills,1477.11,UPI
U019,T00058_U019,2026-09-02 03:28:00,Clinic,Food,1172.28,Card
U019,T00059_U019,2026-06-03 18:00:00,Local Store,Bills,2793.39,Card
U019,T00060_U019,2026-04-10 18:51:00,Clinic,Healthcare,2481.37,Card
U019,T00061_U019,2026-07-28 19:17:00,Myntra,Entertainment,1410.09,Card
U019,T00062_U019,2026-06-03 08:55:00,Flipkart,Bills,1600.7,Wallet
U019,T00063_U019,2026-06-08 20:28:00,Myntra,Food,1270.19,Card
U019,T00064_U019,2026-09-18 15:31:00,Myntra,Shopping,257.34,Wallet
U019,T00065_U019,2026-06-05 03:59:00,Netflix,Entertainment,3265.88,UPI
U019,T00066_U019,2026-04-29 06:19:00,Uber,Bills,1409.97,UPI
U019,T00067_U019,2026-06-03 19:13:00,Myntra,Bills,1187.09,Card
U019,T00068_U019,2026-03-29 05:39:00,Myntra,Healthcare,1422.23,Card
U019,T00069_U019,2026-08-02 23:17:00,Amazon,Shopping,3049.98,Card
U019,T00070_U019,2026-06-20 23:22:00,Netflix,Healthcare,1648.32,Card
U019,T00071_U019,2026-08-02 00:48:00,Swiggy,Entertainment,5982.48,Card
U019,T00072_U019,2026-05-21 00:52:00,Flipkart,Healthcare,962.06,Card
U019,T00073_U019,2026-07-11 00:20:00,Local Store,Entertainment,1315.4,UPI
U019,T00074_U019,2026-04-21 19:32:00,Uber,Entertainment,356.4,UPI
U019,T00075_U019,2026-03-24 10:46:00,Netflix,Bills,999.0,Wallet
U019,T00076_U019,2026-09-07 07:17:00,Local Store,Bills,242.36,UPI
U019,T00077_U019,2026-06-25 08:34:00,Clinic,Travel,2316.65,UPI
U019,T00078_U019,2026-08-30 04:56:00,Amazon,Healthcare,2223.13,UPI
U019,T00079_U019,2026-03-19 18:19:00,Flipkart,Bills,1448.41,Card
U019,T00080_U019,2026-05-06 10:36:00,Uber,Bills,1436.02,Card
U019,T00081_U019,2026-01-12 04:49:00,Netflix,Food,3243.19,Card
U019,T00082_U019,2026-04-20 05:20:00,Flipkart,Entertainment,1205.93,Card
U019,T00083_U019,2026-04-12 21:45:00,Uber,Travel,1548.68,UPI
U019,T00084_U019,2026-03-13 03:41:00,Local Store,Entertainment,1514.11,UPI
U019,T00085_U019,2026-09-28 01:58:00,Netflix,Bills,241.59,Wallet
U019,T00086_U019,2026-06-17 17:31:00,Netflix,Travel,1622.5,Wallet
U019,T00087_U019,2026-02-08 18:05:00,Amazon,Bills,1376.23,Wallet
U019,T00088_U019,2026-02-14 18:59:00,Flipkart,Entertainment,1904.58,Wallet
U019,T00089_U019,2026-08-09 08:29:00,Myntra,Entertainment,1661.06,UPI
U019,T00090_U019,2026-04-04 20:36:00,Clinic,Travel,2396.96,Card
U019,T00091_U019,2026-01-11 12:36:00,Swiggy,Travel,1596.86,Card
U019,T00092_U019,2026-01-10 00:14:00,Local Store,Travel,783.51,Wallet
U019,T00093_U019,2026-06-17 17:29:00,Flipkart,Healthcare,1947.83,Wallet
U019,T00094_U019,2026-07-01 22:55:00,Myntra,Bills,729.51,Card
U019,T00095_U019,2026-04-03 03:01:00,Swiggy,Bills,5687.3,Card
U019,T00096_U019,2026-06-11 07:42:00,Myntra,Shopping,827.03,Card
U019,T00097_U019,2026-04-30 06:49:00,Swiggy,Travel,824.35,Card
U019,T00098_U019,2026-03-05 12:01:00,Flipkart,Entertainment,1577.7,Card
U019,T00099_U019,2026-04-12 06:49:00,Amazon,Entertainment,322.84,UPI
U020,T00000_U020,2026-09-17 18:46:00,Spotify,Bills,199.0,Card
U020,T00001_U020,2026-07-03 23:20:00,Flipkart,Entertainment,1119.75,Card
U020,T00002_U020,2026-05-11 16:07:00,Swiggy,Entertainment,117.41,Card
U020,T00003_U020,2026-07-24 03:22:00,Uber,Travel,2958.99,Wallet
U020,T00004_U020,2026-06-03 07:44:00,Local Store,Food,2670.64,Card
U020,T00005_U020,2026-06-15 01:09:00,Amazon,Shopping,1730.8,UPI
U020,T00006_U020,2026-08-29 01:03:00,Flipkart,Bills,5124.34,Card
U020,T00007_U020,2026-03-22 13:11:00,Flipkart,Shopping,1880.72,UPI
U020,T00008_U020,2026-07-06 03:50:00,Flipkart,Shopping,1700.81,Card
U020,T00009_U020,2026-05-16 19:20:00,Swiggy,Food,895.8,Card
U020,T00010_U020,2026-01-18 23:55:00,Flipkart,Shopping,288.6,Wallet
U020,T00011_U020,2026-09-26 05:10:00,Swiggy,Food,936.8,UPI
U020,T00012_U020,2026-02-17 13:04:00,Clinic,Food,1214.64,Card
U020,T00013_U020,2026-08-14 04:54:00,Swiggy,Bills,1210.68,Card
U020,T00014_U020,2026-03-07 10:42:00,Netflix,Bills,2396.57,Wallet
U020,T00015_U020,2026-02-19 15:31:00,Flipkart,Healthcare,402.0,Wallet
U020,T00016_U020,2026-03-08 04:14:00,Amazon,Healthcare,3017.76,Card
U020,T00017_U020,2026-02-23 07:14:00,Myntra,Travel,1852.07,Card
U020,T00018_U020,2026-06-18 22:29:00,Uber,Healthcare,1923.74,UPI
U020,T00019_U020,2026-06-17 13:23:00,Myntra,Healthcare,1490.48,UPI
U020,T00020_U020,2026-07-17 20:03:00,Flipkart,Shopping,134.37,UPI
U020,T00021_U020,2026-05-02 05:25:00,Swiggy,Travel,2337.78,Card
U020,T00022_U020,2026-04-07 20:55:00,Local Store,Bills,1185.05,UPI
U020,T00023_U020,2026-08-21 19:16:00,Clinic,Bills,382.77,Card
U020,T00024_U020,2026-09-21 10:21:00,Myntra,Shopping,918.36,Wallet
U020,T00025_U020,2026-08-22 21:06:00,Amazon Prime,Bills,199.0,Card
U020,T00026_U020,2026-08-07 20:01:00,Myntra,Bills,327.0,Card
U020,T00027_U020,2026-02-26 03:35:00,Uber,Healthcare,541.52,Card
U020,T00028_U020,2026-08-12 17:05:00,Myntra,Bills,1054.14,Wallet
U020,T00029_U020,2026-04-10 04:53:00,Flipkart,Healthcare,2431.3,Wallet
U020,T00030_U020,2026-07-01 16:38:00,Amazon,Shopping,3010.98,Wallet
U020,T00031_U020,2026-03-27 11:10:00,Myntra,Food,1623.78,Wallet
U020,T00032_U020,2026-04-26 22:09:00,Local Store,Bills,2159.91,Card
U020,T00033_U020,2026-01-26 12:18:00,Local Store,Entertainment,2244.99,Card
U020,T00034_U020,2026-06-14 04:46:00,Swiggy,Travel,446.34,Wallet
U020,T00035_U020,2026-06-09 06:59:00,Amazon,Healthcare,242.13,Card
U020,T00036_U020,2026-03-13 04:30:00,Myntra,Shopping,1258.83,Card
U020,T00037_U020,2026-04-10 07:53:00,Amazon,Travel,643.13,Card
U020,T00038_U020,2026-03-13 12:07:00,Myntra,Healthcare,593.99,UPI
U020,T00039_U020,2026-05-22 10:00:00,Amazon,Healthcare,1349.49,Wallet
U020,T00040_U020,2026-02-22 20:38:00,Flipkart,Entertainment,1685.01,Card
U020,T00041_U020,2026-03-05 17:47:00,Clinic,Bills,892.73,Wallet
U020,T00042_U020,2026-06-24 08:02:00,Uber,Entertainment,370.81,Card
U020,T00043_U020,2026-08-07 18:10:00,Clinic,Healthcare,1920.3,UPI
U020,T00044_U020,2026-09-25 03:05:00,Netflix,Healthcare,1151.06,Card
U020,T00045_U020,2026-08-10 13:03:00,Amazon,Healthcare,2176.4,Card
U020,T00046_U020,2026-05-22 08:40:00,Netflix,Bills,1107.15,Card
U020,T00047_U020,2026-07-02 02:00:00,Clinic,Food,1649.08,Wallet
U020,T00048_U020,2026-05-17 03:49:00,Clinic,Healthcare,2437.57,Card
U020,T00049_U020,2026-09-23 21:24:00,Amazon,Food,1516.82,Wallet
U020,T00050_U020,2026-02-20 18:06:00,Gym,Bills,999.0,Wallet
U020,T00051_U020,2026-01-21 11:41:00,Clinic,Entertainment,1476.03,Wallet
U020,T00052_U020,2026-01-20 12:52:00,Local Store,Healthcare,1705.76,UPI
U020,T00053_U020,2026-04-21 18:11:00,Netflix,Food,337.13,Card
U020,T00054_U020,2026-01-15 23:29:00,Netflix,Travel,2767.6,UPI
U020,T00055_U020,2026-05-22 14:50:00,Netflix,Food,1199.69,Wallet
U020,T00056_U020,2026-05-15 05:13:00,Netflix,Bills,1877.69,Card
U020,T00057_U020,2026-03-30 15:54:00,Netflix,Food,1539.82,UPI
U020,T00058_U020,2026-06-12 09:06:00,Amazon,Healthcare,1634.68,Card
U020,T00059_U020,2026-09-12 20:11:00,Flipkart,Entertainment,735.23,Wallet
U020,T00060_U020,2026-09-06 11:21:00,Netflix,Entertainment,1911.45,UPI
U020,T00061_U020,2026-06-15 00:07:00,Flipkart,Shopping,3627.46,Card
U020,T00062_U020,2026-04-02 12:39:00,Amazon,Healthcare,733.8,Wallet
U020,T00063_U020,2026-07-27 08:09:00,Netflix,Healthcare,1378.79,Card
U020,T00064_U020,2026-03-10 12:06:00,Uber,Healthcare,1572.21,UPI
U020,T00065_U020,2026-06-15 07:28:00,Flipkart,Food,1415.17,Wallet
U020,T00066_U020,2026-05-21 00:31:00,Flipkart,Shopping,866.62,UPI
U020,T00067_U020,2026-03-16 00:18:00,Myntra,Shopping,3103.94,Card
U020,T00068_U020,2026-04-09 13:11:00,Local Store,Bills,1605.41,Card
U020,T00069_U020,2026-05-14 22:50:00,Uber,Travel,1135.16,Card
U020,T00070_U020,2026-05-01 10:34:00,Amazon,Travel,3137.47,Wallet
U020,T00071_U020,2026-05-07 17:37:00,Flipkart,Shopping,2454.43,Wallet
U020,T00072_U020,2026-09-01 17:20:00,Flipkart,Food,3243.42,Wallet
U020,T00073_U020,2026-04-25 14:17:00,Swiggy,Bills,1204.57,Card
U020,T00074_U020,2026-09-12 18:27:00,Myntra,Food,153.08,Card
U020,T00075_U020,2026-01-30 11:30:00,Amazon Prime,Bills,499.0,Wallet
U020,T00076_U020,2026-01-15 22:38:00,Local Store,Entertainment,1790.12,UPI
U020,T00077_U020,2026-07-22 06:42:00,Uber,Entertainment,1392.15,Wallet
U020,T00078_U020,2026-06-05 10:14:00,Local Store,Bills,727.99,Wallet
U020,T00079_U020,2026-06-11 00:39:00,Netflix,Food,2479.57,UPI
U020,T00080_U020,2026-02-02 16:26:00,Myntra,Healthcare,2599.6,Wallet
U020,T00081_U020,2026-04-02 05:01:00,Clinic,Healthcare,2709.29,UPI
U020,T00082_U020,2026-07-26 18:44:00,Local Store,Healthcare,2031.79,Card
U020,T00083_U020,2026-08-31 04:54:00,Myntra,Travel,781.38,Card
U020,T00084_U020,2026-09-13 02:11:00,Local Store,Travel,782.55,Wallet
U020,T00085_U020,2026-02-11 10:28:00,Uber,Food,148.96,Wallet
U020,T00086_U020,2026-02-01 17:03:00,Netflix,Healthcare,395.47,Wallet
U020,T00087_U020,2026-01-07 00:20:00,Uber,Entertainment,288.42,Wallet
U020,T00088_U020,2026-07-11 02:11:00,Myntra,Shopping,671.89,UPI
U020,T00089_U020,2026-03-21 19:23:00,Myntra,Bills,2239.45,Wallet
U020,T00090_U020,2026-04-01 16:09:00,Swiggy,Entertainment,3103.53,UPI
U020,T00091_U020,2026-06-09 09:06:00,Myntra,Travel,1516.26,UPI
U020,T00092_U020,2026-02-21 15:12:00,Myntra,Bills,2493.62,Card
U020,T00093_U020,2026-08-21 21:35:00,Clinic,Entertainment,2365.63,Wallet
U020,T00094_U020,2026-02-03 10:15:00,Myntra,Travel,1250.91,UPI
U020,T00095_U020,2026-07-26 01:22:00,Clinic,Food,3553.74,Wallet
U020,T00096_U020,2026-02-20 16:05:00,Netflix,Healthcare,2288.48,Wallet
U020,T00097_U020,2026-09-25 12:48:00,Flipkart,Bills,778.15,UPI
U020,T00098_U020,2026-08-18 06:18:00,Local Store,Healthcare,1070.17,Card
U020,T00099_U020,2026-02-12 15:01:00,Amazon,Entertainment,871.63,Card
U021,T00000_U021,2026-07-19 09:31:00,Netflix,Bills,299.0,UPI
U021,T00001_U021,2026-06-07 18:47:00,Myntra,Bills,1638.24,Wallet
U021,T00002_U021,2026-01-25 17:01:00,Uber,Food,1023.76,Card
U021,T00003_U021,2026-01-27 21:55:00,Myntra,Entertainment,1320.99,Wallet
U021,T00004_U021,2026-01-23 06:06:00,Myntra,Entertainment,2241.65,Wallet
U021,T00005_U021,2026-06-13 02:45:00,Amazon,Shopping,923.04,UPI
U021,T00006_U021,2026-07-15 06:57:00,Amazon,Healthcare,2318.35,UPI
U021,T00007_U021,2026-05-04 21:52:00,Myntra,Travel,4595.46,Card
U021,T00008_U021,2026-07-25 01:09:00,Myntra,Shopping,2039.22,Wallet
U021,T00009_U021,2026-06-08 06:56:00,Uber,Healthcare,1082.09,UPI
U021,T00010_U021,2026-08-01 13:24:00,Flipkart,Travel,3276.8,Wallet
U021,T00011_U021,2026-01-06 20:44:00,Swiggy,Entertainment,1770.4,Card
U021,T00012_U021,2026-03-07 21:44:00,Amazon,Shopping,1630.23,UPI
U021,T00013_U021,2026-09-08 02:11:00,Netflix,Bills,811.75,Wallet
U021,T00014_U021,2026-07-23 09:34:00,Uber,Travel,2153.22,Card
U021,T00015_U021,2026-02-25 03:25:00,Amazon,Shopping,2073.49,Wallet
U021,T00016_U021,2026-01-19 15:30:00,Amazon,Food,648.75,Card
U021,T00017_U021,2026-04-05 02:48:00,Amazon,Healthcare,1619.2,UPI
U021,T00018_U021,2026-08-15 19:49:00,Flipkart,Food,1944.52,Wallet
U021,T00019_U021,2026-06-12 01:36:00,Myntra,Food,1622.71,UPI
U021,T00020_U021,2026-06-29 14:12:00,Swiggy,Healthcare,1374.25,Card
U021,T00021_U021,2026-09-16 02:14:00,Amazon,Shopping,1454.19,Card
U021,T00022_U021,2026-02-05 07:38:00,Uber,Bills,1888.48,Card
U021,T00023_U021,2026-01-30 03:43:00,Local Store,Food,2616.26,Wallet
U021,T00024_U021,2026-06-14 11:02:00,Amazon,Shopping,1742.36,Card
U021,T00025_U021,2026-01-02 18:03:00,Netflix,Bills,199.0,UPI
U021,T00026_U021,2026-09-01 18:41:00,Uber,Entertainment,2634.63,Wallet
U021,T00027_U021,2026-05-02 21:31:00,Uber,Bills,1847.77,Card
U021,T00028_U021,2026-09-03 04:29:00,Netflix,Bills,1468.07,Card
U021,T00029_U021,2026-05-12 05:23:00,Swiggy,Healthcare,1136.17,Card
U021,T00030_U021,2026-03-15 01:29:00,Flipkart,Entertainment,2933.14,Wallet
U021,T00031_U021,2026-06-30 06:25:00,Local Store,Entertainment,1882.65,Card
U021,T00032_U021,2026-08-26 11:21:00,Local Store,Travel,419.48,Wallet
U021,T00033_U021,2026-04-16 07:13:00,Flipkart,Healthcare,1464.13,Wallet
U021,T00034_U021,2026-07-06 14:35:00,Netflix,Entertainment,1645.6,UPI
U021,T00035_U021,2026-07-21 04:30:00,Clinic,Food,1381.37,Wallet
U021,T00036_U021,2026-07-31 01:12:00,Flipkart,Shopping,2583.88,Card
U021,T00037_U021,2026-04-03 14:01:00,Flipkart,Healthcare,1779.24,Card
U021,T00038_U021,2026-03-21 20:25:00,Flipkart,Bills,461.64,Card
U021,T00039_U021,2026-08-28 07:55:00,Myntra,Healthcare,3067.9,Wallet
U021,T00040_U021,2026-01-19 21:06:00,Amazon,Food,151.52,UPI
U021,T00041_U021,2026-06-19 02:20:00,Flipkart,Travel,3336.82,Card
U021,T00042_U021,2026-02-03 11:39:00,Clinic,Travel,2186.34,Card
U021,T00043_U021,2026-06-05 03:51:00,Myntra,Bills,4157.2,Wallet
U021,T00044_U021,2026-07-29 05:35:00,Clinic,Bills,2536.01,UPI
U021,T00045_U021,2026-02-28 21:09:00,Amazon,Entertainment,2503.93,Card
U021,T00046_U021,2026-08-31 12:30:00,Myntra,Shopping,2998.9,Card
U021,T00047_U021,2026-04-04 14:57:00,Clinic,Food,3921.68,Card
U021,T00048_U021,2026-02-13 11:04:00,Flipkart,Shopping,1597.67,Card
U021,T00049_U021,2026-03-18 03:59:00,Flipkart,Healthcare,3189.08,Wallet
U021,T00050_U021,2026-02-12 11:38:00,Gym,Bills,299.0,Card
U021,T00051_U021,2026-05-10 06:32:00,Swiggy,Travel,1275.06,UPI
U021,T00052_U021,2026-01-27 20:15:00,Uber,Healthcare,731.47,Card
U021,T00053_U021,2026-06-22 01:17:00,Clinic,Healthcare,2242.96,UPI
U021,T00054_U021,2026-03-08 19:00:00,Swiggy,Healthcare,826.51,UPI
U021,T00055_U021,2026-08-29 12:24:00,Uber,Food,2602.86,Wallet
U021,T00056_U021,2026-08-06 13:45:00,Myntra,Travel,2362.98,Wallet
U021,T00057_U021,2026-05-14 17:12:00,Uber,Entertainment,740.01,Card
U021,T00058_U021,2026-02-13 21:58:00,Amazon,Travel,155.22,UPI
U021,T00059_U021,2026-02-24 07:04:00,Flipkart,Shopping,255.9,UPI
U021,T00060_U021,2026-02-14 02:00:00,Swiggy,Healthcare,2500.34,Wallet
U021,T00061_U021,2026-02-06 04:37:00,Clinic,Healthcare,2149.79,Wallet
U021,T00062_U021,2026-02-24 19:07:00,Myntra,Food,578.85,Wallet
U021,T00063_U021,2026-02-11 05:05:00,Amazon,Healthcare,109.22,Wallet
U021,T00064_U021,2026-04-30 06:03:00,Amazon,Healthcare,1748.93,UPI
U021,T00065_U021,2026-09-01 06:45:00,Myntra,Entertainment,2188.91,Wallet
U021,T00066_U021,2026-02-01 14:11:00,Swiggy,Bills,575.87,Card
U021,T00067_U021,2026-03-15 17:36:00,Amazon,Shopping,1786.88,UPI
U021,T00068_U021,2026-04-06 10:48:00,Flipkart,Shopping,1047.2,Card
U021,T00069_U021,2026-07-31 16:40:00,Flipkart,Travel,2089.52,Wallet
U021,T00070_U021,2026-05-04 16:00:00,Uber,Healthcare,1030.62,UPI
U021,T00071_U021,2026-02-02 15:22:00,Swiggy,Healthcare,2943.72,UPI
U021,T00072_U021,2026-08-17 00:47:00,Amazon,Healthcare,1417.19,Card
U021,T00073_U021,2026-02-03 18:16:00,Netflix,Healthcare,2120.02,Card
U021,T00074_U021,2026-07-09 15:19:00,Netflix,Entertainment,1410.2,Wallet
U021,T00075_U021,2026-04-08 07:37:00,Gym,Bills,999.0,Card
U021,T00076_U021,2026-07-26 14:55:00,Clinic,Entertainment,466.44,Wallet
U021,T00077_U021,2026-07-17 13:01:00,Flipkart,Shopping,1015.5,UPI
U021,T00078_U021,2026-07-24 11:00:00,Myntra,Entertainment,462.49,UPI
U021,T00079_U021,2026-04-22 03:01:00,Clinic,Entertainment,614.29,UPI
U021,T00080_U021,2026-09-12 12:10:00,Uber,Travel,646.57,Card
U021,T00081_U021,2026-09-13 13:27:00,Amazon,Shopping,2425.84,Card
U021,T00082_U021,2026-02-24 02:20:00,Clinic,Healthcare,1869.01,Wallet
U021,T00083_U021,2026-09-11 06:26:00,Swiggy,Entertainment,2396.46,Wallet
U021,T00084_U021,2026-03-23 10:40:00,Local Store,Travel,1567.9,Wallet
U021,T00085_U021,2026-03-08 16:18:00,Netflix,Travel,2037.1,UPI
U021,T00086_U021,2026-07-09 18:30:00,Swiggy,Food,1172.99,Card
U021,T00087_U021,2026-05-07 06:20:00,Flipkart,Healthcare,2284.35,Card
U021,T00088_U021,2026-09-01 08:35:00,Netflix,Travel,3412.54,Card
U021,T00089_U021,2026-04-28 22:37:00,Flipkart,Bills,2871.28,Wallet
U021,T00090_U021,2026-08-29 00:20:00,Amazon,Bills,1785.81,Wallet
U021,T00091_U021,2026-09-09 14:38:00,Uber,Healthcare,260.62,Card
U021,T00092_U021,2026-04-09 08:45:00,Amazon,Shopping,2134.65,Card
U021,T00093_U021,2026-05-07 07:40:00,Netflix,Food,954.81,Wallet
U021,T00094_U021,2026-09-05 17:09:00,Netflix,Travel,1833.43,Wallet
U021,T00095_U021,2026-04-13 20:12:00,Amazon,Bills,809.49,UPI
U021,T00096_U021,2026-04-10 16:51:00,Uber,Bills,695.74,Card
U021,T00097_U021,2026-08-05 22:52:00,Uber,Food,955.36,UPI
U021,T00098_U021,2026-01-15 20:41:00,Amazon,Entertainment,984.72,UPI
U021,T00099_U021,2026-08-17 20:24:00,Myntra,Bills,1525.23,Card
U022,T00000_U022,2026-02-25 08:29:00,Gym,Bills,499.0,UPI
U022,T00001_U022,2026-03-07 10:01:00,Swiggy,Food,2182.57,Wallet
U022,T00002_U022,2026-09-02 11:09:00,Local Store,Travel,2418.94,Wallet
U022,T00003_U022,2026-06-15 12:11:00,Swiggy,Travel,1644.69,Card
U022,T00004_U022,2026-01-21 16:03:00,Myntra,Healthcare,1292.02,UPI
U022,T00005_U022,2026-03-13 04:06:00,Myntra,Bills,2979.56,Card
U022,T00006_U022,2026-07-02 10:05:00,Netflix,Entertainment,3031.79,Wallet
U022,T00007_U022,2026-02-01 16:26:00,Local Store,Healthcare,2895.2,UPI
U022,T00008_U022,2026-04-17 14:10:00,Uber,Food,645.75,UPI
U022,T00009_U022,2026-01-13 01:41:00,Flipkart,Healthcare,1410.62,UPI
U022,T00010_U022,2026-03-20 04:32:00,Netflix,Travel,1590.45,Card
U022,T00011_U022,2026-01-10 16:48:00,Clinic,Travel,156.43,Wallet
U022,T00012_U022,2026-08-01 17:04:00,Flipkart,Food,2071.39,Wallet
U022,T00013_U022,2026-09-09 00:22:00,Amazon,Healthcare,2030.82,UPI
U022,T00014_U022,2026-07-23 06:09:00,Swiggy,Bills,2296.48,Wallet
U022,T00015_U022,2026-05-25 08:35:00,Local Store,Travel,483.67,UPI
U022,T00016_U022,2026-05-12 10:12:00,Uber,Travel,1042.32,Wallet
U022,T00017_U022,2026-05-27 14:01:00,Local Store,Entertainment,591.02,UPI
U022,T00018_U022,2026-01-22 12:51:00,Flipkart,Food,580.34,Wallet
U022,T00019_U022,2026-06-02 22:43:00,Flipkart,Shopping,1201.53,UPI
U022,T00020_U022,2026-05-10 06:32:00,Uber,Food,129.66,UPI
U022,T00021_U022,2026-06-20 06:31:00,Local Store,Healthcare,1827.93,Card
U022,T00022_U022,2026-07-20 19:48:00,Flipkart,Shopping,1252.42,Card
U022,T00023_U022,2026-05-08 02:39:00,Swiggy,Food,3291.55,UPI
U022,T00024_U022,2026-05-21 00:19:00,Local Store,Entertainment,3277.98,UPI
U022,T00025_U022,2026-01-28 11:13:00,Amazon Prime,Bills,199.0,Card
U022,T00026_U022,2026-08-02 20:01:00,Swiggy,Travel,3252.99,Card
U022,T00027_U022,2026-08-22 06:07:00,Swiggy,Healthcare,2212.7,Card
U022,T00028_U022,2026-03-31 00:07:00,Flipkart,Food,3612.06,Card
U022,T00029_U022,2026-05-19 00:44:00,Clinic,Bills,399.05,UPI
U022,T00030_U022,2026-02-03 12:43:00,Swiggy,Entertainment,292.48,Card
U022,T00031_U022,2026-07-31 05:00:00,Swiggy,Bills,3297.33,Card
U022,T00032_U022,2026-05-25 23:30:00,Amazon,Shopping,204.64,UPI
U022,T00033_U022,2026-08-18 00:41:00,Local Store,Food,2294.91,UPI
U022,T00034_U022,2026-01-25 09:23:00,Netflix,Food,1195.02,Card
U022,T00035_U022,2026-03-25 11:42:00,Myntra,Travel,869.71,Wallet
U022,T00036_U022,2026-06-27 13:11:00,Local Store,Bills,993.06,Card
U022,T00037_U022,2026-05-30 04:52:00,Clinic,Healthcare,4658.96,UPI
U022,T00038_U022,2026-05-10 04:21:00,Clinic,Travel,1746.11,Wallet
U022,T00039_U022,2026-03-26 01:21:00,Myntra,Bills,2272.06,Wallet
U022,T00040_U022,2026-03-23 18:08:00,Myntra,Shopping,296.18,UPI
U022,T00041_U022,2026-09-14 17:02:00,Amazon,Bills,1481.12,Card
U022,T00042_U022,2026-03-26 23:14:00,Netflix,Healthcare,1691.71,Card
U022,T00043_U022,2026-07-22 16:42:00,Flipkart,Entertainment,1484.85,Wallet
U022,T00044_U022,2026-07-28 22:48:00,Flipkart,Food,2558.7,Wallet
U022,T00045_U022,2026-04-07 22:00:00,Amazon,Bills,1288.49,UPI
U022,T00046_U022,2026-06-06 07:48:00,Uber,Entertainment,2080.56,Wallet
U022,T00047_U022,2026-02-19 06:01:00,Swiggy,Food,809.88,UPI
U022,T00048_U022,2026-04-06 21:04:00,Uber,Food,1186.24,UPI
U022,T00049_U022,2026-08-05 11:42:00,Swiggy,Entertainment,2555.97,Card
U022,T00050_U022,2026-07-11 06:19:00,Netflix,Bills,999.0,UPI
U022,T00051_U022,2026-09-13 10:22:00,Uber,Food,1781.52,Card
U022,T00052_U022,2026-02-20 13:44:00,Netflix,Bills,2377.89,Wallet
U022,T00053_U022,2026-09-09 00:24:00,Clinic,Food,2230.69,Card
U022,T00054_U022,2026-02-17 02:15:00,Amazon,Healthcare,1934.99,UPI
U022,T00055_U022,2026-08-29 01:20:00,Clinic,Travel,1048.8,UPI
U022,T00056_U022,2026-01-15 16:28:00,Myntra,Food,1211.63,Wallet
U022,T00057_U022,2026-07-18 17:41:00,Swiggy,Healthcare,707.69,UPI
U022,T00058_U022,2026-09-22 15:11:00,Uber,Entertainment,2148.53,UPI
U022,T00059_U022,2026-05-29 19:21:00,Amazon,Entertainment,3452.71,UPI
U022,T00060_U022,2026-04-12 15:31:00,Flipkart,Shopping,1029.53,Wallet
U022,T00061_U022,2026-04-01 12:02:00,Myntra,Travel,1204.01,Wallet
U022,T00062_U022,2026-09-10 07:45:00,Amazon,Entertainment,343.69,UPI
U022,T00063_U022,2026-03-09 23:38:00,Swiggy,Bills,1562.12,Wallet
U022,T00064_U022,2026-08-09 00:45:00,Netflix,Bills,1906.8,Card
U022,T00065_U022,2026-01-18 08:27:00,Local Store,Bills,260.65,UPI
U022,T00066_U022,2026-05-15 21:22:00,Local Store,Entertainment,1317.07,UPI
U022,T00067_U022,2026-03-12 03:01:00,Myntra,Shopping,2299.37,Wallet
U022,T00068_U022,2026-07-11 17:16:00,Amazon,Entertainment,2430.08,Wallet
U022,T00069_U022,2026-04-05 18:26:00,Swiggy,Food,866.39,UPI
U022,T00070_U022,2026-07-20 00:23:00,Swiggy,Food,580.42,Wallet
U022,T00071_U022,2026-01-05 09:56:00,Amazon,Shopping,4361.9,UPI
U022,T00072_U022,2026-09-01 15:30:00,Flipkart,Shopping,843.88,Wallet
U022,T00073_U022,2026-02-06 04:42:00,Flipkart,Shopping,2486.66,UPI
U022,T00074_U022,2026-03-26 07:40:00,Netflix,Entertainment,2350.26,Card
U022,T00075_U022,2026-07-28 01:48:00,Amazon Prime,Bills,999.0,Card
U022,T00076_U022,2026-04-26 23:58:00,Myntra,Shopping,2605.23,Wallet
U022,T00077_U022,2026-03-22 07:38:00,Uber,Bills,1293.12,UPI
U022,T00078_U022,2026-08-10 19:01:00,Amazon,Entertainment,1448.05,Wallet
U022,T00079_U022,2026-03-16 20:02:00,Uber,Travel,1043.84,Card
U022,T00080_U022,2026-06-24 09:53:00,Netflix,Bills,2306.38,Card
U022,T00081_U022,2026-09-19 15:24:00,Myntra,Healthcare,1226.39,UPI
U022,T00082_U022,2026-09-08 10:34:00,Amazon,Bills,703.82,Card
U022,T00083_U022,2026-05-19 09:38:00,Flipkart,Bills,851.32,Card
U022,T00084_U022,2026-05-03 18:12:00,Uber,Travel,822.71,Wallet
U022,T00085_U022,2026-07-30 08:16:00,Local Store,Bills,2305.94,Wallet
U022,T00086_U022,2026-03-13 22:18:00,Flipkart,Shopping,1810.29,Card
U022,T00087_U022,2026-04-15 14:37:00,Myntra,Bills,381.31,Wallet
U022,T00088_U022,2026-05-30 20:15:00,Myntra,Shopping,926.66,Card
U022,T00089_U022,2026-05-06 12:30:00,Uber,Healthcare,2337.96,Card
U022,T00090_U022,2026-06-24 04:16:00,Amazon,Bills,1254.4,Wallet
U022,T00091_U022,2026-07-21 00:04:00,Flipkart,Shopping,3300.08,Wallet
U022,T00092_U022,2026-05-22 16:36:00,Flipkart,Entertainment,737.68,Card
U022,T00093_U022,2026-09-08 19:06:00,Local Store,Entertainment,1028.52,UPI
U022,T00094_U022,2026-03-13 05:07:00,Swiggy,Travel,198.48,UPI
U022,T00095_U022,2026-05-23 03:35:00,Uber,Bills,473.63,Wallet
U022,T00096_U022,2026-08-05 06:02:00,Swiggy,Healthcare,181.78,Wallet
U022,T00097_U022,2026-05-22 09:27:00,Flipkart,Shopping,629.05,Wallet
U022,T00098_U022,2026-05-17 17:22:00,Flipkart,Shopping,155.09,Card
U022,T00099_U022,2026-04-23 05:51:00,Flipkart,Entertainment,1400.11,UPI
U023,T00000_U023,2026-03-24 02:36:00,Spotify,Bills,999.0,UPI
U023,T00001_U023,2026-05-04 14:39:00,Amazon,Shopping,3277.5,UPI
U023,T00002_U023,2026-06-07 13:37:00,Local Store,Bills,1170.8,UPI
U023,T00003_U023,2026-02-21 02:26:00,Clinic,Healthcare,1879.54,Card
U023,T00004_U023,2026-07-14 00:34:00,Flipkart,Travel,3200.53,Wallet
U023,T00005_U023,2026-06-25 10:01:00,Local Store,Entertainment,2111.73,Wallet
U023,T00006_U023,2026-04-16 11:09:00,Amazon,Healthcare,1542.29,Wallet
U023,T00007_U023,2026-07-13 05:50:00,Flipkart,Entertainment,623.03,Card
U023,T00008_U023,2026-07-27 08:15:00,Uber,Healthcare,2256.29,Card
U023,T00009_U023,2026-08-29 00:43:00,Flipkart,Bills,3301.17,UPI
U023,T00010_U023,2026-07-19 18:22:00,Local Store,Travel,149.19,Card
U023,T00011_U023,2026-08-17 13:05:00,Uber,Entertainment,935.75,Card
U023,T00012_U023,2026-07-07 08:30:00,Flipkart,Shopping,625.93,Wallet
U023,T00013_U023,2026-09-22 19:33:00,Myntra,Shopping,2449.99,UPI
U023,T00014_U023,2026-04-28 02:45:00,Flipkart,Shopping,3302.93,Card
U023,T00015_U023,2026-08-20 04:18:00,Amazon,Shopping,1337.97,Card
U023,T00016_U023,2026-06-09 05:33:00,Flipkart,Food,2192.34,Wallet
U023,T00017_U023,2026-01-27 18:41:00,Myntra,Healthcare,791.78,Card
U023,T00018_U023,2026-08-05 05:15:00,Flipkart,Food,1950.9,UPI
U023,T00019_U023,2026-05-18 05:34:00,Clinic,Food,1428.25,Card
U023,T00020_U023,2026-04-02 04:34:00,Myntra,Shopping,3543.73,Wallet
U023,T00021_U023,2026-01-11 16:32:00,Local Store,Food,423.88,UPI
U023,T00022_U023,2026-08-29 04:54:00,Myntra,Shopping,6079.91,Card
U023,T00023_U023,2026-05-06 14:11:00,Amazon,Healthcare,1812.23,UPI
U023,T00024_U023,2026-01-22 02:24:00,Myntra,Shopping,1160.43,Wallet
U023,T00025_U023,2026-07-22 17:34:00,Gym,Bills,499.0,Wallet
U023,T00026_U023,2026-07-27 08:33:00,Myntra,Entertainment,1307.57,Card
U023,T00027_U023,2026-03-06 01:13:00,Netflix,Food,2504.25,Card
U023,T00028_U023,2026-07-15 12:19:00,Swiggy,Travel,854.91,UPI
U023,T00029_U023,2026-01-09 06:27:00,Myntra,Healthcare,1179.86,Wallet
U023,T00030_U023,2026-03-13 20:50:00,Local Store,Travel,686.78,UPI
U023,T00031_U023,2026-04-27 14:16:00,Local Store,Entertainment,1219.24,Card
U023,T00032_U023,2026-07-10 06:29:00,Amazon,Shopping,2403.08,UPI
U023,T00033_U023,2026-02-21 09:23:00,Netflix,Food,1216.21,Card
U023,T00034_U023,2026-08-10 02:38:00,Netflix,Travel,3077.21,UPI
U023,T00035_U023,2026-09-03 02:22:00,Flipkart,Travel,1502.37,UPI
U023,T00036_U023,2026-03-16 23:45:00,Uber,Bills,355.03,Wallet
U023,T00037_U023,2026-09-24 11:01:00,Local Store,Entertainment,901.7,Wallet
U023,T00038_U023,2026-08-24 11:39:00,Uber,Travel,983.12,Wallet
U023,T00039_U023,2026-03-05 14:48:00,Local Store,Entertainment,2375.19,Wallet
U023,T00040_U023,2026-09-17 02:09:00,Netflix,Entertainment,2372.99,Wallet
U023,T00041_U023,2026-05-17 04:09:00,Amazon,Shopping,2043.63,UPI
U023,T00042_U023,2026-01-23 09:00:00,Amazon,Shopping,1104.1,Card
U023,T00043_U023,2026-03-19 13:35:00,Uber,Bills,2477.02,UPI
U023,T00044_U023,2026-01-01 02:10:00,Uber,Food,4231.75,UPI
U023,T00045_U023,2026-09-10 03:05:00,Clinic,Healthcare,2744.22,Wallet
U023,T00046_U023,2026-07-10 15:16:00,Netflix,Bills,1615.66,Card
U023,T00047_U023,2026-09-27 04:42:00,Uber,Healthcare,3346.94,UPI
U023,T00048_U023,2026-04-26 00:27:00,Uber,Entertainment,1292.46,Card
U023,T00049_U023,2026-07-27 01:37:00,Uber,Travel,427.98,UPI
U023,T00050_U023,2026-04-23 07:29:00,Amazon Prime,Bills,999.0,Wallet
U023,T00051_U023,2026-07-24 13:36:00,Uber,Travel,294.71,UPI
U023,T00052_U023,2026-09-04 21:04:00,Swiggy,Travel,2121.51,UPI
U023,T00053_U023,2026-08-01 15:01:00,Netflix,Travel,532.85,Card
U023,T00054_U023,2026-07-22 18:13:00,Local Store,Entertainment,2138.68,Card
U023,T00055_U023,2026-05-05 19:51:00,Myntra,Shopping,704.64,UPI
U023,T00056_U023,2026-02-21 02:05:00,Swiggy,Healthcare,644.15,UPI
U023,T00057_U023,2026-03-19 01:00:00,Myntra,Entertainment,232.69,Card
U023,T00058_U023,2026-07-02 21:36:00,Swiggy,Food,718.89,UPI
U023,T00059_U023,2026-01-20 18:05:00,Swiggy,Food,2071.43,UPI
U023,T00060_U023,2026-03-29 12:52:00,Amazon,Entertainment,1062.81,Wallet
U023,T00061_U023,2026-02-06 19:18:00,Myntra,Shopping,1209.61,UPI
U023,T00062_U023,2026-09-21 03:31:00,Flipkart,Bills,1968.37,Card
U023,T00063_U023,2026-03-25 22:30:00,Netflix,Entertainment,2384.09,Card
U023,T00064_U023,2026-05-31 20:45:00,Local Store,Entertainment,2827.17,Card
U023,T00065_U023,2026-06-17 06:15:00,Myntra,Entertainment,1787.76,UPI
U023,T00066_U023,2026-02-10 01:37:00,Myntra,Food,506.89,UPI
U023,T00067_U023,2026-02-07 09:49:00,Netflix,Travel,1490.25,Wallet
U023,T00068_U023,2026-09-04 13:26:00,Uber,Food,3214.16,Card
U023,T00069_U023,2026-01-18 11:10:00,Flipkart,Entertainment,928.21,UPI
U023,T00070_U023,2026-01-17 08:24:00,Myntra,Shopping,1212.41,Wallet
U023,T00071_U023,2026-06-15 14:08:00,Local Store,Travel,1680.17,Wallet
U023,T00072_U023,2026-04-05 00:55:00,Amazon,Shopping,3127.09,UPI
U023,T00073_U023,2026-03-13 07:32:00,Clinic,Bills,2396.95,UPI
U023,T00074_U023,2026-04-03 13:02:00,Netflix,Food,3325.69,Card
U023,T00075_U023,2026-06-22 00:06:00,Amazon Prime,Bills,999.0,Wallet
U023,T00076_U023,2026-04-11 13:49:00,Swiggy,Healthcare,1191.89,Wallet
U023,T00077_U023,2026-05-29 17:48:00,Swiggy,Entertainment,950.54,Wallet
U023,T00078_U023,2026-02-02 15:53:00,Clinic,Entertainment,3869.75,UPI
U023,T00079_U023,2026-06-11 18:14:00,Uber,Entertainment,820.68,Wallet
U023,T00080_U023,2026-01-20 07:42:00,Uber,Bills,1047.55,UPI
U023,T00081_U023,2026-04-28 01:14:00,Flipkart,Entertainment,2878.76,Card
U023,T00082_U023,2026-08-02 00:32:00,Uber,Healthcare,4873.85,Wallet
U023,T00083_U023,2026-04-20 17:42:00,Uber,Bills,1971.22,UPI
U023,T00084_U023,2026-07-19 17:46:00,Myntra,Travel,1408.15,UPI
U023,T00085_U023,2026-01-08 21:27:00,Netflix,Food,1652.42,Card
U023,T00086_U023,2026-01-11 03:08:00,Uber,Healthcare,659.69,Card
U023,T00087_U023,2026-08-01 05:57:00,Flipkart,Entertainment,2754.9,Card
U023,T00088_U023,2026-06-08 17:44:00,Amazon,Bills,282.94,UPI
U023,T00089_U023,2026-03-04 00:15:00,Uber,Food,4415.88,UPI
U023,T00090_U023,2026-09-14 17:29:00,Amazon,Bills,1254.98,Wallet
U023,T00091_U023,2026-05-23 02:22:00,Netflix,Food,871.19,Wallet
U023,T00092_U023,2026-05-09 23:01:00,Amazon,Bills,3011.07,Card
U023,T00093_U023,2026-03-24 16:52:00,Flipkart,Healthcare,1248.86,Wallet
U023,T00094_U023,2026-06-29 00:21:00,Local Store,Entertainment,936.18,UPI
U023,T00095_U023,2026-03-27 06:39:00,Clinic,Healthcare,1956.31,Wallet
U023,T00096_U023,2026-02-04 23:14:00,Clinic,Healthcare,2985.34,Card
U023,T00097_U023,2026-04-12 01:02:00,Flipkart,Entertainment,146.93,Wallet
U023,T00098_U023,2026-07-10 20:21:00,Swiggy,Entertainment,2427.0,Card
U023,T00099_U023,2026-02-13 04:53:00,Amazon,Food,2179.92,Wallet
U024,T00000_U024,2026-06-24 03:39:00,Gym,Bills,499.0,UPI
U024,T00001_U024,2026-02-24 01:19:00,Myntra,Healthcare,2957.94,UPI
U024,T00002_U024,2026-05-24 10:54:00,Amazon,Entertainment,2440.31,Card
U024,T00003_U024,2026-02-08 15:19:00,Uber,Healthcare,1076.49,UPI
U024,T00004_U024,2026-05-26 10:11:00,Amazon,Healthcare,2186.81,Wallet
U024,T00005_U024,2026-02-21 11:07:00,Uber,Food,1943.2,Card
U024,T00006_U024,2026-03-05 05:36:00,Flipkart,Shopping,931.81,Wallet
U024,T00007_U024,2026-02-10 22:35:00,Uber,Bills,2275.17,Wallet
U024,T00008_U024,2026-06-02 03:57:00,Swiggy,Entertainment,1880.72,Card
U024,T00009_U024,2026-05-18 23:03:00,Amazon,Shopping,574.81,UPI
U024,T00010_U024,2026-09-02 01:30:00,Local Store,Travel,2992.39,Wallet
U024,T00011_U024,2026-05-07 02:21:00,Amazon,Shopping,2481.75,Wallet
U024,T00012_U024,2026-01-09 15:13:00,Myntra,Healthcare,506.49,Wallet
U024,T00013_U024,2026-09-18 07:26:00,Uber,Food,1484.06,Wallet
U024,T00014_U024,2026-04-07 15:35:00,Flipkart,Shopping,1131.34,Wallet
U024,T00015_U024,2026-07-18 06:52:00,Uber,Bills,926.24,Card
U024,T00016_U024,2026-07-30 18:18:00,Flipkart,Travel,3019.12,Wallet
U024,T00017_U024,2026-08-04 08:41:00,Clinic,Bills,133.67,Wallet
U024,T00018_U024,2026-04-08 23:16:00,Myntra,Healthcare,2478.24,Wallet
U024,T00019_U024,2026-03-03 21:15:00,Amazon,Shopping,915.67,Wallet
U024,T00020_U024,2026-02-06 21:25:00,Amazon,Shopping,763.72,Wallet
U024,T00021_U024,2026-01-02 20:13:00,Amazon,Healthcare,2533.34,UPI
U024,T00022_U024,2026-06-24 06:28:00,Amazon,Shopping,1838.35,Card
U024,T00023_U024,2026-06-16 13:24:00,Uber,Healthcare,1164.19,UPI
U024,T00024_U024,2026-03-16 06:24:00,Flipkart,Travel,2187.88,Wallet
U024,T00025_U024,2026-05-05 15:31:00,Gym,Bills,299.0,UPI
U024,T00026_U024,2026-01-31 23:29:00,Uber,Bills,987.63,Card
U024,T00027_U024,2026-05-24 05:27:00,Clinic,Food,1985.67,Wallet
U024,T00028_U024,2026-02-03 18:29:00,Uber,Travel,2567.21,Wallet
U024,T00029_U024,2026-05-22 15:24:00,Myntra,Travel,1252.84,Card
U024,T00030_U024,2026-03-10 00:49:00,Flipkart,Shopping,1831.72,Wallet
U024,T00031_U024,2026-03-16 03:17:00,Netflix,Healthcare,2141.5,Card
U024,T00032_U024,2026-09-22 09:47:00,Swiggy,Entertainment,251.12,UPI
U024,T00033_U024,2026-05-04 09:16:00,Amazon,Shopping,3183.12,UPI
U024,T00034_U024,2026-01-11 10:49:00,Local Store,Healthcare,1463.08,UPI
U024,T00035_U024,2026-09-04 06:11:00,Uber,Food,2818.15,Wallet
U024,T00036_U024,2026-05-20 18:12:00,Local Store,Healthcare,1707.61,Wallet
U024,T00037_U024,2026-07-02 03:24:00,Flipkart,Entertainment,5551.91,Card
U024,T00038_U024,2026-08-30 07:34:00,Clinic,Travel,1270.4,UPI
U024,T00039_U024,2026-02-09 03:36:00,Myntra,Shopping,1227.69,Card
U024,T00040_U024,2026-02-07 03:43:00,Clinic,Bills,2288.52,UPI
U024,T00041_U024,2026-04-22 11:06:00,Uber,Food,128.07,Wallet
U024,T00042_U024,2026-07-29 03:17:00,Clinic,Healthcare,4994.83,Wallet
U024,T00043_U024,2026-03-02 02:51:00,Flipkart,Travel,533.48,Wallet
U024,T00044_U024,2026-01-04 15:52:00,Flipkart,Shopping,2854.47,Wallet
U024,T00045_U024,2026-04-28 18:17:00,Local Store,Food,3450.02,Card
U024,T00046_U024,2026-03-26 00:47:00,Swiggy,Food,2101.0,UPI
U024,T00047_U024,2026-04-30 23:02:00,Myntra,Healthcare,929.71,Card
U024,T00048_U024,2026-02-01 21:28:00,Flipkart,Shopping,312.63,UPI
U024,T00049_U024,2026-07-07 20:48:00,Local Store,Travel,469.43,UPI
U024,T00050_U024,2026-03-23 15:24:00,Spotify,Bills,999.0,UPI
U024,T00051_U024,2026-02-13 05:13:00,Myntra,Food,1096.13,Card
U024,T00052_U024,2026-04-28 22:52:00,Flipkart,Shopping,3210.56,Wallet
U024,T00053_U024,2026-06-18 14:10:00,Flipkart,Bills,2388.68,Card
U024,T00054_U024,2026-03-30 19:53:00,Uber,Entertainment,1445.33,Wallet
U024,T00055_U024,2026-01-11 06:25:00,Local Store,Travel,1954.14,Card
U024,T00056_U024,2026-02-16 18:07:00,Myntra,Healthcare,2261.99,UPI
U024,T00057_U024,2026-02-27 17:30:00,Myntra,Entertainment,226.8,UPI
U024,T00058_U024,2026-04-29 04:15:00,Amazon,Food,1492.2,Wallet
U024,T00059_U024,2026-02-17 08:16:00,Myntra,Travel,2087.46,UPI
U024,T00060_U024,2026-08-07 15:54:00,Amazon,Shopping,2026.89,Wallet
U024,T00061_U024,2026-02-15 16:09:00,Clinic,Bills,271.44,Wallet
U024,T00062_U024,2026-02-11 23:48:00,Clinic,Travel,640.4,Card
U024,T00063_U024,2026-01-16 01:48:00,Swiggy,Food,3105.05,Wallet
U024,T00064_U024,2026-01-16 02:20:00,Amazon,Shopping,367.91,Card
U024,T00065_U024,2026-07-10 01:50:00,Swiggy,Healthcare,3272.23,Card
U024,T00066_U024,2026-07-14 21:07:00,Uber,Bills,1906.07,Card
U024,T00067_U024,2026-03-23 02:34:00,Amazon,Shopping,1156.68,UPI
U024,T00068_U024,2026-03-31 09:32:00,Swiggy,Bills,1344.93,Wallet
U024,T00069_U024,2026-08-11 14:01:00,Swiggy,Food,106.71,Card
U024,T00070_U024,2026-05-06 12:22:00,Netflix,Healthcare,312.85,Wallet
U024,T00071_U024,2026-09-22 08:33:00,Amazon,Shopping,1006.53,UPI
U024,T00072_U024,2026-07-31 04:51:00,Flipkart,Travel,4203.29,Card
U024,T00073_U024,2026-03-29 18:24:00,Swiggy,Healthcare,1756.25,Card
U024,T00074_U024,2026-01-28 13:13:00,Myntra,Shopping,2613.24,Wallet
U024,T00075_U024,2026-07-01 00:49:00,Netflix,Bills,999.0,Card
U024,T00076_U024,2026-09-28 03:56:00,Swiggy,Bills,2306.29,Wallet
U024,T00077_U024,2026-04-01 17:30:00,Flipkart,Entertainment,2009.69,UPI
U024,T00078_U024,2026-09-28 20:04:00,Uber,Entertainment,1184.45,UPI
U024,T00079_U024,2026-07-24 19:43:00,Myntra,Travel,1352.14,Wallet
U024,T00080_U024,2026-06-07 13:19:00,Myntra,Shopping,682.52,Wallet
U024,T00081_U024,2026-03-08 11:46:00,Local Store,Healthcare,613.3,Card
U024,T00082_U024,2026-05-09 02:29:00,Local Store,Food,1429.86,Card
U024,T00083_U024,2026-03-22 11:48:00,Uber,Travel,2179.06,UPI
U024,T00084_U024,2026-04-06 12:50:00,Flipkart,Shopping,915.83,UPI
U024,T00085_U024,2026-05-31 06:55:00,Swiggy,Healthcare,2686.53,Card
U024,T00086_U024,2026-07-30 08:55:00,Swiggy,Travel,3485.17,Card
U024,T00087_U024,2026-05-04 17:44:00,Myntra,Bills,2972.78,Wallet
U024,T00088_U024,2026-03-10 14:39:00,Swiggy,Healthcare,1716.83,Card
U024,T00089_U024,2026-01-20 09:43:00,Swiggy,Healthcare,2483.5,Card
U024,T00090_U024,2026-05-03 06:58:00,Amazon,Shopping,4512.82,Wallet
U024,T00091_U024,2026-05-12 18:20:00,Amazon,Healthcare,1047.33,UPI
U024,T00092_U024,2026-03-14 03:05:00,Clinic,Food,2187.3,UPI
U024,T00093_U024,2026-01-25 19:12:00,Amazon,Shopping,1614.1,Card
U024,T00094_U024,2026-04-21 04:25:00,Netflix,Healthcare,2817.11,Card
U024,T00095_U024,2026-01-18 23:04:00,Clinic,Food,2552.29,Card
U024,T00096_U024,2026-02-18 14:32:00,Swiggy,Entertainment,125.61,UPI
U024,T00097_U024,2026-04-17 00:51:00,Amazon,Food,1255.65,Wallet
U024,T00098_U024,2026-03-07 19:33:00,Flipkart,Food,1752.15,Card
U024,T00099_U024,2026-08-30 20:44:00,Uber,Entertainment,3438.52,Wallet
U025,T00000_U025,2026-03-03 23:58:00,Amazon Prime,Bills,299.0,UPI
U025,T00001_U025,2026-02-09 09:38:00,Amazon,Food,2190.02,Wallet
U025,T00002_U025,2026-05-27 03:34:00,Flipkart,Travel,963.81,Card
U025,T00003_U025,2026-01-14 18:08:00,Flipkart,Entertainment,509.44,Wallet
U025,T00004_U025,2026-03-22 06:38:00,Myntra,Bills,276.4,Card
U025,T00005_U025,2026-05-21 10:21:00,Amazon,Entertainment,321.34,UPI
U025,T00006_U025,2026-05-31 04:33:00,Local Store,Bills,3948.17,UPI
U025,T00007_U025,2026-06-22 07:31:00,Local Store,Entertainment,1144.89,Wallet
U025,T00008_U025,2026-01-24 16:44:00,Amazon,Food,1891.22,Card
U025,T00009_U025,2026-01-10 01:12:00,Flipkart,Food,1333.23,Wallet
U025,T00010_U025,2026-02-15 00:24:00,Amazon,Shopping,482.51,UPI
U025,T00011_U025,2026-03-31 06:16:00,Netflix,Travel,347.25,Wallet
U025,T00012_U025,2026-04-04 13:36:00,Clinic,Food,2546.4,Wallet
U025,T00013_U025,2026-03-15 19:13:00,Uber,Bills,796.96,UPI
U025,T00014_U025,2026-03-01 07:19:00,Swiggy,Bills,3986.47,UPI
U025,T00015_U025,2026-06-25 09:15:00,Myntra,Entertainment,1077.9,UPI
U025,T00016_U025,2026-04-30 20:23:00,Amazon,Bills,395.54,Card
U025,T00017_U025,2026-01-10 19:52:00,Netflix,Food,2483.66,Wallet
U025,T00018_U025,2026-02-03 09:18:00,Myntra,Bills,4152.75,Card
U025,T00019_U025,2026-05-11 18:51:00,Flipkart,Shopping,1914.92,Wallet
U025,T00020_U025,2026-08-04 19:36:00,Uber,Entertainment,3585.59,Wallet
U025,T00021_U025,2026-08-22 02:56:00,Uber,Bills,739.23,Wallet
U025,T00022_U025,2026-07-16 20:36:00,Amazon,Shopping,892.85,Card
U025,T00023_U025,2026-01-11 16:56:00,Flipkart,Travel,2387.89,UPI
U025,T00024_U025,2026-02-25 05:53:00,Myntra,Shopping,1973.27,Card
U025,T00025_U025,2026-01-29 13:39:00,Gym,Bills,199.0,Card
U025,T00026_U025,2026-08-02 00:41:00,Myntra,Entertainment,4836.69,Wallet
U025,T00027_U025,2026-04-27 16:38:00,Flipkart,Shopping,1708.35,Card
U025,T00028_U025,2026-05-05 16:08:00,Swiggy,Healthcare,4180.54,UPI
U025,T00029_U025,2026-06-26 13:56:00,Amazon,Healthcare,2455.84,Wallet
U025,T00030_U025,2026-08-11 10:01:00,Myntra,Bills,1074.95,Card
U025,T00031_U025,2026-03-17 13:42:00,Amazon,Travel,1980.64,Card
U025,T00032_U025,2026-07-13 11:26:00,Amazon,Healthcare,2316.31,UPI
U025,T00033_U025,2026-01-08 17:30:00,Amazon,Entertainment,1712.83,Wallet
U025,T00034_U025,2026-03-16 06:51:00,Netflix,Bills,1471.62,UPI
U025,T00035_U025,2026-05-09 06:49:00,Local Store,Travel,1399.52,UPI
U025,T00036_U025,2026-06-09 16:17:00,Swiggy,Healthcare,2151.13,UPI
U025,T00037_U025,2026-09-02 07:00:00,Local Store,Food,2967.66,Card
U025,T00038_U025,2026-02-02 01:07:00,Flipkart,Entertainment,811.53,Card
U025,T00039_U025,2026-01-14 01:04:00,Swiggy,Entertainment,2032.55,Card
U025,T00040_U025,2026-02-07 23:20:00,Clinic,Food,1320.36,Wallet
U025,T00041_U025,2026-09-25 06:55:00,Clinic,Bills,1640.98,Wallet
U025,T00042_U025,2026-03-15 01:46:00,Flipkart,Travel,2101.22,Card
U025,T00043_U025,2026-08-14 14:38:00,Local Store,Travel,489.55,Wallet
U025,T00044_U025,2026-08-18 04:46:00,Local Store,Entertainment,2596.83,Card
U025,T00045_U025,2026-01-10 17:51:00,Clinic,Food,1839.97,Card
U025,T00046_U025,2026-07-16 01:10:00,Amazon,Bills,2499.44,Card
U025,T00047_U025,2026-09-26 21:34:00,Amazon,Travel,2428.71,UPI
U025,T00048_U025,2026-04-14 14:14:00,Myntra,Food,2390.06,Card
U025,T00049_U025,2026-07-03 22:59:00,Amazon,Shopping,1825.83,Card
U025,T00050_U025,2026-02-10 14:00:00,Spotify,Bills,199.0,Card
U025,T00051_U025,2026-02-27 07:48:00,Flipkart,Entertainment,2080.4,Wallet
U025,T00052_U025,2026-06-12 04:29:00,Netflix,Entertainment,1236.17,Card
U025,T00053_U025,2026-02-08 21:34:00,Uber,Travel,735.04,UPI
U025,T00054_U025,2026-03-28 18:20:00,Myntra,Food,3120.0,UPI
U025,T00055_U025,2026-02-18 13:17:00,Swiggy,Travel,667.62,UPI
U025,T00056_U025,2026-05-09 03:25:00,Amazon,Entertainment,4032.96,Wallet
U025,T00057_U025,2026-09-13 21:32:00,Amazon,Shopping,280.43,Wallet
U025,T00058_U025,2026-02-17 15:57:00,Myntra,Bills,345.61,UPI
U025,T00059_U025,2026-05-14 16:59:00,Myntra,Entertainment,1474.05,Card
U025,T00060_U025,2026-09-09 23:43:00,Clinic,Bills,924.6,UPI
U025,T00061_U025,2026-05-05 03:54:00,Myntra,Bills,3886.43,Card
U025,T00062_U025,2026-04-28 18:48:00,Swiggy,Entertainment,2260.59,Wallet
U025,T00063_U025,2026-08-08 12:43:00,Clinic,Food,1247.97,UPI
U025,T00064_U025,2026-07-26 15:15:00,Myntra,Entertainment,2164.24,UPI
U025,T00065_U025,2026-07-06 00:24:00,Myntra,Bills,510.67,UPI
U025,T00066_U025,2026-04-25 20:22:00,Myntra,Travel,306.85,Card
U025,T00067_U025,2026-07-07 00:49:00,Clinic,Travel,3713.03,Card
U025,T00068_U025,2026-03-18 23:04:00,Myntra,Bills,411.76,Card
U025,T00069_U025,2026-07-23 14:48:00,Swiggy,Bills,1438.06,Wallet
U025,T00070_U025,2026-05-18 07:27:00,Uber,Bills,1980.04,UPI
U025,T00071_U025,2026-03-23 04:57:00,Netflix,Food,3560.44,Wallet
U025,T00072_U025,2026-04-28 21:53:00,Local Store,Bills,4095.77,Wallet
U025,T00073_U025,2026-05-09 16:18:00,Myntra,Healthcare,815.53,Wallet
U025,T00074_U025,2026-06-22 23:39:00,Amazon,Bills,2147.0,Card
U025,T00075_U025,2026-09-17 14:51:00,Spotify,Bills,299.0,Wallet
U025,T00076_U025,2026-07-25 14:24:00,Flipkart,Entertainment,1394.25,Wallet
U025,T00077_U025,2026-04-06 00:59:00,Clinic,Bills,1250.7,Wallet
U025,T00078_U025,2026-02-02 23:40:00,Clinic,Healthcare,2866.39,UPI
U025,T00079_U025,2026-08-12 16:31:00,Myntra,Healthcare,2108.91,UPI
U025,T00080_U025,2026-06-13 16:36:00,Amazon,Shopping,2486.06,Wallet
U025,T00081_U025,2026-06-12 21:33:00,Local Store,Food,1644.52,Wallet
U025,T00082_U025,2026-05-02 11:03:00,Uber,Healthcare,3841.2,Card
U025,T00083_U025,2026-07-19 12:46:00,Netflix,Bills,1745.47,Wallet
U025,T00084_U025,2026-01-20 00:43:00,Myntra,Food,1140.54,Wallet
U025,T00085_U025,2026-06-25 11:17:00,Myntra,Travel,2342.15,Card
U025,T00086_U025,2026-08-24 18:25:00,Flipkart,Shopping,947.25,Card
U025,T00087_U025,2026-04-06 20:15:00,Myntra,Healthcare,1740.46,Wallet
U025,T00088_U025,2026-05-18 12:53:00,Flipkart,Shopping,1410.84,UPI
U025,T00089_U025,2026-06-24 12:10:00,Amazon,Travel,1742.73,Card
U025,T00090_U025,2026-04-06 17:48:00,Clinic,Travel,526.96,Card
U025,T00091_U025,2026-07-19 05:36:00,Amazon,Shopping,2370.56,Wallet
U025,T00092_U025,2026-04-24 10:33:00,Netflix,Bills,345.33,Wallet
U025,T00093_U025,2026-02-24 17:45:00,Netflix,Entertainment,977.93,Wallet
U025,T00094_U025,2026-09-08 16:16:00,Netflix,Entertainment,137.52,Card
U025,T00095_U025,2026-09-07 21:18:00,Flipkart,Travel,118.25,Card
U025,T00096_U025,2026-03-03 21:57:00,Amazon,Bills,2998.18,Card
U025,T00097_U025,2026-09-05 05:03:00,Amazon,Shopping,2118.35,UPI
U025,T00098_U025,2026-07-06 06:25:00,Amazon,Travel,880.59,Card
U025,T00099_U025,2026-02-25 10:52:00,Flipkart,Travel,357.33,Wallet
U026,T00000_U026,2026-03-30 11:39:00,Netflix,Bills,299.0,Card
U026,T00001_U026,2026-08-18 10:02:00,Uber,Food,2386.55,UPI
U026,T00002_U026,2026-02-25 09:49:00,Swiggy,Food,1963.2,UPI
U026,T00003_U026,2026-08-22 12:39:00,Amazon,Bills,1770.59,Wallet
U026,T00004_U026,2026-08-31 17:03:00,Myntra,Bills,2312.69,Card
U026,T00005_U026,2026-03-08 07:54:00,Netflix,Bills,1065.26,UPI
U026,T00006_U026,2026-06-19 17:51:00,Local Store,Entertainment,240.09,Card
U026,T00007_U026,2026-09-17 13:50:00,Clinic,Entertainment,770.89,UPI
U026,T00008_U026,2026-03-12 15:45:00,Netflix,Travel,2459.57,Wallet
U026,T00009_U026,2026-05-24 17:40:00,Local Store,Travel,2414.88,Card
U026,T00010_U026,2026-05-28 05:32:00,Amazon,Shopping,4626.62,Wallet
U026,T00011_U026,2026-08-08 10:01:00,Amazon,Shopping,2217.98,UPI
U026,T00012_U026,2026-06-07 11:40:00,Amazon,Shopping,274.6,UPI
U026,T00013_U026,2026-03-01 10:55:00,Amazon,Travel,875.55,Card
U026,T00014_U026,2026-01-18 16:13:00,Local Store,Healthcare,1433.31,UPI
U026,T00015_U026,2026-02-21 09:19:00,Local Store,Travel,1025.98,Wallet
U026,T00016_U026,2026-09-09 04:31:00,Flipkart,Healthcare,1928.71,Card
U026,T00017_U026,2026-05-30 20:26:00,Flipkart,Shopping,772.04,Wallet
U026,T00018_U026,2026-03-27 11:18:00,Amazon,Shopping,1361.99,Wallet
U026,T00019_U026,2026-02-24 23:08:00,Flipkart,Shopping,614.58,UPI
U026,T00020_U026,2026-06-06 19:05:00,Local Store,Food,1871.91,UPI
U026,T00021_U026,2026-09-24 07:26:00,Clinic,Travel,484.36,Wallet
U026,T00022_U026,2026-08-26 11:01:00,Myntra,Bills,1940.64,Card
U026,T00023_U026,2026-09-23 22:05:00,Clinic,Healthcare,524.66,UPI
U026,T00024_U026,2026-06-29 15:29:00,Uber,Travel,2820.69,Wallet
U026,T00025_U026,2026-05-17 15:08:00,Netflix,Bills,499.0,UPI
U026,T00026_U026,2026-02-16 16:52:00,Clinic,Healthcare,1017.79,Wallet
U026,T00027_U026,2026-05-04 23:06:00,Swiggy,Entertainment,2686.32,UPI
U026,T00028_U026,2026-08-29 05:04:00,Flipkart,Entertainment,1053.89,Wallet
U026,T00029_U026,2026-04-22 18:41:00,Myntra,Bills,2396.06,UPI
U026,T00030_U026,2026-06-16 05:11:00,Amazon,Shopping,1878.39,UPI
U026,T00031_U026,2026-08-07 10:42:00,Amazon,Bills,1636.86,UPI
U026,T00032_U026,2026-03-15 07:57:00,Flipkart,Shopping,1667.97,UPI
U026,T00033_U026,2026-04-15 10:35:00,Uber,Travel,1102.9,Card
U026,T00034_U026,2026-08-26 23:47:00,Flipkart,Entertainment,670.73,UPI
U026,T00035_U026,2026-01-11 18:21:00,Uber,Travel,1486.26,Card
U026,T00036_U026,2026-03-01 05:57:00,Clinic,Entertainment,176.37,Card
U026,T00037_U026,2026-02-05 05:03:00,Flipkart,Travel,2850.63,Wallet
U026,T00038_U026,2026-09-12 23:07:00,Amazon,Shopping,3008.39,Wallet
U026,T00039_U026,2026-09-23 07:08:00,Amazon,Shopping,2049.57,UPI
U026,T00040_U026,2026-07-06 12:46:00,Swiggy,Healthcare,1415.15,UPI
U026,T00041_U026,2026-01-20 01:16:00,Clinic,Bills,2734.78,Card
U026,T00042_U026,2026-09-23 16:32:00,Clinic,Bills,938.35,UPI
U026,T00043_U026,2026-07-10 21:32:00,Myntra,Travel,668.31,Wallet
U026,T00044_U026,2026-07-21 01:51:00,Flipkart,Food,252.71,UPI
U026,T00045_U026,2026-07-18 20:05:00,Netflix,Bills,362.75,UPI
U026,T00046_U026,2026-06-27 05:13:00,Amazon,Healthcare,154.82,UPI
U026,T00047_U026,2026-03-27 23:37:00,Netflix,Healthcare,1972.61,UPI
U026,T00048_U026,2026-09-02 08:41:00,Flipkart,Healthcare,438.73,UPI
U026,T00049_U026,2026-08-01 15:05:00,Amazon,Shopping,637.64,Card
U026,T00050_U026,2026-01-25 20:09:00,Spotify,Bills,199.0,Wallet
U026,T00051_U026,2026-08-24 13:29:00,Myntra,Healthcare,228.41,Wallet
U026,T00052_U026,2026-02-15 03:07:00,Local Store,Entertainment,610.17,UPI
U026,T00053_U026,2026-03-03 19:46:00,Clinic,Food,628.62,Wallet
U026,T00054_U026,2026-09-28 14:59:00,Amazon,Shopping,4172.09,UPI
U026,T00055_U026,2026-05-31 18:12:00,Local Store,Entertainment,1481.59,Wallet
U026,T00056_U026,2026-04-02 14:41:00,Uber,Healthcare,2519.57,Card
U026,T00057_U026,2026-04-01 03:05:00,Swiggy,Travel,5359.34,UPI
U026,T00058_U026,2026-06-22 00:36:00,Netflix,Healthcare,2960.62,Card
U026,T00059_U026,2026-07-12 04:01:00,Flipkart,Bills,2416.98,Card
U026,T00060_U026,2026-07-14 02:51:00,Swiggy,Healthcare,2541.56,Wallet
U026,T00061_U026,2026-06-26 04:49:00,Clinic,Healthcare,3412.44,UPI
U026,T00062_U026,2026-08-21 03:09:00,Flipkart,Travel,1509.78,Card
U026,T00063_U026,2026-07-07 12:19:00,Myntra,Shopping,2131.22,UPI
U026,T00064_U026,2026-03-21 00:09:00,Swiggy,Entertainment,1507.42,UPI
U026,T00065_U026,2026-09-03 07:35:00,Uber,Entertainment,410.98,UPI
U026,T00066_U026,2026-08-15 23:46:00,Local Store,Food,1699.55,Card
U026,T00067_U026,2026-04-27 04:08:00,Amazon,Travel,1182.35,UPI
U026,T00068_U026,2026-01-04 07:44:00,Uber,Healthcare,221.6,UPI
U026,T00069_U026,2026-07-05 12:31:00,Clinic,Bills,1884.87,Card
U026,T00070_U026,2026-02-03 11:28:00,Netflix,Bills,1528.94,UPI
U026,T00071_U026,2026-05-07 08:30:00,Myntra,Food,2108.25,Card
U026,T00072_U026,2026-08-25 13:00:00,Swiggy,Food,1431.86,UPI
U026,T00073_U026,2026-09-21 03:02:00,Myntra,Shopping,3287.31,Wallet
U026,T00074_U026,2026-04-28 03:28:00,Uber,Entertainment,2982.09,Wallet
U026,T00075_U026,2026-01-22 17:00:00,Amazon Prime,Bills,999.0,UPI
U026,T00076_U026,2026-03-17 18:01:00,Amazon,Healthcare,2438.08,Wallet
U026,T00077_U026,2026-02-01 14:05:00,Amazon,Shopping,1384.62,Card
U026,T00078_U026,2026-04-28 10:05:00,Uber,Food,1570.44,Card
U026,T00079_U026,2026-09-09 09:12:00,Myntra,Entertainment,374.09,UPI
U026,T00080_U026,2026-01-13 00:36:00,Myntra,Entertainment,1595.13,Wallet
U026,T00081_U026,2026-07-01 14:27:00,Local Store,Healthcare,2444.57,UPI
U026,T00082_U026,2026-03-03 17:00:00,Flipkart,Travel,4606.24,UPI
U026,T00083_U026,2026-07-26 05:52:00,Uber,Entertainment,2111.99,Card
U026,T00084_U026,2026-08-12 04:05:00,Amazon,Travel,2285.27,Wallet
U026,T00085_U026,2026-09-01 00:02:00,Uber,Food,2165.72,Card
U026,T00086_U026,2026-01-13 02:50:00,Swiggy,Food,1688.55,Card
U026,T00087_U026,2026-03-05 08:02:00,Uber,Food,2461.41,Wallet
U026,T00088_U026,2026-02-04 22:36:00,Uber,Healthcare,2146.12,Wallet
U026,T00089_U026,2026-02-03 10:50:00,Amazon,Shopping,1203.31,Wallet
U026,T00090_U026,2026-06-02 20:53:00,Clinic,Bills,3532.62,Wallet
U026,T00091_U026,2026-09-28 15:40:00,Flipkart,Shopping,964.54,UPI
U026,T00092_U026,2026-08-01 12:38:00,Uber,Bills,664.5,UPI
U026,T00093_U026,2026-03-18 06:31:00,Swiggy,Travel,1264.05,Wallet
U026,T00094_U026,2026-05-17 07:14:00,Amazon,Shopping,1148.54,Wallet
U026,T00095_U026,2026-09-21 21:37:00,Uber,Bills,1498.87,UPI
U026,T00096_U026,2026-08-17 00:04:00,Uber,Healthcare,695.65,Wallet
U026,T00097_U026,2026-03-13 00:13:00,Swiggy,Entertainment,2238.58,Wallet
U026,T00098_U026,2026-03-29 03:05:00,Swiggy,Entertainment,5718.14,Wallet
U026,T00099_U026,2026-05-13 03:54:00,Amazon,Bills,1049.28,Wallet
U027,T00000_U027,2026-09-20 19:32:00,Netflix,Bills,199.0,Card
U027,T00001_U027,2026-01-12 23:53:00,Uber,Bills,3387.14,UPI
U027,T00002_U027,2026-07-24 08:19:00,Myntra,Bills,485.72,UPI
U027,T00003_U027,2026-08-20 11:33:00,Flipkart,Bills,1470.61,Card
U027,T00004_U027,2026-09-17 11:28:00,Myntra,Food,248.11,UPI
U027,T00005_U027,2026-05-13 17:02:00,Clinic,Entertainment,868.48,Wallet
U027,T00006_U027,2026-02-17 05:53:00,Myntra,Shopping,1452.23,Wallet
U027,T00007_U027,2026-07-26 02:48:00,Amazon,Healthcare,3413.7,Card
U027,T00008_U027,2026-05-19 05:38:00,Local Store,Healthcare,1443.25,Wallet
U027,T00009_U027,2026-03-19 14:46:00,Clinic,Entertainment,1695.0,UPI
U027,T00010_U027,2026-05-17 01:37:00,Flipkart,Travel,2321.42,UPI
U027,T00011_U027,2026-08-05 03:22:00,Swiggy,Entertainment,2689.61,Card
U027,T00012_U027,2026-05-26 21:57:00,Flipkart,Healthcare,899.94,Card
U027,T00013_U027,2026-07-01 03:49:00,Local Store,Entertainment,1578.13,Card
U027,T00014_U027,2026-05-25 19:24:00,Flipkart,Entertainment,1828.85,Wallet
U027,T00015_U027,2026-08-08 00:17:00,Uber,Entertainment,654.67,UPI
U027,T00016_U027,2026-06-23 03:24:00,Amazon,Shopping,3311.47,Wallet
U027,T00017_U027,2026-07-28 08:34:00,Myntra,Bills,199.04,UPI
U027,T00018_U027,2026-05-17 17:25:00,Flipkart,Bills,1573.79,Card
U027,T00019_U027,2026-03-12 08:25:00,Myntra,Entertainment,2477.43,Wallet
U027,T00020_U027,2026-08-16 19:36:00,Local Store,Food,152.93,UPI
U027,T00021_U027,2026-02-15 09:04:00,Flipkart,Shopping,1507.6,UPI
U027,T00022_U027,2026-07-03 21:48:00,Myntra,Bills,4739.79,Wallet
U027,T00023_U027,2026-07-28 03:14:00,Amazon,Shopping,4687.66,UPI
U027,T00024_U027,2026-05-11 10:35:00,Amazon,Bills,1061.46,Wallet
U027,T00025_U027,2026-01-12 05:23:00,Amazon Prime,Bills,199.0,Wallet
U027,T00026_U027,2026-02-19 13:20:00,Swiggy,Healthcare,2195.3,Wallet
U027,T00027_U027,2026-05-29 08:01:00,Local Store,Bills,1331.77,Wallet
U027,T00028_U027,2026-09-05 23:04:00,Myntra,Bills,4478.9,Wallet
U027,T00029_U027,2026-01-22 17:34:00,Swiggy,Healthcare,2179.12,Card
U027,T00030_U027,2026-03-16 03:17:00,Clinic,Food,1096.54,UPI
U027,T00031_U027,2026-04-26 10:39:00,Myntra,Shopping,1603.82,Wallet
U027,T00032_U027,2026-08-05 19:42:00,Flipkart,Bills,2959.97,Wallet
U027,T00033_U027,2026-08-14 09:59:00,Local Store,Bills,1461.33,Wallet
U027,T00034_U027,2026-02-16 10:21:00,Uber,Bills,2449.35,Wallet
U027,T00035_U027,2026-01-26 03:07:00,Myntra,Bills,2889.32,UPI
U027,T00036_U027,2026-09-02 11:15:00,Local Store,Healthcare,2760.27,UPI
U027,T00037_U027,2026-02-06 15:05:00,Swiggy,Entertainment,644.97,Wallet
U027,T00038_U027,2026-07-22 06:26:00,Flipkart,Travel,1085.9,Wallet
U027,T00039_U027,2026-03-06 03:32:00,Uber,Bills,1346.97,Card
U027,T00040_U027,2026-09-06 00:03:00,Uber,Food,2666.35,Wallet
U027,T00041_U027,2026-05-09 05:03:00,Local Store,Travel,2496.74,Wallet
U027,T00042_U027,2026-05-21 23:55:00,Local Store,Bills,1574.91,Card
U027,T00043_U027,2026-08-12 08:10:00,Uber,Food,855.39,Card
U027,T00044_U027,2026-09-08 14:21:00,Swiggy,Bills,1470.9,Card
U027,T00045_U027,2026-06-13 07:12:00,Swiggy,Bills,1120.36,UPI
U027,T00046_U027,2026-07-09 08:51:00,Local Store,Entertainment,1979.87,Wallet
U027,T00047_U027,2026-04-05 13:21:00,Uber,Healthcare,349.05,Card
U027,T00048_U027,2026-06-27 07:59:00,Swiggy,Food,1767.5,Wallet
U027,T00049_U027,2026-08-06 05:54:00,Myntra,Shopping,519.78,UPI
U027,T00050_U027,2026-08-20 13:56:00,Spotify,Bills,499.0,Wallet
U027,T00051_U027,2026-02-04 12:01:00,Amazon,Food,926.97,UPI
U027,T00052_U027,2026-02-17 11:58:00,Uber,Bills,1380.18,Wallet
U027,T00053_U027,2026-07-18 01:00:00,Swiggy,Bills,544.43,Card
U027,T00054_U027,2026-09-04 22:31:00,Myntra,Bills,720.24,Wallet
U027,T00055_U027,2026-07-03 14:59:00,Uber,Food,2335.94,Card
U027,T00056_U027,2026-05-15 05:40:00,Amazon,Entertainment,453.46,UPI
U027,T00057_U027,2026-03-26 01:13:00,Uber,Bills,1059.27,Card
U027,T00058_U027,2026-06-25 07:27:00,Local Store,Travel,2179.36,Wallet
U027,T00059_U027,2026-01-25 14:35:00,Myntra,Travel,984.39,Card
U027,T00060_U027,2026-09-21 05:19:00,Flipkart,Shopping,1712.2,UPI
U027,T00061_U027,2026-09-15 10:56:00,Netflix,Travel,2012.6,Card
U027,T00062_U027,2026-01-25 01:43:00,Uber,Entertainment,1130.83,Wallet
U027,T00063_U027,2026-08-28 10:47:00,Amazon,Shopping,2685.72,UPI
U027,T00064_U027,2026-03-20 22:28:00,Clinic,Travel,1737.21,Wallet
U027,T00065_U027,2026-02-13 14:28:00,Flipkart,Entertainment,682.95,Card
U027,T00066_U027,2026-03-27 15:10:00,Flipkart,Food,2182.26,Wallet
U027,T00067_U027,2026-07-14 21:10:00,Clinic,Food,948.71,UPI
U027,T00068_U027,2026-02-01 02:38:00,Flipkart,Entertainment,4682.47,UPI
U027,T00069_U027,2026-01-17 12:38:00,Flipkart,Shopping,1826.05,UPI
U027,T00070_U027,2026-05-17 19:57:00,Myntra,Shopping,2134.65,UPI
U027,T00071_U027,2026-01-19 22:50:00,Amazon,Healthcare,1335.29,Wallet
U027,T00072_U027,2026-07-22 14:30:00,Uber,Bills,1334.05,UPI
U027,T00073_U027,2026-08-06 11:11:00,Uber,Travel,710.54,Wallet
U027,T00074_U027,2026-07-04 08:16:00,Swiggy,Entertainment,2848.68,Wallet
U027,T00075_U027,2026-07-05 22:04:00,Netflix,Bills,199.0,Wallet
U027,T00076_U027,2026-06-14 07:41:00,Amazon,Bills,453.0,Card
U027,T00077_U027,2026-09-15 16:42:00,Local Store,Travel,2029.37,Wallet
U027,T00078_U027,2026-08-06 18:33:00,Myntra,Bills,2223.52,Wallet
U027,T00079_U027,2026-02-01 09:20:00,Myntra,Entertainment,2708.69,Card
U027,T00080_U027,2026-03-12 08:24:00,Flipkart,Shopping,2044.54,Wallet
U027,T00081_U027,2026-07-15 22:16:00,Amazon,Shopping,417.28,Wallet
U027,T00082_U027,2026-04-26 18:28:00,Amazon,Shopping,671.84,UPI
U027,T00083_U027,2026-02-27 20:42:00,Clinic,Bills,172.2,UPI
U027,T00084_U027,2026-04-18 05:33:00,Swiggy,Bills,1808.06,Wallet
U027,T00085_U027,2026-04-19 05:09:00,Swiggy,Food,2058.91,UPI
U027,T00086_U027,2026-04-05 07:11:00,Swiggy,Food,406.46,Card
U027,T00087_U027,2026-08-11 12:07:00,Swiggy,Food,1319.02,Wallet
U027,T00088_U027,2026-09-04 22:24:00,Swiggy,Food,2623.0,UPI
U027,T00089_U027,2026-07-10 12:50:00,Uber,Food,248.11,Wallet
U027,T00090_U027,2026-05-01 17:18:00,Flipkart,Travel,2078.03,Wallet
U027,T00091_U027,2026-01-25 15:17:00,Myntra,Entertainment,567.97,Card
U027,T00092_U027,2026-07-29 18:20:00,Amazon,Healthcare,249.6,UPI
U027,T00093_U027,2026-08-23 12:58:00,Myntra,Shopping,988.14,Card
U027,T00094_U027,2026-07-14 14:53:00,Netflix,Food,146.91,Wallet
U027,T00095_U027,2026-01-24 13:27:00,Local Store,Healthcare,1113.0,UPI
U027,T00096_U027,2026-02-07 00:57:00,Local Store,Healthcare,3009.88,UPI
U027,T00097_U027,2026-02-16 22:53:00,Myntra,Shopping,103.81,Wallet
U027,T00098_U027,2026-06-15 03:25:00,Uber,Bills,2791.24,Wallet
U027,T00099_U027,2026-01-08 11:49:00,Flipkart,Bills,1131.75,Wallet
U028,T00000_U028,2026-04-14 09:35:00,Gym,Bills,299.0,Card
U028,T00001_U028,2026-08-24 00:33:00,Flipkart,Shopping,2107.13,Wallet
U028,T00002_U028,2026-03-02 15:33:00,Clinic,Healthcare,2485.81,UPI
U028,T00003_U028,2026-07-09 18:27:00,Amazon,Shopping,1188.48,Wallet
U028,T00004_U028,2026-08-21 12:01:00,Flipkart,Healthcare,403.61,UPI
U028,T00005_U028,2026-03-09 13:56:00,Netflix,Healthcare,1190.93,Wallet
U028,T00006_U028,2026-09-25 18:35:00,Amazon,Shopping,135.26,Wallet
U028,T00007_U028,2026-01-03 18:23:00,Flipkart,Shopping,2950.41,Card
U028,T00008_U028,2026-03-02 14:31:00,Uber,Entertainment,3116.74,UPI
U028,T00009_U028,2026-09-07 09:24:00,Myntra,Bills,1981.74,UPI
U028,T00010_U028,2026-03-16 08:05:00,Local Store,Bills,2355.92,Card
U028,T00011_U028,2026-05-17 05:10:00,Flipkart,Shopping,902.24,UPI
U028,T00012_U028,2026-08-19 01:51:00,Uber,Healthcare,2482.97,UPI
U028,T00013_U028,2026-02-23 17:22:00,Uber,Healthcare,994.84,UPI
U028,T00014_U028,2026-06-13 13:49:00,Myntra,Bills,106.93,Wallet
U028,T00015_U028,2026-03-14 04:54:00,Clinic,Travel,3343.31,UPI
U028,T00016_U028,2026-01-26 02:40:00,Flipkart,Entertainment,4012.54,Card
U028,T00017_U028,2026-05-21 01:29:00,Myntra,Shopping,2700.51,UPI
U028,T00018_U028,2026-09-15 05:58:00,Netflix,Bills,2229.82,Card
U028,T00019_U028,2026-01-03 01:05:00,Myntra,Entertainment,970.93,UPI
U028,T00020_U028,2026-03-11 13:04:00,Netflix,Entertainment,114.99,UPI
U028,T00021_U028,2026-01-31 11:35:00,Swiggy,Healthcare,530.24,UPI
U028,T00022_U028,2026-04-02 14:56:00,Amazon,Food,1319.82,Wallet
U028,T00023_U028,2026-01-23 23:23:00,Amazon,Shopping,341.36,UPI
U028,T00024_U028,2026-01-17 14:04:00,Netflix,Entertainment,1733.17,UPI
U028,T00025_U028,2026-09-05 08:57:00,Amazon Prime,Bills,499.0,Wallet
U028,T00026_U028,2026-05-31 07:51:00,Myntra,Healthcare,3257.49,Card
U028,T00027_U028,2026-04-20 13:22:00,Myntra,Shopping,769.67,UPI
U028,T00028_U028,2026-07-31 23:05:00,Myntra,Bills,4388.29,Wallet
U028,T00029_U028,2026-02-12 06:57:00,Amazon,Healthcare,185.25,Card
U028,T00030_U028,2026-01-24 04:22:00,Local Store,Bills,776.57,Card
U028,T00031_U028,2026-06-01 06:56:00,Netflix,Healthcare,1863.46,UPI
U028,T00032_U028,2026-06-22 04:26:00,Swiggy,Bills,1386.02,Wallet
U028,T00033_U028,2026-08-11 01:47:00,Clinic,Entertainment,838.24,Wallet
U028,T00034_U028,2026-05-09 09:59:00,Flipkart,Bills,1413.19,UPI
U028,T00035_U028,2026-06-12 07:24:00,Uber,Healthcare,1074.14,UPI
U028,T00036_U028,2026-01-25 10:21:00,Clinic,Food,2059.13,Card
U028,T00037_U028,2026-01-26 12:23:00,Netflix,Entertainment,945.85,Card
U028,T00038_U028,2026-07-23 05:13:00,Myntra,Bills,1850.05,UPI
U028,T00039_U028,2026-01-18 17:59:00,Netflix,Travel,357.14,Card
U028,T00040_U028,2026-06-08 23:01:00,Amazon,Healthcare,2614.25,UPI
U028,T00041_U028,2026-02-21 14:49:00,Local Store,Bills,327.41,Wallet
U028,T00042_U028,2026-01-10 04:21:00,Clinic,Travel,1976.05,Wallet
U028,T00043_U028,2026-04-01 05:40:00,Local Store,Food,2725.61,UPI
U028,T00044_U028,2026-06-11 08:44:00,Myntra,Food,2495.71,UPI
U028,T00045_U028,2026-03-11 05:28:00,Netflix,Travel,2192.62,UPI
U028,T00046_U028,2026-01-06 05:55:00,Swiggy,Entertainment,289.46,UPI
U028,T00047_U028,2026-06-22 06:55:00,Myntra,Healthcare,2275.61,Card
U028,T00048_U028,2026-05-13 14:40:00,Netflix,Bills,176.78,Card
U028,T00049_U028,2026-01-23 15:06:00,Flipkart,Entertainment,2126.86,Card
U028,T00050_U028,2026-01-26 11:45:00,Spotify,Bills,199.0,UPI
U028,T00051_U028,2026-01-05 12:18:00,Flipkart,Healthcare,4414.08,UPI
U028,T00052_U028,2026-04-15 22:57:00,Amazon,Bills,107.21,Card
U028,T00053_U028,2026-03-06 01:56:00,Myntra,Shopping,320.07,UPI
U028,T00054_U028,2026-02-06 17:19:00,Amazon,Healthcare,2392.99,Wallet
U028,T00055_U028,2026-06-22 19:39:00,Amazon,Shopping,930.66,Card
U028,T00056_U028,2026-06-24 04:02:00,Local Store,Travel,307.74,Card
U028,T00057_U028,2026-01-07 20:01:00,Local Store,Entertainment,2362.97,Wallet
U028,T00058_U028,2026-01-31 02:34:00,Clinic,Entertainment,2442.35,UPI
U028,T00059_U028,2026-09-03 16:17:00,Myntra,Healthcare,3576.49,Wallet
U028,T00060_U028,2026-04-10 18:54:00,Uber,Travel,1494.53,Card
U028,T00061_U028,2026-04-26 00:00:00,Clinic,Entertainment,1957.92,UPI
U028,T00062_U028,2026-06-21 10:00:00,Amazon,Shopping,1618.92,UPI
U028,T00063_U028,2026-09-10 06:24:00,Uber,Travel,412.02,Card
U028,T00064_U028,2026-04-05 09:06:00,Uber,Entertainment,675.73,UPI
U028,T00065_U028,2026-03-18 07:50:00,Amazon,Shopping,894.47,UPI
U028,T00066_U028,2026-01-08 23:50:00,Swiggy,Food,2834.56,Wallet
U028,T00067_U028,2026-01-24 11:15:00,Local Store,Food,1325.05,UPI
U028,T00068_U028,2026-01-08 04:56:00,Amazon,Food,1441.41,UPI
U028,T00069_U028,2026-01-04 09:57:00,Netflix,Healthcare,4650.17,Card
U028,T00070_U028,2026-06-21 18:35:00,Clinic,Bills,875.87,Wallet
U028,T00071_U028,2026-04-06 02:10:00,Local Store,Bills,1167.48,UPI
U028,T00072_U028,2026-05-04 13:42:00,Myntra,Shopping,2919.69,Card
U028,T00073_U028,2026-09-24 05:04:00,Clinic,Travel,2459.93,UPI
U028,T00074_U028,2026-03-06 00:58:00,Amazon,Entertainment,426.43,UPI
U028,T00075_U028,2026-04-26 22:48:00,Gym,Bills,299.0,UPI
U028,T00076_U028,2026-03-29 02:22:00,Amazon,Bills,4190.29,Wallet
U028,T00077_U028,2026-07-07 18:06:00,Amazon,Entertainment,1954.73,Wallet
U028,T00078_U028,2026-08-12 06:34:00,Netflix,Travel,1420.57,UPI
U028,T00079_U028,2026-06-10 18:47:00,Clinic,Entertainment,501.95,Wallet
U028,T00080_U028,2026-02-18 12:35:00,Swiggy,Bills,1801.19,Card
U028,T00081_U028,2026-05-02 15:34:00,Flipkart,Healthcare,518.04,Wallet
U028,T00082_U028,2026-03-21 16:58:00,Clinic,Bills,2258.12,Wallet
U028,T00083_U028,2026-05-22 10:56:00,Swiggy,Travel,1677.66,Wallet
U028,T00084_U028,2026-03-12 05:46:00,Myntra,Entertainment,102.93,UPI
U028,T00085_U028,2026-04-20 19:18:00,Myntra,Bills,1600.65,UPI
U028,T00086_U028,2026-03-11 21:09:00,Uber,Food,312.83,Card
U028,T00087_U028,2026-09-07 08:41:00,Flipkart,Shopping,2318.93,Wallet
U028,T00088_U028,2026-02-26 02:26:00,Flipkart,Travel,2800.87,Wallet
U028,T00089_U028,2026-01-07 04:02:00,Flipkart,Healthcare,3168.53,Wallet
U028,T00090_U028,2026-03-18 07:54:00,Myntra,Shopping,1820.65,Card
U028,T00091_U028,2026-03-07 22:56:00,Flipkart,Food,995.03,UPI
U028,T00092_U028,2026-01-22 04:32:00,Local Store,Food,1025.43,Card
U028,T00093_U028,2026-07-22 06:00:00,Swiggy,Healthcare,926.64,Wallet
U028,T00094_U028,2026-04-29 14:29:00,Netflix,Entertainment,1759.24,Wallet
U028,T00095_U028,2026-04-25 04:49:00,Swiggy,Food,2984.74,UPI
U028,T00096_U028,2026-08-01 21:56:00,Amazon,Healthcare,1843.9,Wallet
U028,T00097_U028,2026-01-21 05:37:00,Flipkart,Healthcare,386.4,UPI
U028,T00098_U028,2026-05-15 07:53:00,Uber,Healthcare,260.51,Card
U028,T00099_U028,2026-07-20 05:09:00,Amazon,Bills,2023.5,UPI
U029,T00000_U029,2026-03-02 13:31:00,Amazon Prime,Bills,999.0,Card
U029,T00001_U029,2026-08-24 01:24:00,Flipkart,Shopping,2702.12,Card
U029,T00002_U029,2026-07-05 11:03:00,Uber,Travel,3596.76,Card
U029,T00003_U029,2026-01-19 14:27:00,Flipkart,Entertainment,1743.66,Wallet
U029,T00004_U029,2026-04-07 22:14:00,Local Store,Bills,925.1,Card
U029,T00005_U029,2026-07-12 05:29:00,Myntra,Shopping,2131.62,UPI
U029,T00006_U029,2026-08-11 03:05:00,Myntra,Travel,1177.73,Wallet
U029,T00007_U029,2026-03-12 23:21:00,Netflix,Healthcare,892.05,Wallet
U029,T00008_U029,2026-09-21 16:40:00,Clinic,Food,2377.94,Wallet
U029,T00009_U029,2026-02-20 23:39:00,Myntra,Entertainment,2627.09,Wallet
U029,T00010_U029,2026-02-13 21:38:00,Local Store,Bills,732.81,UPI
U029,T00011_U029,2026-06-23 07:56:00,Amazon,Shopping,2373.36,Card
U029,T00012_U029,2026-01-30 11:34:00,Amazon,Shopping,1350.52,Wallet
U029,T00013_U029,2026-05-04 02:05:00,Netflix,Healthcare,4798.47,Card
U029,T00014_U029,2026-05-17 11:55:00,Local Store,Entertainment,2298.73,Wallet
U029,T00015_U029,2026-05-18 15:21:00,Local Store,Entertainment,1508.38,Wallet
U029,T00016_U029,2026-05-18 23:49:00,Netflix,Healthcare,3208.81,UPI
U029,T00017_U029,2026-08-12 11:36:00,Uber,Entertainment,1043.27,Wallet
U029,T00018_U029,2026-09-15 12:51:00,Local Store,Food,600.69,Card
U029,T00019_U029,2026-03-06 02:11:00,Uber,Travel,1456.93,UPI
U029,T00020_U029,2026-06-20 19:58:00,Amazon,Travel,2055.44,UPI
U029,T00021_U029,2026-07-24 19:09:00,Netflix,Travel,1481.72,Card
U029,T00022_U029,2026-06-04 14:11:00,Flipkart,Food,251.25,Card
U029,T00023_U029,2026-03-11 07:23:00,Amazon,Healthcare,737.67,Card
U029,T00024_U029,2026-03-04 09:03:00,Uber,Healthcare,2769.58,UPI
U029,T00025_U029,2026-03-22 13:52:00,Amazon Prime,Bills,299.0,Wallet
U029,T00026_U029,2026-01-29 14:36:00,Flipkart,Entertainment,2629.36,UPI
U029,T00027_U029,2026-01-10 00:34:00,Amazon,Healthcare,1897.81,Card
U029,T00028_U029,2026-03-27 04:59:00,Amazon,Food,1460.64,UPI
U029,T00029_U029,2026-05-24 10:10:00,Flipkart,Shopping,2057.55,Card
U029,T00030_U029,2026-04-01 13:56:00,Clinic,Bills,1356.65,Wallet
U029,T00031_U029,2026-09-13 01:07:00,Flipkart,Entertainment,1995.16,Wallet
U029,T00032_U029,2026-01-13 22:33:00,Netflix,Entertainment,2200.75,UPI
U029,T00033_U029,2026-04-24 14:29:00,Myntra,Entertainment,1485.53,Card
U029,T00034_U029,2026-06-15 13:12:00,Myntra,Shopping,108.17,UPI
U029,T00035_U029,2026-01-24 20:44:00,Myntra,Travel,2052.81,Wallet
U029,T00036_U029,2026-02-02 00:59:00,Netflix,Travel,3240.04,UPI
U029,T00037_U029,2026-03-19 15:54:00,Myntra,Healthcare,1850.77,UPI
U029,T00038_U029,2026-06-08 05:20:00,Flipkart,Entertainment,387.8,UPI
U029,T00039_U029,2026-06-04 07:36:00,Amazon,Healthcare,2674.23,Card
U029,T00040_U029,2026-09-28 20:44:00,Clinic,Food,4786.6,UPI
U029,T00041_U029,2026-03-04 06:24:00,Netflix,Bills,1247.32,Card
U029,T00042_U029,2026-04-01 23:01:00,Myntra,Bills,3635.27,UPI
U029,T00043_U029,2026-06-26 04:46:00,Netflix,Travel,3549.06,Wallet
U029,T00044_U029,2026-04-20 07:09:00,Myntra,Shopping,1635.85,UPI
U029,T00045_U029,2026-04-08 16:38:00,Myntra,Bills,103.42,Card
U029,T00046_U029,2026-08-31 22:44:00,Myntra,Shopping,885.7,UPI
U029,T00047_U029,2026-09-17 11:02:00,Local Store,Entertainment,319.93,UPI
U029,T00048_U029,2026-08-24 01:32:00,Amazon,Shopping,2571.65,Wallet
U029,T00049_U029,2026-03-23 06:24:00,Amazon,Food,133.98,UPI
U029,T00050_U029,2026-03-21 12:06:00,Spotify,Bills,199.0,Card
U029,T00051_U029,2026-08-11 22:48:00,Uber,Travel,1970.44,Card
U029,T00052_U029,2026-04-13 10:28:00,Myntra,Travel,448.36,UPI
U029,T00053_U029,2026-03-20 04:10:00,Swiggy,Healthcare,2642.97,Card
U029,T00054_U029,2026-05-10 04:22:00,Myntra,Bills,2851.8,Wallet
U029,T00055_U029,2026-04-05 05:46:00,Local Store,Travel,319.35,Wallet
U029,T00056_U029,2026-06-22 06:23:00,Swiggy,Healthcare,2260.52,UPI
U029,T00057_U029,2026-09-03 07:04:00,Amazon,Healthcare,1949.81,Wallet
U029,T00058_U029,2026-09-09 08:06:00,Myntra,Shopping,1265.36,UPI
U029,T00059_U029,2026-06-06 03:41:00,Netflix,Bills,785.88,UPI
U029,T00060_U029,2026-04-23 12:11:00,Swiggy,Entertainment,1320.92,Card
U029,T00061_U029,2026-07-24 07:36:00,Clinic,Healthcare,1676.44,Card
U029,T00062_U029,2026-02-02 10:46:00,Clinic,Travel,302.7,Wallet
U029,T00063_U029,2026-02-07 05:59:00,Amazon,Healthcare,983.89,Card
U029,T00064_U029,2026-05-18 02:04:00,Netflix,Bills,1150.64,Wallet
U029,T00065_U029,2026-02-16 18:46:00,Flipkart,Entertainment,1518.24,Card
U029,T00066_U029,2026-09-12 11:51:00,Amazon,Shopping,1245.18,UPI
U029,T00067_U029,2026-01-10 08:10:00,Myntra,Entertainment,1699.99,UPI
U029,T00068_U029,2026-09-12 03:08:00,Amazon,Healthcare,528.69,UPI
U029,T00069_U029,2026-05-05 22:27:00,Local Store,Bills,2001.42,Card
U029,T00070_U029,2026-07-27 01:36:00,Clinic,Bills,750.54,Card
U029,T00071_U029,2026-09-05 07:05:00,Myntra,Bills,716.96,Wallet
U029,T00072_U029,2026-01-15 14:21:00,Clinic,Healthcare,1657.0,Card
U029,T00073_U029,2026-06-30 07:53:00,Flipkart,Healthcare,4121.13,Wallet
U029,T00074_U029,2026-06-08 06:07:00,Amazon,Bills,1611.92,Card
U029,T00075_U029,2026-06-18 09:12:00,Netflix,Bills,299.0,UPI
U029,T00076_U029,2026-03-23 03:37:00,Netflix,Food,3483.46,Card
U029,T00077_U029,2026-07-13 08:18:00,Clinic,Bills,2018.9,Card
U029,T00078_U029,2026-09-03 00:45:00,Swiggy,Food,1228.66,Card
U029,T00079_U029,2026-06-08 17:42:00,Clinic,Entertainment,1062.19,Wallet
U029,T00080_U029,2026-08-18 18:28:00,Amazon,Travel,1107.5,UPI
U029,T00081_U029,2026-07-17 11:27:00,Swiggy,Healthcare,716.64,Card
U029,T00082_U029,2026-01-17 00:26:00,Amazon,Shopping,1072.98,UPI
U029,T00083_U029,2026-07-17 08:36:00,Myntra,Entertainment,2410.93,Card
U029,T00084_U029,2026-02-10 03:56:00,Netflix,Healthcare,681.92,UPI
U029,T00085_U029,2026-06-14 06:03:00,Netflix,Healthcare,1524.55,Wallet
U029,T00086_U029,2026-01-05 05:23:00,Amazon,Travel,648.0,Card
U029,T00087_U029,2026-04-16 13:19:00,Flipkart,Shopping,2147.98,Card
U029,T00088_U029,2026-09-26 19:54:00,Netflix,Bills,1568.14,Card
U029,T00089_U029,2026-05-25 13:42:00,Flipkart,Entertainment,816.49,Card
U029,T00090_U029,2026-05-15 09:47:00,Amazon,Shopping,1801.69,Card
U029,T00091_U029,2026-03-04 12:36:00,Flipkart,Bills,2658.51,Wallet
U029,T00092_U029,2026-05-13 08:37:00,Uber,Entertainment,643.4,Card
U029,T00093_U029,2026-07-29 08:01:00,Myntra,Bills,557.99,Card
U029,T00094_U029,2026-09-14 13:08:00,Clinic,Bills,1836.51,UPI
U029,T00095_U029,2026-09-25 18:54:00,Amazon,Travel,698.03,UPI
U029,T00096_U029,2026-01-05 18:28:00,Myntra,Shopping,2272.9,UPI
U029,T00097_U029,2026-09-03 10:19:00,Netflix,Bills,958.67,Card
U029,T00098_U029,2026-07-09 10:30:00,Myntra,Bills,2161.94,UPI
U029,T00099_U029,2026-01-20 07:00:00,Uber,Food,767.53,Card
U030,T00000_U030,2026-06-05 12:59:00,Netflix,Bills,199.0,UPI
U030,T00001_U030,2026-07-02 03:08:00,Flipkart,Food,4967.69,Card
U030,T00002_U030,2026-09-28 22:38:00,Flipkart,Entertainment,1313.86,Wallet
U030,T00003_U030,2026-08-30 00:35:00,Amazon,Entertainment,6878.51,Card
U030,T00004_U030,2026-07-04 17:19:00,Amazon,Shopping,2685.26,UPI
U030,T00005_U030,2026-02-07 07:59:00,Netflix,Bills,215.34,UPI
U030,T00006_U030,2026-06-01 05:12:00,Myntra,Entertainment,4192.55,UPI
U030,T00007_U030,2026-05-08 06:19:00,Uber,Entertainment,539.47,Card
U030,T00008_U030,2026-04-17 20:06:00,Uber,Food,656.78,Card
U030,T00009_U030,2026-08-01 16:47:00,Local Store,Healthcare,3224.34,UPI
U030,T00010_U030,2026-01-17 17:50:00,Netflix,Healthcare,1805.81,UPI
U030,T00011_U030,2026-05-24 12:48:00,Swiggy,Bills,467.18,Wallet
U030,T00012_U030,2026-02-15 20:42:00,Clinic,Entertainment,2234.24,UPI
U030,T00013_U030,2026-08-27 08:12:00,Uber,Food,598.81,Card
U030,T00014_U030,2026-01-30 04:14:00,Netflix,Bills,5276.04,Wallet
U030,T00015_U030,2026-05-24 13:25:00,Myntra,Travel,1176.29,Card
U030,T00016_U030,2026-03-23 06:12:00,Amazon,Shopping,1596.66,UPI
U030,T00017_U030,2026-03-11 00:08:00,Local Store,Travel,1735.79,UPI
U030,T00018_U030,2026-01-06 07:01:00,Myntra,Shopping,708.73,Card
U030,T00019_U030,2026-02-04 23:44:00,Local Store,Food,4936.96,Card
U030,T00020_U030,2026-08-07 04:49:00,Netflix,Entertainment,2512.07,Wallet
U030,T00021_U030,2026-01-30 05:17:00,Netflix,Healthcare,764.45,UPI
U030,T00022_U030,2026-04-29 23:37:00,Uber,Bills,3082.32,Card
U030,T00023_U030,2026-03-09 01:08:00,Uber,Bills,2115.61,Wallet
U030,T00024_U030,2026-01-09 02:29:00,Myntra,Healthcare,3749.31,UPI
U030,T00025_U030,2026-05-30 01:56:00,Amazon Prime,Bills,999.0,Wallet
U030,T00026_U030,2026-02-22 15:41:00,Clinic,Healthcare,870.68,Card
U030,T00027_U030,2026-07-31 03:39:00,Myntra,Bills,3891.72,Wallet
U030,T00028_U030,2026-04-27 17:55:00,Myntra,Entertainment,1992.69,Card
U030,T00029_U030,2026-03-17 10:32:00,Myntra,Food,473.32,Wallet
U030,T00030_U030,2026-01-21 18:50:00,Netflix,Healthcare,1024.67,Wallet
U030,T00031_U030,2026-05-25 22:16:00,Myntra,Bills,2373.17,Card
U030,T00032_U030,2026-05-08 20:12:00,Amazon,Entertainment,2006.63,UPI
U030,T00033_U030,2026-03-08 02:05:00,Amazon,Food,2440.86,UPI
U030,T00034_U030,2026-05-01 22:22:00,Local Store,Healthcare,3655.9,UPI
U030,T00035_U030,2026-02-07 14:54:00,Clinic,Food,799.24,UPI
U030,T00036_U030,2026-04-26 19:09:00,Amazon,Travel,1510.62,Wallet
U030,T00037_U030,2026-05-09 22:22:00,Amazon,Shopping,1864.52,Card
U030,T00038_U030,2026-02-22 05:11:00,Flipkart,Shopping,2368.83,Card
U030,T00039_U030,2026-05-08 07:35:00,Myntra,Entertainment,492.52,Card
U030,T00040_U030,2026-05-29 04:09:00,Local Store,Food,1439.49,Card
U030,T00041_U030,2026-07-15 06:58:00,Amazon,Shopping,1761.65,UPI
U030,T00042_U030,2026-05-29 09:19:00,Swiggy,Entertainment,1556.72,Card
U030,T00043_U030,2026-09-18 19:37:00,Swiggy,Travel,750.31,UPI
U030,T00044_U030,2026-03-27 00:55:00,Local Store,Travel,3060.66,UPI
U030,T00045_U030,2026-06-10 06:50:00,Clinic,Healthcare,1292.4,Wallet
U030,T00046_U030,2026-04-04 12:27:00,Flipkart,Healthcare,920.44,Wallet
U030,T00047_U030,2026-06-12 13:14:00,Myntra,Travel,1185.64,Card
U030,T00048_U030,2026-08-31 10:50:00,Amazon,Shopping,3785.39,Card
U030,T00049_U030,2026-02-11 12:22:00,Amazon,Bills,440.22,Wallet
U030,T00050_U030,2026-03-10 00:41:00,Netflix,Bills,499.0,Card
U030,T00051_U030,2026-04-22 01:09:00,Netflix,Bills,1343.0,Wallet
U030,T00052_U030,2026-07-25 07:27:00,Amazon,Shopping,1704.1,Wallet
U030,T00053_U030,2026-07-29 05:52:00,Uber,Bills,3325.19,UPI
U030,T00054_U030,2026-08-09 12:04:00,Uber,Travel,1596.41,UPI
U030,T00055_U030,2026-06-23 03:12:00,Amazon,Shopping,938.2,UPI
U030,T00056_U030,2026-05-20 18:34:00,Flipkart,Shopping,254.16,UPI
U030,T00057_U030,2026-04-01 04:06:00,Amazon,Shopping,2231.57,Wallet
U030,T00058_U030,2026-07-10 17:09:00,Local Store,Entertainment,1385.89,Card
U030,T00059_U030,2026-06-02 00:06:00,Amazon,Bills,2859.08,Card
U030,T00060_U030,2026-06-08 09:48:00,Myntra,Shopping,202.19,UPI
U030,T00061_U030,2026-09-15 15:28:00,Clinic,Healthcare,686.92,Card
U030,T00062_U030,2026-09-24 10:49:00,Local Store,Healthcare,1630.73,Card
U030,T00063_U030,2026-07-24 23:19:00,Amazon,Healthcare,2458.49,UPI
U030,T00064_U030,2026-06-01 21:11:00,Myntra,Food,2812.27,UPI
U030,T00065_U030,2026-04-02 02:12:00,Flipkart,Shopping,1354.74,Card
U030,T00066_U030,2026-04-22 03:18:00,Clinic,Healthcare,4094.2,Wallet
U030,T00067_U030,2026-02-27 02:30:00,Clinic,Bills,764.25,Wallet
U030,T00068_U030,2026-05-23 18:44:00,Amazon,Bills,1664.05,Wallet
U030,T00069_U030,2026-04-12 03:47:00,Swiggy,Bills,405.6,Card
U030,T00070_U030,2026-07-29 00:47:00,Myntra,Healthcare,3014.15,UPI
U030,T00071_U030,2026-03-24 17:21:00,Amazon,Shopping,552.52,UPI
U030,T00072_U030,2026-06-14 20:02:00,Myntra,Travel,748.37,Wallet
U030,T00073_U030,2026-05-01 17:45:00,Netflix,Food,1897.9,Card
U030,T00074_U030,2026-03-29 21:49:00,Swiggy,Bills,369.2,Wallet
U030,T00075_U030,2026-08-10 05:52:00,Spotify,Bills,299.0,Wallet
U030,T00076_U030,2026-04-16 16:39:00,Flipkart,Entertainment,614.78,Card
U030,T00077_U030,2026-07-28 23:05:00,Netflix,Bills,5494.26,Card
U030,T00078_U030,2026-04-01 12:29:00,Flipkart,Food,1648.38,UPI
U030,T00079_U030,2026-01-01 02:12:00,Amazon,Shopping,1227.64,Wallet
U030,T00080_U030,2026-09-18 23:14:00,Myntra,Travel,1834.12,UPI
U030,T00081_U030,2026-09-28 15:20:00,Swiggy,Healthcare,2059.39,Card
U030,T00082_U030,2026-07-17 03:41:00,Local Store,Food,3073.33,Wallet
U030,T00083_U030,2026-03-27 00:40:00,Amazon,Bills,3597.44,UPI
U030,T00084_U030,2026-02-08 19:08:00,Clinic,Entertainment,2395.65,UPI
U030,T00085_U030,2026-08-24 16:44:00,Netflix,Food,2427.85,Card
U030,T00086_U030,2026-05-07 17:44:00,Netflix,Travel,1685.78,UPI
U030,T00087_U030,2026-01-09 22:52:00,Myntra,Healthcare,1783.59,Card
U030,T00088_U030,2026-07-08 22:52:00,Local Store,Entertainment,1932.93,Wallet
U030,T00089_U030,2026-07-01 18:53:00,Myntra,Food,1195.37,Wallet
U030,T00090_U030,2026-09-17 18:36:00,Flipkart,Shopping,882.76,Card
U030,T00091_U030,2026-08-11 20:40:00,Clinic,Food,1871.62,UPI
U030,T00092_U030,2026-01-12 14:17:00,Clinic,Healthcare,442.53,Wallet
U030,T00093_U030,2026-07-30 13:37:00,Amazon,Travel,3210.25,Card
U030,T00094_U030,2026-09-06 00:35:00,Clinic,Food,1318.61,Card
U030,T00095_U030,2026-06-30 21:39:00,Uber,Bills,1352.85,Wallet
U030,T00096_U030,2026-04-10 19:51:00,Uber,Bills,370.11,Card
U030,T00097_U030,2026-05-05 09:53:00,Netflix,Entertainment,1062.98,Wallet
U030,T00098_U030,2026-02-24 12:18:00,Swiggy,Bills,736.53,Card
U030,T00099_U030,2026-01-06 19:10:00,Local Store,Healthcare,2202.01,Card
U031,T00000_U031,2026-03-29 03:53:00,Gym,Bills,499.0,Wallet
U031,T00001_U031,2026-02-01 00:53:00,Myntra,Bills,1889.93,UPI
U031,T00002_U031,2026-04-24 00:35:00,Flipkart,Bills,3658.66,Card
U031,T00003_U031,2026-09-05 09:42:00,Flipkart,Bills,2836.83,Card
U031,T00004_U031,2026-02-24 17:22:00,Flipkart,Entertainment,134.97,Card
U031,T00005_U031,2026-07-09 00:03:00,Flipkart,Food,282.0,Card
U031,T00006_U031,2026-07-26 03:37:00,Netflix,Bills,1832.87,Card
U031,T00007_U031,2026-07-18 09:06:00,Uber,Bills,1941.41,UPI
U031,T00008_U031,2026-08-13 17:42:00,Local Store,Travel,1177.18,UPI
U031,T00009_U031,2026-09-15 15:58:00,Swiggy,Healthcare,1668.71,Wallet
U031,T00010_U031,2026-08-30 05:26:00,Swiggy,Healthcare,298.26,UPI
U031,T00011_U031,2026-08-07 11:56:00,Amazon,Healthcare,214.25,Card
U031,T00012_U031,2026-06-01 09:16:00,Myntra,Shopping,1482.07,Card
U031,T00013_U031,2026-07-25 11:10:00,Swiggy,Travel,1006.79,UPI
U031,T00014_U031,2026-03-01 10:58:00,Local Store,Travel,2872.33,Card
U031,T00015_U031,2026-04-02 05:54:00,Amazon,Shopping,2288.37,Wallet
U031,T00016_U031,2026-05-31 14:50:00,Uber,Food,2055.45,Card
U031,T00017_U031,2026-06-05 17:18:00,Netflix,Healthcare,1369.56,Card
U031,T00018_U031,2026-06-17 05:06:00,Myntra,Shopping,850.1,UPI
U031,T00019_U031,2026-03-12 09:21:00,Netflix,Healthcare,623.59,UPI
U031,T00020_U031,2026-01-29 00:47:00,Amazon,Shopping,637.82,Wallet
U031,T00021_U031,2026-08-30 07:59:00,Myntra,Healthcare,2544.36,UPI
U031,T00022_U031,2026-08-06 08:34:00,Flipkart,Healthcare,1581.97,Wallet
U031,T00023_U031,2026-06-14 22:43:00,Netflix,Travel,510.33,Wallet
U031,T00024_U031,2026-06-06 05:43:00,Myntra,Travel,1810.73,Card
U031,T00025_U031,2026-02-21 12:07:00,Netflix,Bills,999.0,UPI
U031,T00026_U031,2026-01-29 10:58:00,Swiggy,Food,1632.16,Card
U031,T00027_U031,2026-08-18 14:19:00,Clinic,Travel,652.77,Card
U031,T00028_U031,2026-04-20 11:49:00,Flipkart,Shopping,1152.06,Wallet
U031,T00029_U031,2026-06-01 03:53:00,Amazon,Entertainment,2289.65,Wallet
U031,T00030_U031,2026-08-24 06:16:00,Flipkart,Travel,187.95,UPI
U031,T00031_U031,2026-09-08 16:34:00,Flipkart,Food,568.57,Wallet
U031,T00032_U031,2026-04-22 13:05:00,Flipkart,Food,675.15,Wallet
U031,T00033_U031,2026-09-24 19:11:00,Swiggy,Entertainment,1331.15,Wallet
U031,T00034_U031,2026-03-31 17:04:00,Myntra,Travel,1978.07,UPI
U031,T00035_U031,2026-05-27 17:27:00,Myntra,Shopping,1742.25,UPI
U031,T00036_U031,2026-03-04 14:44:00,Local Store,Travel,1528.38,Card
U031,T00037_U031,2026-04-26 15:51:00,Swiggy,Bills,343.67,Wallet
U031,T00038_U031,2026-02-24 11:27:00,Clinic,Healthcare,551.18,Card
U031,T00039_U031,2026-07-15 15:05:00,Clinic,Healthcare,1162.46,Card
U031,T00040_U031,2026-03-25 18:51:00,Amazon,Entertainment,2468.65,UPI
U031,T00041_U031,2026-04-18 12:08:00,Uber,Bills,2232.78,Wallet
U031,T00042_U031,2026-08-09 08:57:00,Swiggy,Travel,1563.02,Wallet
U031,T00043_U031,2026-01-15 22:02:00,Swiggy,Food,1377.44,Wallet
U031,T00044_U031,2026-06-24 15:14:00,Swiggy,Bills,1375.1,UPI
U031,T00045_U031,2026-06-24 05:06:00,Amazon,Healthcare,1396.73,Card
U031,T00046_U031,2026-09-25 09:57:00,Myntra,Travel,1661.32,Card
U031,T00047_U031,2026-05-22 23:32:00,Uber,Bills,2787.62,Wallet
U031,T00048_U031,2026-08-23 18:23:00,Myntra,Entertainment,1446.5,Card
U031,T00049_U031,2026-09-09 10:40:00,Netflix,Healthcare,1910.16,UPI
U031,T00050_U031,2026-09-23 23:07:00,Gym,Bills,199.0,UPI
U031,T00051_U031,2026-06-03 16:34:00,Myntra,Shopping,3542.67,Wallet
U031,T00052_U031,2026-09-28 09:58:00,Netflix,Travel,3748.35,UPI
U031,T00053_U031,2026-08-06 15:48:00,Amazon,Shopping,2456.9,UPI
U031,T00054_U031,2026-04-04 23:13:00,Swiggy,Healthcare,1573.43,Wallet
U031,T00055_U031,2026-02-28 02:36:00,Myntra,Shopping,4680.7,Wallet
U031,T00056_U031,2026-01-06 00:47:00,Myntra,Bills,2964.79,Wallet
U031,T00057_U031,2026-01-25 11:20:00,Flipkart,Shopping,2319.07,UPI
U031,T00058_U031,2026-04-24 11:05:00,Netflix,Healthcare,1886.83,Wallet
U031,T00059_U031,2026-01-11 23:29:00,Swiggy,Healthcare,3050.45,UPI
U031,T00060_U031,2026-03-06 21:25:00,Amazon,Food,392.47,UPI
U031,T00061_U031,2026-02-10 00:15:00,Myntra,Bills,3841.33,Card
U031,T00062_U031,2026-03-10 20:55:00,Netflix,Travel,391.03,Wallet
U031,T00063_U031,2026-08-07 01:36:00,Netflix,Food,3454.69,Wallet
U031,T00064_U031,2026-03-04 01:18:00,Swiggy,Travel,5091.58,UPI
U031,T00065_U031,2026-07-25 02:57:00,Clinic,Travel,967.63,UPI
U031,T00066_U031,2026-08-14 02:13:00,Netflix,Healthcare,2010.84,Wallet
U031,T00067_U031,2026-05-06 06:22:00,Flipkart,Shopping,1790.35,Card
U031,T00068_U031,2026-06-14 13:05:00,Uber,Travel,1180.87,UPI
U031,T00069_U031,2026-02-14 20:21:00,Local Store,Entertainment,674.58,Card
U031,T00070_U031,2026-04-06 11:22:00,Amazon,Food,1011.59,UPI
U031,T00071_U031,2026-07-21 21:39:00,Myntra,Food,2111.97,UPI
U031,T00072_U031,2026-08-30 15:11:00,Swiggy,Entertainment,3521.18,Card
U031,T00073_U031,2026-07-13 13:00:00,Flipkart,Travel,807.96,Wallet
U031,T00074_U031,2026-02-12 12:51:00,Uber,Travel,264.85,Wallet
U031,T00075_U031,2026-07-31 02:02:00,Amazon Prime,Bills,499.0,Card
U031,T00076_U031,2026-05-16 01:23:00,Swiggy,Food,825.73,UPI
U031,T00077_U031,2026-03-11 15:13:00,Uber,Food,442.5,Card
U031,T00078_U031,2026-04-17 13:08:00,Amazon,Bills,731.91,Card
U031,T00079_U031,2026-05-19 14:07:00,Flipkart,Bills,1520.75,UPI
U031,T00080_U031,2026-01-12 18:26:00,Swiggy,Bills,1104.13,Card
U031,T00081_U031,2026-05-14 22:48:00,Swiggy,Healthcare,1467.2,UPI
U031,T00082_U031,2026-09-16 17:48:00,Clinic,Travel,1936.63,Card
U031,T00083_U031,2026-06-29 03:54:00,Flipkart,Healthcare,5608.58,Card
U031,T00084_U031,2026-03-11 15:07:00,Uber,Entertainment,2231.84,UPI
U031,T00085_U031,2026-08-06 17:35:00,Amazon,Food,1918.14,Card
U031,T00086_U031,2026-01-18 06:19:00,Amazon,Shopping,1317.42,Wallet
U031,T00087_U031,2026-08-29 14:41:00,Netflix,Healthcare,3318.56,UPI
U031,T00088_U031,2026-04-20 12:18:00,Clinic,Entertainment,133.42,Card
U031,T00089_U031,2026-02-18 07:45:00,Swiggy,Food,1594.45,UPI
U031,T00090_U031,2026-06-28 06:32:00,Local Store,Healthcare,3273.26,UPI
U031,T00091_U031,2026-07-22 04:22:00,Myntra,Travel,4240.47,UPI
U031,T00092_U031,2026-03-29 07:57:00,Swiggy,Food,2729.19,Card
U031,T00093_U031,2026-03-10 00:17:00,Amazon,Travel,234.85,Card
U031,T00094_U031,2026-05-20 03:36:00,Amazon,Shopping,1348.38,Wallet
U031,T00095_U031,2026-02-08 01:39:00,Uber,Entertainment,520.48,UPI
U031,T00096_U031,2026-03-15 08:34:00,Swiggy,Entertainment,1509.72,Wallet
U031,T00097_U031,2026-09-01 04:47:00,Uber,Entertainment,4492.21,UPI
U031,T00098_U031,2026-07-11 02:31:00,Myntra,Travel,605.12,Wallet
U031,T00099_U031,2026-04-20 05:26:00,Amazon,Food,1380.57,Wallet
U032,T00000_U032,2026-01-27 01:12:00,Gym,Bills,299.0,UPI
U032,T00001_U032,2026-09-01 00:09:00,Local Store,Bills,2308.9,UPI
U032,T00002_U032,2026-01-18 01:38:00,Flipkart,Travel,1725.32,Wallet
U032,T00003_U032,2026-03-11 02:36:00,Flipkart,Travel,1602.37,UPI
U032,T00004_U032,2026-01-06 10:29:00,Netflix,Entertainment,172.06,UPI
U032,T00005_U032,2026-09-11 07:08:00,Swiggy,Travel,162.39,Card
U032,T00006_U032,2026-04-21 19:29:00,Flipkart,Food,1906.32,UPI
U032,T00007_U032,2026-08-20 05:10:00,Amazon,Food,590.07,Card
U032,T00008_U032,2026-01-22 23:32:00,Amazon,Entertainment,2419.57,UPI
U032,T00009_U032,2026-03-03 00:51:00,Netflix,Travel,5012.24,Card
U032,T00010_U032,2026-02-27 15:07:00,Myntra,Bills,1413.18,UPI
U032,T00011_U032,2026-08-31 00:29:00,Uber,Travel,1525.78,UPI
U032,T00012_U032,2026-06-04 09:54:00,Myntra,Shopping,1230.07,UPI
U032,T00013_U032,2026-03-15 10:11:00,Amazon,Shopping,1912.79,Wallet
U032,T00014_U032,2026-01-09 18:17:00,Clinic,Travel,2014.81,Card
U032,T00015_U032,2026-04-03 12:39:00,Flipkart,Food,2640.64,Wallet
U032,T00016_U032,2026-06-30 10:06:00,Myntra,Shopping,1552.1,Wallet
U032,T00017_U032,2026-06-03 23:35:00,Myntra,Food,1751.19,Wallet
U032,T00018_U032,2026-06-29 03:24:00,Myntra,Food,691.52,Wallet
U032,T00019_U032,2026-02-16 05:51:00,Local Store,Entertainment,2484.08,Wallet
U032,T00020_U032,2026-05-27 23:38:00,Local Store,Bills,1061.38,Wallet
U032,T00021_U032,2026-08-04 04:13:00,Local Store,Entertainment,6977.6,Card
U032,T00022_U032,2026-06-09 14:16:00,Flipkart,Food,1151.97,Wallet
U032,T00023_U032,2026-02-15 18:07:00,Swiggy,Bills,1277.67,Wallet
U032,T00024_U032,2026-03-08 02:27:00,Swiggy,Travel,331.24,Wallet
U032,T00025_U032,2026-09-28 06:25:00,Spotify,Bills,499.0,Wallet
U032,T00026_U032,2026-05-18 16:27:00,Clinic,Travel,2366.92,UPI
U032,T00027_U032,2026-09-16 05:07:00,Myntra,Shopping,864.55,UPI
U032,T00028_U032,2026-03-17 22:54:00,Myntra,Food,258.2,UPI
U032,T00029_U032,2026-04-13 23:46:00,Myntra,Entertainment,2944.81,Card
U032,T00030_U032,2026-01-01 06:48:00,Flipkart,Shopping,299.14,Card
U032,T00031_U032,2026-05-08 09:47:00,Local Store,Healthcare,1188.25,Wallet
U032,T00032_U032,2026-02-26 19:00:00,Amazon,Food,391.16,UPI
U032,T00033_U032,2026-07-27 00:01:00,Amazon,Bills,1664.11,Wallet
U032,T00034_U032,2026-03-19 07:08:00,Clinic,Healthcare,583.7,Card
U032,T00035_U032,2026-08-24 23:45:00,Swiggy,Bills,1526.12,Wallet
U032,T00036_U032,2026-06-22 09:34:00,Local Store,Food,1252.07,Card
U032,T00037_U032,2026-07-18 07:02:00,Swiggy,Food,2311.26,Wallet
U032,T00038_U032,2026-09-21 08:43:00,Amazon,Shopping,1142.95,Wallet
U032,T00039_U032,2026-05-06 14:05:00,Amazon,Food,864.02,Wallet
U032,T00040_U032,2026-07-09 22:16:00,Myntra,Travel,1922.15,Card
U032,T00041_U032,2026-03-18 00:12:00,Uber,Healthcare,3180.41,UPI
U032,T00042_U032,2026-07-05 06:20:00,Myntra,Shopping,1335.23,Card
U032,T00043_U032,2026-05-09 09:37:00,Uber,Healthcare,2171.75,Card
U032,T00044_U032,2026-08-15 04:45:00,Amazon,Food,287.83,Wallet
U032,T00045_U032,2026-01-09 04:45:00,Amazon,Bills,2114.98,UPI
U032,T00046_U032,2026-04-24 16:28:00,Uber,Bills,2423.55,UPI
U032,T00047_U032,2026-07-20 04:02:00,Netflix,Bills,1495.92,Card
U032,T00048_U032,2026-06-16 04:29:00,Myntra,Shopping,2011.85,UPI
U032,T00049_U032,2026-04-24 11:29:00,Swiggy,Food,807.18,UPI
U032,T00050_U032,2026-02-18 17:08:00,Netflix,Bills,999.0,UPI
U032,T00051_U032,2026-04-01 20:20:00,Swiggy,Travel,1492.6,Card
U032,T00052_U032,2026-02-28 01:03:00,Myntra,Entertainment,1224.16,UPI
U032,T00053_U032,2026-02-13 04:35:00,Flipkart,Shopping,1344.74,Wallet
U032,T00054_U032,2026-03-31 06:57:00,Amazon,Shopping,336.66,Wallet
U032,T00055_U032,2026-05-16 17:45:00,Swiggy,Travel,1294.62,Card
U032,T00056_U032,2026-08-11 10:14:00,Uber,Healthcare,848.94,Wallet
U032,T00057_U032,2026-01-24 09:41:00,Myntra,Shopping,2448.33,UPI
U032,T00058_U032,2026-06-03 12:52:00,Amazon,Food,2335.69,UPI
U032,T00059_U032,2026-07-07 15:46:00,Flipkart,Healthcare,2413.69,Card
U032,T00060_U032,2026-09-09 04:16:00,Myntra,Shopping,2009.23,Card
U032,T00061_U032,2026-03-28 05:20:00,Myntra,Food,3612.22,UPI
U032,T00062_U032,2026-07-21 14:00:00,Local Store,Bills,2133.53,Wallet
U032,T00063_U032,2026-07-18 11:59:00,Local Store,Healthcare,2386.49,UPI
U032,T00064_U032,2026-05-22 02:59:00,Clinic,Bills,3079.03,Wallet
U032,T00065_U032,2026-08-15 16:54:00,Uber,Travel,1235.93,UPI
U032,T00066_U032,2026-03-23 18:03:00,Flipkart,Healthcare,967.85,UPI
U032,T00067_U032,2026-07-31 03:51:00,Uber,Bills,2707.07,UPI
U032,T00068_U032,2026-03-06 07:20:00,Flipkart,Travel,838.24,Card
U032,T00069_U032,2026-08-03 23:48:00,Myntra,Entertainment,4186.66,Wallet
U032,T00070_U032,2026-08-10 08:38:00,Netflix,Healthcare,492.7,Card
U032,T00071_U032,2026-03-30 00:25:00,Uber,Healthcare,4027.16,UPI
U032,T00072_U032,2026-02-21 21:45:00,Clinic,Bills,1957.86,Wallet
U032,T00073_U032,2026-02-11 16:09:00,Flipkart,Entertainment,106.05,Wallet
U032,T00074_U032,2026-08-08 07:19:00,Myntra,Shopping,1725.2,Wallet
U032,T00075_U032,2026-09-15 05:46:00,Gym,Bills,199.0,Card
U032,T00076_U032,2026-07-27 08:55:00,Netflix,Food,2132.18,UPI
U032,T00077_U032,2026-01-23 05:05:00,Flipkart,Shopping,846.41,Wallet
U032,T00078_U032,2026-05-23 02:51:00,Myntra,Healthcare,776.65,Wallet
U032,T00079_U032,2026-07-25 01:19:00,Local Store,Bills,193.94,Card
U032,T00080_U032,2026-03-14 03:45:00,Local Store,Healthcare,258.86,UPI
U032,T00081_U032,2026-02-01 22:12:00,Clinic,Food,2379.82,Wallet
U032,T00082_U032,2026-01-26 02:05:00,Swiggy,Travel,2932.78,Card
U032,T00083_U032,2026-03-01 07:06:00,Clinic,Healthcare,3166.46,Card
U032,T00084_U032,2026-08-01 01:49:00,Amazon,Healthcare,6901.67,UPI
U032,T00085_U032,2026-07-01 21:45:00,Swiggy,Bills,2577.38,Wallet
U032,T00086_U032,2026-05-26 20:29:00,Netflix,Bills,2181.61,UPI
U032,T00087_U032,2026-03-03 02:13:00,Netflix,Entertainment,1647.57,UPI
U032,T00088_U032,2026-08-30 05:35:00,Clinic,Bills,1628.8,UPI
U032,T00089_U032,2026-08-28 19:48:00,Flipkart,Food,2392.82,UPI
U032,T00090_U032,2026-08-07 00:35:00,Amazon,Healthcare,2815.21,UPI
U032,T00091_U032,2026-03-08 06:43:00,Local Store,Bills,703.15,Card
U032,T00092_U032,2026-03-03 17:12:00,Netflix,Entertainment,2600.06,Card
U032,T00093_U032,2026-02-24 00:11:00,Swiggy,Travel,2749.59,Card
U032,T00094_U032,2026-06-30 14:55:00,Swiggy,Bills,232.95,Wallet
U032,T00095_U032,2026-05-31 06:51:00,Amazon,Shopping,4342.99,UPI
U032,T00096_U032,2026-07-20 18:02:00,Local Store,Entertainment,1423.57,Card
U032,T00097_U032,2026-05-13 12:42:00,Swiggy,Entertainment,1033.44,Card
U032,T00098_U032,2026-07-02 02:27:00,Amazon,Bills,2257.52,Card
U032,T00099_U032,2026-03-14 02:20:00,Amazon,Food,3647.49,UPI
U033,T00000_U033,2026-07-18 02:00:00,Amazon Prime,Bills,299.0,Card
U033,T00001_U033,2026-04-19 22:47:00,Amazon,Healthcare,1588.01,UPI
U033,T00002_U033,2026-03-12 09:34:00,Amazon,Travel,628.94,UPI
U033,T00003_U033,2026-06-04 03:47:00,Amazon,Entertainment,3760.32,UPI
U033,T00004_U033,2026-02-21 11:58:00,Local Store,Food,1243.05,Card
U033,T00005_U033,2026-07-18 22:18:00,Flipkart,Entertainment,654.61,Wallet
U033,T00006_U033,2026-06-18 07:19:00,Amazon,Bills,324.33,Card
U033,T00007_U033,2026-01-09 03:56:00,Clinic,Travel,1817.41,UPI
U033,T00008_U033,2026-09-09 16:52:00,Local Store,Bills,2153.25,UPI
U033,T00009_U033,2026-06-13 15:15:00,Netflix,Bills,870.28,UPI
U033,T00010_U033,2026-03-12 17:49:00,Clinic,Food,2278.26,Card
U033,T00011_U033,2026-02-20 04:14:00,Netflix,Bills,2804.42,UPI
U033,T00012_U033,2026-06-24 11:16:00,Flipkart,Shopping,2149.8,UPI
U033,T00013_U033,2026-08-25 05:14:00,Local Store,Healthcare,145.27,Card
U033,T00014_U033,2026-05-30 13:48:00,Netflix,Healthcare,3002.85,Card
U033,T00015_U033,2026-08-28 04:02:00,Amazon,Travel,1760.61,Wallet
U033,T00016_U033,2026-08-26 03:23:00,Uber,Entertainment,2745.51,Wallet
U033,T00017_U033,2026-04-28 15:42:00,Swiggy,Healthcare,984.81,Card
U033,T00018_U033,2026-04-27 16:01:00,Amazon,Shopping,811.62,Card
U033,T00019_U033,2026-09-15 10:45:00,Myntra,Entertainment,1019.97,UPI
U033,T00020_U033,2026-03-30 10:16:00,Local Store,Entertainment,4700.91,UPI
U033,T00021_U033,2026-09-22 09:02:00,Local Store,Entertainment,1128.67,UPI
U033,T00022_U033,2026-01-06 14:41:00,Flipkart,Entertainment,445.16,UPI
U033,T00023_U033,2026-04-16 10:13:00,Local Store,Healthcare,1242.13,Wallet
U033,T00024_U033,2026-03-12 11:38:00,Myntra,Shopping,2243.48,Wallet
U033,T00025_U033,2026-09-16 15:38:00,Netflix,Bills,499.0,Wallet
U033,T00026_U033,2026-09-25 12:37:00,Flipkart,Healthcare,523.28,Wallet
U033,T00027_U033,2026-06-21 11:49:00,Amazon,Shopping,114.46,Wallet
U033,T00028_U033,2026-09-26 19:49:00,Myntra,Shopping,580.04,Wallet
U033,T00029_U033,2026-02-12 10:38:00,Local Store,Entertainment,2383.71,UPI
U033,T00030_U033,2026-06-10 06:43:00,Netflix,Healthcare,1087.59,UPI
U033,T00031_U033,2026-08-31 16:38:00,Clinic,Entertainment,2664.05,UPI
U033,T00032_U033,2026-08-12 02:37:00,Swiggy,Healthcare,1118.19,Card
U033,T00033_U033,2026-03-17 05:30:00,Amazon,Shopping,1898.99,Card
U033,T00034_U033,2026-04-16 05:03:00,Myntra,Healthcare,521.06,Wallet
U033,T00035_U033,2026-03-17 15:06:00,Amazon,Food,2106.2,Card
U033,T00036_U033,2026-09-08 13:38:00,Clinic,Food,355.86,UPI
U033,T00037_U033,2026-01-30 09:10:00,Netflix,Bills,528.55,Wallet
U033,T00038_U033,2026-07-26 18:35:00,Amazon,Shopping,999.51,Card
U033,T00039_U033,2026-01-05 06:37:00,Myntra,Shopping,229.86,Wallet
U033,T00040_U033,2026-01-08 03:56:00,Myntra,Travel,2226.59,UPI
U033,T00041_U033,2026-02-01 13:34:00,Amazon,Food,2252.7,UPI
U033,T00042_U033,2026-04-21 02:25:00,Myntra,Shopping,2513.31,Wallet
U033,T00043_U033,2026-01-06 01:18:00,Flipkart,Bills,834.72,Card
U033,T00044_U033,2026-04-04 08:58:00,Local Store,Travel,2797.35,Card
U033,T00045_U033,2026-03-23 18:17:00,Local Store,Entertainment,2449.33,Wallet
U033,T00046_U033,2026-01-03 17:14:00,Swiggy,Bills,3392.36,Card
U033,T00047_U033,2026-05-14 01:10:00,Netflix,Travel,549.55,Wallet
U033,T00048_U033,2026-04-26 04:29:00,Myntra,Healthcare,3583.04,Wallet
U033,T00049_U033,2026-02-14 05:57:00,Amazon,Bills,2073.39,UPI
U033,T00050_U033,2026-06-28 20:03:00,Gym,Bills,999.0,Card
U033,T00051_U033,2026-06-19 05:29:00,Amazon,Shopping,954.15,Wallet
U033,T00052_U033,2026-09-08 08:39:00,Netflix,Healthcare,156.15,Wallet
U033,T00053_U033,2026-01-01 16:54:00,Local Store,Bills,989.73,Wallet
U033,T00054_U033,2026-09-11 11:48:00,Swiggy,Entertainment,507.15,Wallet
U033,T00055_U033,2026-01-06 21:45:00,Myntra,Food,1528.05,UPI
U033,T00056_U033,2026-04-06 02:57:00,Uber,Travel,2808.46,UPI
U033,T00057_U033,2026-05-24 08:34:00,Swiggy,Bills,1503.48,UPI
U033,T00058_U033,2026-03-22 11:12:00,Amazon,Shopping,515.95,UPI
U033,T00059_U033,2026-07-03 02:02:00,Amazon,Shopping,5623.56,UPI
U033,T00060_U033,2026-04-26 10:18:00,Swiggy,Travel,642.49,Card
U033,T00061_U033,2026-09-16 17:51:00,Uber,Bills,1768.34,UPI
U033,T00062_U033,2026-04-10 07:12:00,Myntra,Shopping,2139.52,UPI
U033,T00063_U033,2026-08-07 04:00:00,Swiggy,Bills,1512.89,Wallet
U033,T00064_U033,2026-04-29 03:08:00,Uber,Travel,688.4,Card
U033,T00065_U033,2026-07-21 10:58:00,Myntra,Bills,2383.31,UPI
U033,T00066_U033,2026-03-15 07:31:00,Flipkart,Entertainment,280.61,Card
U033,T00067_U033,2026-06-08 18:23:00,Myntra,Travel,257.36,UPI
U033,T00068_U033,2026-07-16 05:38:00,Amazon,Travel,1459.26,Card
U033,T00069_U033,2026-06-25 19:50:00,Myntra,Food,533.95,Card
U033,T00070_U033,2026-02-08 22:14:00,Clinic,Food,993.7,Wallet
U033,T00071_U033,2026-07-25 04:27:00,Clinic,Travel,1354.91,Wallet
U033,T00072_U033,2026-07-24 08:24:00,Myntra,Food,1782.93,Wallet
U033,T00073_U033,2026-08-06 03:28:00,Flipkart,Shopping,167.91,Wallet
U033,T00074_U033,2026-05-18 10:55:00,Amazon,Shopping,246.6,Wallet
U033,T00075_U033,2026-02-24 02:22:00,Amazon Prime,Bills,199.0,Card
U033,T00076_U033,2026-04-18 23:49:00,Amazon,Shopping,1756.25,Wallet
U033,T00077_U033,2026-01-26 16:54:00,Clinic,Entertainment,2301.58,Card
U033,T00078_U033,2026-03-13 08:29:00,Myntra,Bills,998.47,Wallet
U033,T00079_U033,2026-05-09 04:09:00,Flipkart,Food,2300.09,Wallet
U033,T00080_U033,2026-06-14 22:59:00,Amazon,Bills,1517.68,Wallet
U033,T00081_U033,2026-01-04 09:49:00,Clinic,Bills,1981.38,Wallet
U033,T00082_U033,2026-07-15 18:12:00,Flipkart,Shopping,1918.13,Wallet
U033,T00083_U033,2026-08-09 11:06:00,Swiggy,Travel,498.23,Card
U033,T00084_U033,2026-05-29 13:17:00,Netflix,Food,2976.22,Card
U033,T00085_U033,2026-09-27 16:12:00,Myntra,Healthcare,2434.39,Card
U033,T00086_U033,2026-08-12 22:50:00,Myntra,Entertainment,1070.87,UPI
U033,T00087_U033,2026-01-10 23:32:00,Local Store,Travel,1962.72,UPI
U033,T00088_U033,2026-07-05 09:59:00,Flipkart,Shopping,2362.74,Card
U033,T00089_U033,2026-03-28 17:10:00,Amazon,Shopping,2639.47,Wallet
U033,T00090_U033,2026-04-04 11:46:00,Local Store,Healthcare,959.28,Card
U033,T00091_U033,2026-08-17 05:35:00,Flipkart,Entertainment,1513.56,Card
U033,T00092_U033,2026-04-03 20:00:00,Myntra,Food,2797.29,Card
U033,T00093_U033,2026-02-14 09:36:00,Myntra,Bills,1525.65,UPI
U033,T00094_U033,2026-08-02 12:10:00,Clinic,Healthcare,298.58,UPI
U033,T00095_U033,2026-05-15 10:52:00,Netflix,Food,1132.74,UPI
U033,T00096_U033,2026-02-04 15:53:00,Swiggy,Travel,200.91,UPI
U033,T00097_U033,2026-01-26 23:48:00,Flipkart,Food,1126.66,Wallet
U033,T00098_U033,2026-04-01 04:10:00,Clinic,Travel,799.04,UPI
U033,T00099_U033,2026-01-24 13:01:00,Myntra,Bills,1207.37,Wallet
U034,T00000_U034,2026-01-20 10:25:00,Gym,Bills,199.0,Card
U034,T00001_U034,2026-08-12 04:25:00,Flipkart,Travel,2880.12,Card
U034,T00002_U034,2026-01-06 00:36:00,Flipkart,Travel,1501.88,Card
U034,T00003_U034,2026-02-16 14:52:00,Myntra,Entertainment,2157.74,Wallet
U034,T00004_U034,2026-02-26 06:55:00,Flipkart,Shopping,375.2,Wallet
U034,T00005_U034,2026-05-13 09:45:00,Local Store,Food,819.21,UPI
U034,T00006_U034,2026-02-20 12:22:00,Uber,Travel,379.13,Wallet
U034,T00007_U034,2026-04-11 14:11:00,Clinic,Entertainment,1680.38,Card
U034,T00008_U034,2026-09-25 11:30:00,Swiggy,Entertainment,1112.78,Wallet
U034,T00009_U034,2026-04-17 08:38:00,Myntra,Travel,1596.82,UPI
U034,T00010_U034,2026-05-23 13:51:00,Clinic,Food,886.71,Card
U034,T00011_U034,2026-02-21 16:35:00,Swiggy,Entertainment,2495.21,Card
U034,T00012_U034,2026-04-07 05:19:00,Myntra,Healthcare,198.82,UPI
U034,T00013_U034,2026-05-27 17:14:00,Uber,Entertainment,739.86,Card
U034,T00014_U034,2026-02-09 15:10:00,Myntra,Shopping,928.84,UPI
U034,T00015_U034,2026-09-14 12:36:00,Clinic,Travel,1468.65,UPI
U034,T00016_U034,2026-03-26 11:55:00,Netflix,Travel,1888.86,Card
U034,T00017_U034,2026-03-12 13:35:00,Swiggy,Bills,774.1,Card
U034,T00018_U034,2026-03-30 06:33:00,Uber,Entertainment,304.51,UPI
U034,T00019_U034,2026-06-23 07:32:00,Netflix,Travel,1256.1,Card
U034,T00020_U034,2026-03-31 02:25:00,Uber,Healthcare,1840.37,UPI
U034,T00021_U034,2026-04-23 15:34:00,Uber,Food,1712.71,UPI
U034,T00022_U034,2026-06-06 15:54:00,Local Store,Healthcare,1868.89,Card
U034,T00023_U034,2026-04-24 14:32:00,Uber,Bills,761.94,Card
U034,T00024_U034,2026-01-27 12:46:00,Amazon,Entertainment,1401.36,Card
U034,T00025_U034,2026-06-29 13:16:00,Spotify,Bills,999.0,Wallet
U034,T00026_U034,2026-02-04 11:42:00,Amazon,Travel,2495.72,Wallet
U034,T00027_U034,2026-01-18 01:09:00,Clinic,Entertainment,2821.65,UPI
U034,T00028_U034,2026-01-06 16:19:00,Swiggy,Travel,1774.01,Wallet
U034,T00029_U034,2026-07-17 00:18:00,Amazon,Shopping,1869.71,Card
U034,T00030_U034,2026-01-19 07:45:00,Myntra,Shopping,740.82,Wallet
U034,T00031_U034,2026-09-18 07:13:00,Local Store,Food,1259.31,Card
U034,T00032_U034,2026-04-19 00:52:00,Clinic,Entertainment,3067.51,UPI
U034,T00033_U034,2026-03-11 05:47:00,Myntra,Shopping,1084.75,Wallet
U034,T00034_U034,2026-05-24 02:39:00,Clinic,Food,1919.66,Card
U034,T00035_U034,2026-04-22 16:48:00,Swiggy,Travel,1029.31,UPI
U034,T00036_U034,2026-08-01 06:19:00,Myntra,Healthcare,3108.42,Wallet
U034,T00037_U034,2026-09-04 12:01:00,Netflix,Healthcare,3449.65,UPI
U034,T00038_U034,2026-06-04 18:08:00,Flipkart,Shopping,2203.01,Wallet
U034,T00039_U034,2026-08-05 22:48:00,Local Store,Food,2702.34,Card
U034,T00040_U034,2026-07-20 06:11:00,Amazon,Food,1065.33,UPI
U034,T00041_U034,2026-01-08 15:12:00,Myntra,Bills,1940.17,Wallet
U034,T00042_U034,2026-02-11 21:36:00,Myntra,Bills,1277.29,Wallet
U034,T00043_U034,2026-03-20 13:44:00,Flipkart,Travel,1954.28,UPI
U034,T00044_U034,2026-08-26 02:29:00,Swiggy,Healthcare,2314.65,Card
U034,T00045_U034,2026-05-15 05:25:00,Uber,Bills,478.56,UPI
U034,T00046_U034,2026-05-01 02:43:00,Amazon,Shopping,2502.2,UPI
U034,T00047_U034,2026-05-25 11:49:00,Local Store,Bills,1179.14,Card
U034,T00048_U034,2026-04-02 02:39:00,Clinic,Travel,1492.34,Wallet
U034,T00049_U034,2026-03-25 08:14:00,Uber,Bills,1680.85,UPI
U034,T00050_U034,2026-01-28 22:09:00,Gym,Bills,999.0,Wallet
U034,T00051_U034,2026-01-03 12:40:00,Uber,Entertainment,2947.83,Card
U034,T00052_U034,2026-09-28 18:55:00,Amazon,Food,1901.56,Wallet
U034,T00053_U034,2026-03-14 20:32:00,Netflix,Food,103.53,Card
U034,T00054_U034,2026-01-24 03:30:00,Myntra,Food,1425.9,Card
U034,T00055_U034,2026-01-25 06:01:00,Swiggy,Bills,1342.2,UPI
U034,T00056_U034,2026-08-21 05:25:00,Myntra,Shopping,1541.53,Wallet
U034,T00057_U034,2026-03-31 20:55:00,Uber,Travel,3100.06,UPI
U034,T00058_U034,2026-01-10 14:09:00,Netflix,Bills,2383.38,UPI
U034,T00059_U034,2026-08-28 20:17:00,Amazon,Food,1328.5,Wallet
U034,T00060_U034,2026-02-27 23:38:00,Amazon,Entertainment,731.85,Card
U034,T00061_U034,2026-03-09 00:35:00,Myntra,Food,2685.29,UPI
U034,T00062_U034,2026-08-22 01:40:00,Myntra,Shopping,981.59,Card
U034,T00063_U034,2026-05-18 06:20:00,Local Store,Bills,1612.51,UPI
U034,T00064_U034,2026-05-10 10:33:00,Clinic,Healthcare,2259.98,UPI
U034,T00065_U034,2026-04-02 00:47:00,Uber,Healthcare,4771.25,UPI
U034,T00066_U034,2026-07-11 06:26:00,Swiggy,Bills,1505.36,UPI
U034,T00067_U034,2026-04-25 14:23:00,Myntra,Shopping,538.34,Wallet
U034,T00068_U034,2026-08-20 12:52:00,Swiggy,Healthcare,699.82,Card
U034,T00069_U034,2026-08-18 00:08:00,Flipkart,Travel,1194.31,Wallet
U034,T00070_U034,2026-06-07 01:22:00,Flipkart,Travel,2482.08,Wallet
U034,T00071_U034,2026-02-10 22:34:00,Netflix,Entertainment,1969.32,Card
U034,T00072_U034,2026-01-09 07:55:00,Uber,Entertainment,2116.96,Wallet
U034,T00073_U034,2026-03-17 03:22:00,Clinic,Healthcare,3179.47,Card
U034,T00074_U034,2026-05-22 22:25:00,Myntra,Entertainment,2497.75,UPI
U034,T00075_U034,2026-04-29 13:02:00,Gym,Bills,499.0,Wallet
U034,T00076_U034,2026-02-07 04:23:00,Uber,Bills,2102.23,Wallet
U034,T00077_U034,2026-03-31 04:47:00,Uber,Food,1087.69,Card
U034,T00078_U034,2026-03-07 00:24:00,Local Store,Entertainment,389.0,Wallet
U034,T00079_U034,2026-07-28 05:12:00,Local Store,Travel,2616.11,Wallet
U034,T00080_U034,2026-03-21 18:58:00,Flipkart,Healthcare,616.81,Wallet
U034,T00081_U034,2026-09-02 12:35:00,Clinic,Bills,2816.03,UPI
U034,T00082_U034,2026-07-10 13:00:00,Amazon,Travel,692.94,Wallet
U034,T00083_U034,2026-03-30 01:33:00,Flipkart,Travel,658.67,UPI
U034,T00084_U034,2026-02-13 04:08:00,Swiggy,Entertainment,294.4,Card
U034,T00085_U034,2026-06-02 01:41:00,Clinic,Healthcare,4706.0,Wallet
U034,T00086_U034,2026-02-04 09:47:00,Flipkart,Healthcare,4071.9,Wallet
U034,T00087_U034,2026-02-06 06:19:00,Swiggy,Food,589.9,Wallet
U034,T00088_U034,2026-09-11 10:09:00,Clinic,Healthcare,417.75,Wallet
U034,T00089_U034,2026-08-11 20:20:00,Local Store,Healthcare,813.09,Wallet
U034,T00090_U034,2026-03-11 09:58:00,Netflix,Food,1590.6,Wallet
U034,T00091_U034,2026-03-19 01:33:00,Flipkart,Shopping,1146.85,Card
U034,T00092_U034,2026-08-07 13:38:00,Uber,Food,1440.88,Wallet
U034,T00093_U034,2026-07-25 04:58:00,Swiggy,Bills,2818.25,Card
U034,T00094_U034,2026-03-09 00:05:00,Netflix,Entertainment,1211.44,Card
U034,T00095_U034,2026-07-29 13:06:00,Local Store,Bills,2919.27,UPI
U034,T00096_U034,2026-05-29 00:19:00,Amazon,Shopping,2011.66,UPI
U034,T00097_U034,2026-04-10 15:42:00,Netflix,Bills,2141.01,UPI
U034,T00098_U034,2026-01-07 01:31:00,Clinic,Entertainment,696.46,Card
U034,T00099_U034,2026-06-29 01:14:00,Amazon,Entertainment,4253.59,UPI
U035,T00000_U035,2026-03-17 22:21:00,Gym,Bills,299.0,UPI
U035,T00001_U035,2026-08-24 01:12:00,Myntra,Travel,3468.62,Card
U035,T00002_U035,2026-05-21 14:18:00,Swiggy,Bills,1971.35,Card
U035,T00003_U035,2026-08-09 00:28:00,Local Store,Healthcare,3577.21,Card
U035,T00004_U035,2026-02-03 00:44:00,Local Store,Entertainment,2421.97,Card
U035,T00005_U035,2026-01-18 22:35:00,Amazon,Travel,1259.97,UPI
U035,T00006_U035,2026-03-27 17:37:00,Amazon,Travel,743.16,Card
U035,T00007_U035,2026-04-09 08:02:00,Amazon,Bills,1440.03,Card
U035,T00008_U035,2026-09-18 00:22:00,Amazon,Travel,3080.06,Card
U035,T00009_U035,2026-08-20 08:17:00,Local Store,Healthcare,1705.78,UPI
U035,T00010_U035,2026-03-01 12:03:00,Clinic,Healthcare,2489.69,Card
U035,T00011_U035,2026-01-06 18:15:00,Uber,Food,865.44,Card
U035,T00012_U035,2026-03-02 17:17:00,Flipkart,Food,2837.87,Wallet
U035,T00013_U035,2026-03-18 05:05:00,Swiggy,Bills,1734.33,Wallet
U035,T00014_U035,2026-07-15 12:49:00,Myntra,Shopping,672.51,Wallet
U035,T00015_U035,2026-07-24 21:17:00,Swiggy,Healthcare,1684.17,Wallet
U035,T00016_U035,2026-01-07 04:25:00,Myntra,Travel,2084.23,Card
U035,T00017_U035,2026-05-25 22:27:00,Flipkart,Healthcare,2180.68,Wallet
U035,T00018_U035,2026-05-02 10:46:00,Myntra,Entertainment,1129.11,Wallet
U035,T00019_U035,2026-08-28 09:16:00,Swiggy,Food,3611.77,Card
U035,T00020_U035,2026-01-22 16:46:00,Clinic,Bills,2481.76,UPI
U035,T00021_U035,2026-03-28 01:43:00,Amazon,Healthcare,3849.9,Wallet
U035,T00022_U035,2026-05-25 07:05:00,Flipkart,Food,1733.8,UPI
U035,T00023_U035,2026-07-19 12:06:00,Netflix,Food,1389.07,Wallet
U035,T00024_U035,2026-06-23 17:03:00,Myntra,Travel,2020.82,UPI
U035,T00025_U035,2026-04-06 21:07:00,Gym,Bills,299.0,UPI
U035,T00026_U035,2026-01-10 10:14:00,Clinic,Bills,1727.49,Card
U035,T00027_U035,2026-09-02 08:23:00,Uber,Healthcare,1444.56,UPI
U035,T00028_U035,2026-03-12 20:57:00,Amazon,Shopping,1165.1,Card
U035,T00029_U035,2026-07-19 23:04:00,Netflix,Bills,2781.77,Card
U035,T00030_U035,2026-09-06 12:26:00,Myntra,Shopping,531.52,Wallet
U035,T00031_U035,2026-07-12 00:23:00,Flipkart,Shopping,589.9,Wallet
U035,T00032_U035,2026-06-04 00:08:00,Clinic,Travel,4361.35,Card
U035,T00033_U035,2026-09-22 12:03:00,Swiggy,Travel,1044.09,UPI
U035,T00034_U035,2026-07-22 12:15:00,Swiggy,Entertainment,990.31,UPI
U035,T00035_U035,2026-02-14 20:40:00,Uber,Entertainment,2109.81,Wallet
U035,T00036_U035,2026-03-03 00:55:00,Flipkart,Shopping,3456.68,UPI
U035,T00037_U035,2026-01-15 04:23:00,Flipkart,Shopping,2086.08,UPI
U035,T00038_U035,2026-08-24 11:36:00,Netflix,Entertainment,655.04,UPI
U035,T00039_U035,2026-04-06 12:02:00,Local Store,Food,203.2,Card
U035,T00040_U035,2026-06-28 15:59:00,Netflix,Travel,1019.6,Wallet
U035,T00041_U035,2026-03-12 01:20:00,Uber,Travel,3084.13,UPI
U035,T00042_U035,2026-09-21 02:07:00,Swiggy,Bills,1911.25,Wallet
U035,T00043_U035,2026-07-19 11:40:00,Flipkart,Travel,780.14,Card
U035,T00044_U035,2026-06-19 12:25:00,Flipkart,Shopping,1533.08,Card
U035,T00045_U035,2026-03-18 03:31:00,Clinic,Bills,358.61,Card
U035,T00046_U035,2026-01-07 07:51:00,Amazon,Entertainment,2046.06,UPI
U035,T00047_U035,2026-06-08 17:27:00,Clinic,Food,125.16,Card
U035,T00048_U035,2026-03-20 13:57:00,Swiggy,Entertainment,414.6,Card
U035,T00049_U035,2026-02-02 11:32:00,Swiggy,Travel,531.07,Wallet
U035,T00050_U035,2026-01-03 02:28:00,Amazon Prime,Bills,999.0,Wallet
U035,T00051_U035,2026-02-01 11:08:00,Flipkart,Shopping,1128.52,Card
U035,T00052_U035,2026-06-07 14:36:00,Swiggy,Travel,1803.17,Card
U035,T00053_U035,2026-07-07 06:06:00,Netflix,Healthcare,1766.55,Card
U035,T00054_U035,2026-01-28 10:46:00,Amazon,Entertainment,2636.64,Wallet
U035,T00055_U035,2026-09-26 20:36:00,Local Store,Bills,1143.35,Wallet
U035,T00056_U035,2026-06-03 22:25:00,Flipkart,Bills,1708.94,UPI
U035,T00057_U035,2026-05-01 06:56:00,Clinic,Travel,1273.2,Card
U035,T00058_U035,2026-07-22 17:00:00,Clinic,Travel,218.02,UPI
U035,T00059_U035,2026-05-05 23:44:00,Clinic,Entertainment,3306.02,UPI
U035,T00060_U035,2026-02-21 18:11:00,Myntra,Shopping,1548.33,Card
U035,T00061_U035,2026-05-04 06:12:00,Amazon,Shopping,1065.96,Wallet
U035,T00062_U035,2026-07-27 09:16:00,Myntra,Food,2184.59,UPI
U035,T00063_U035,2026-06-14 07:48:00,Myntra,Shopping,2343.45,Card
U035,T00064_U035,2026-04-06 08:10:00,Clinic,Entertainment,2304.27,Wallet
U035,T00065_U035,2026-03-23 07:46:00,Netflix,Bills,1664.09,UPI
U035,T00066_U035,2026-03-11 07:43:00,Myntra,Shopping,1480.56,Wallet
U035,T00067_U035,2026-01-01 02:27:00,Flipkart,Bills,1738.76,Card
U035,T00068_U035,2026-03-12 06:19:00,Amazon,Entertainment,1551.16,Wallet
U035,T00069_U035,2026-03-18 19:00:00,Clinic,Healthcare,895.36,Card
U035,T00070_U035,2026-02-13 10:53:00,Netflix,Travel,404.41,Card
U035,T00071_U035,2026-01-30 14:20:00,Amazon,Entertainment,1149.37,UPI
U035,T00072_U035,2026-01-16 00:45:00,Uber,Entertainment,3077.59,UPI
U035,T00073_U035,2026-04-05 13:40:00,Myntra,Healthcare,3654.99,Card
U035,T00074_U035,2026-08-28 06:13:00,Local Store,Food,3576.05,UPI
U035,T00075_U035,2026-07-23 12:59:00,Gym,Bills,199.0,UPI
U035,T00076_U035,2026-07-05 01:15:00,Swiggy,Entertainment,2015.43,Card
U035,T00077_U035,2026-03-11 20:18:00,Swiggy,Food,1636.75,Wallet
U035,T00078_U035,2026-06-02 23:03:00,Myntra,Shopping,2225.15,Card
U035,T00079_U035,2026-09-17 05:27:00,Local Store,Entertainment,430.53,Wallet
U035,T00080_U035,2026-01-02 13:53:00,Myntra,Shopping,2963.4,UPI
U035,T00081_U035,2026-09-18 21:22:00,Local Store,Healthcare,2219.29,Card
U035,T00082_U035,2026-07-30 23:04:00,Clinic,Travel,1928.58,UPI
U035,T00083_U035,2026-02-23 16:59:00,Flipkart,Shopping,1896.55,Wallet
U035,T00084_U035,2026-05-23 19:50:00,Uber,Food,1536.98,Wallet
U035,T00085_U035,2026-09-17 13:02:00,Netflix,Bills,2053.28,UPI
U035,T00086_U035,2026-05-25 19:44:00,Flipkart,Healthcare,443.01,Card
U035,T00087_U035,2026-08-12 09:13:00,Flipkart,Shopping,1888.72,Card
U035,T00088_U035,2026-07-15 03:08:00,Myntra,Food,2755.22,Wallet
U035,T00089_U035,2026-02-08 21:55:00,Netflix,Food,1578.2,Wallet
U035,T00090_U035,2026-06-23 07:16:00,Swiggy,Food,1779.53,UPI
U035,T00091_U035,2026-08-19 13:47:00,Myntra,Healthcare,429.93,UPI
U035,T00092_U035,2026-06-05 15:19:00,Flipkart,Shopping,1627.54,Wallet
U035,T00093_U035,2026-09-09 02:54:00,Myntra,Bills,2715.4,Card
U035,T00094_U035,2026-09-27 20:34:00,Clinic,Healthcare,238.74,Wallet
U035,T00095_U035,2026-05-29 02:24:00,Swiggy,Bills,2079.59,Wallet
U035,T00096_U035,2026-05-11 18:41:00,Local Store,Travel,834.27,Wallet
U035,T00097_U035,2026-05-19 12:01:00,Netflix,Healthcare,1336.75,Wallet
U035,T00098_U035,2026-08-16 19:17:00,Local Store,Bills,562.71,Wallet
U035,T00099_U035,2026-05-04 00:54:00,Clinic,Bills,843.27,Wallet
U036,T00000_U036,2026-01-31 18:56:00,Netflix,Bills,999.0,Card
U036,T00001_U036,2026-07-02 10:46:00,Local Store,Entertainment,3489.16,Wallet
U036,T00002_U036,2026-09-25 12:20:00,Netflix,Travel,2232.32,Card
U036,T00003_U036,2026-02-21 05:16:00,Local Store,Entertainment,759.03,UPI
U036,T00004_U036,2026-01-27 12:33:00,Netflix,Entertainment,1350.45,Card
U036,T00005_U036,2026-03-09 09:43:00,Netflix,Food,271.1,Card
U036,T00006_U036,2026-06-30 08:20:00,Myntra,Food,731.2,Card
U036,T00007_U036,2026-05-14 02:49:00,Clinic,Bills,2581.08,UPI
U036,T00008_U036,2026-04-14 16:26:00,Local Store,Bills,140.77,UPI
U036,T00009_U036,2026-06-12 15:55:00,Amazon,Food,1186.32,UPI
U036,T00010_U036,2026-07-29 06:02:00,Uber,Bills,2890.3,UPI
U036,T00011_U036,2026-09-20 20:26:00,Myntra,Food,208.53,Wallet
U036,T00012_U036,2026-06-20 23:03:00,Flipkart,Bills,263.94,Card
U036,T00013_U036,2026-02-05 06:17:00,Swiggy,Healthcare,2321.95,UPI
U036,T00014_U036,2026-09-01 19:31:00,Clinic,Bills,601.07,UPI
U036,T00015_U036,2026-05-18 03:13:00,Local Store,Travel,2294.81,Card
U036,T00016_U036,2026-06-12 01:29:00,Flipkart,Shopping,2603.76,Card
U036,T00017_U036,2026-06-03 16:00:00,Netflix,Bills,2217.6,UPI
U036,T00018_U036,2026-05-09 21:01:00,Swiggy,Travel,436.85,Card
U036,T00019_U036,2026-01-01 05:45:00,Uber,Bills,1288.06,UPI
U036,T00020_U036,2026-04-30 02:22:00,Myntra,Bills,2158.18,UPI
U036,T00021_U036,2026-08-28 06:54:00,Myntra,Travel,252.97,Wallet
U036,T00022_U036,2026-08-14 21:29:00,Uber,Entertainment,1378.22,Card
U036,T00023_U036,2026-07-05 19:23:00,Uber,Food,499.19,Wallet
U036,T00024_U036,2026-05-17 21:33:00,Myntra,Healthcare,583.52,Wallet
U036,T00025_U036,2026-09-25 23:08:00,Gym,Bills,499.0,UPI
U036,T00026_U036,2026-08-04 05:15:00,Flipkart,Healthcare,964.17,UPI
U036,T00027_U036,2026-07-04 23:35:00,Uber,Entertainment,1098.27,Wallet
U036,T00028_U036,2026-04-18 03:54:00,Flipkart,Entertainment,2435.72,UPI
U036,T00029_U036,2026-04-20 21:41:00,Amazon,Healthcare,991.67,Wallet
U036,T00030_U036,2026-02-16 14:34:00,Myntra,Bills,807.76,UPI
U036,T00031_U036,2026-07-15 11:52:00,Uber,Travel,1094.37,Wallet
U036,T00032_U036,2026-01-12 13:59:00,Flipkart,Shopping,420.44,UPI
U036,T00033_U036,2026-04-23 20:30:00,Clinic,Food,1599.22,Wallet
U036,T00034_U036,2026-01-14 04:56:00,Amazon,Shopping,2068.29,UPI
U036,T00035_U036,2026-08-08 10:52:00,Clinic,Travel,233.51,Wallet
U036,T00036_U036,2026-05-24 14:28:00,Netflix,Bills,1787.84,UPI
U036,T00037_U036,2026-08-16 13:31:00,Netflix,Travel,586.06,Wallet
U036,T00038_U036,2026-02-09 17:34:00,Swiggy,Bills,2123.18,Wallet
U036,T00039_U036,2026-04-18 14:32:00,Netflix,Food,1499.65,Card
U036,T00040_U036,2026-09-10 19:03:00,Uber,Bills,987.03,Wallet
U036,T00041_U036,2026-07-19 05:25:00,Flipkart,Bills,1313.27,Wallet
U036,T00042_U036,2026-09-20 14:26:00,Amazon,Shopping,2166.99,Wallet
U036,T00043_U036,2026-09-03 12:05:00,Amazon,Shopping,2660.83,UPI
U036,T00044_U036,2026-01-15 20:54:00,Amazon,Travel,1413.24,Wallet
U036,T00045_U036,2026-02-21 04:59:00,Local Store,Bills,3518.09,UPI
U036,T00046_U036,2026-09-19 04:52:00,Clinic,Food,161.47,Wallet
U036,T00047_U036,2026-01-19 03:03:00,Myntra,Entertainment,1031.21,Wallet
U036,T00048_U036,2026-03-15 12:35:00,Flipkart,Bills,637.37,Wallet
U036,T00049_U036,2026-09-19 21:59:00,Uber,Entertainment,1557.93,Card
U036,T00050_U036,2026-01-24 07:45:00,Amazon Prime,Bills,999.0,Wallet
U036,T00051_U036,2026-07-31 16:50:00,Flipkart,Healthcare,3370.8,Card
U036,T00052_U036,2026-08-17 00:51:00,Clinic,Entertainment,780.77,UPI
U036,T00053_U036,2026-04-22 03:20:00,Netflix,Travel,2550.08,Card
U036,T00054_U036,2026-08-14 21:57:00,Netflix,Food,404.75,UPI
U036,T00055_U036,2026-09-26 15:39:00,Flipkart,Bills,1339.79,Wallet
U036,T00056_U036,2026-05-24 08:02:00,Netflix,Travel,2456.45,Wallet
U036,T00057_U036,2026-04-18 03:04:00,Amazon,Travel,1209.05,UPI
U036,T00058_U036,2026-02-22 04:59:00,Flipkart,Shopping,2653.75,Card
U036,T00059_U036,2026-02-28 10:40:00,Amazon,Entertainment,3140.45,Card
U036,T00060_U036,2026-08-19 19:28:00,Swiggy,Bills,2196.9,UPI
U036,T00061_U036,2026-04-29 20:19:00,Uber,Healthcare,1540.97,Card
U036,T00062_U036,2026-07-30 15:36:00,Swiggy,Travel,4572.94,Card
U036,T00063_U036,2026-08-07 09:52:00,Amazon,Food,1136.82,UPI
U036,T00064_U036,2026-06-13 15:13:00,Flipkart,Entertainment,2184.65,Card
U036,T00065_U036,2026-09-13 11:28:00,Myntra,Healthcare,1543.41,Wallet
U036,T00066_U036,2026-03-17 21:28:00,Flipkart,Shopping,1321.71,Wallet
U036,T00067_U036,2026-04-17 22:02:00,Myntra,Shopping,895.42,Wallet
U036,T00068_U036,2026-06-05 20:10:00,Flipkart,Shopping,661.79,Card
U036,T00069_U036,2026-02-05 17:22:00,Uber,Healthcare,2316.56,Card
U036,T00070_U036,2026-01-13 14:58:00,Myntra,Shopping,799.93,Card
U036,T00071_U036,2026-05-11 12:11:00,Amazon,Healthcare,928.9,Wallet
U036,T00072_U036,2026-07-02 17:18:00,Amazon,Healthcare,3674.92,Wallet
U036,T00073_U036,2026-02-28 13:04:00,Swiggy,Entertainment,1778.46,UPI
U036,T00074_U036,2026-02-09 16:42:00,Local Store,Food,1454.91,UPI
U036,T00075_U036,2026-05-27 03:14:00,Netflix,Bills,499.0,Wallet
U036,T00076_U036,2026-04-15 22:31:00,Uber,Entertainment,161.99,UPI
U036,T00077_U036,2026-03-06 17:25:00,Flipkart,Travel,2430.62,UPI
U036,T00078_U036,2026-03-19 13:54:00,Netflix,Healthcare,2426.19,Wallet
U036,T00079_U036,2026-01-16 18:46:00,Local Store,Healthcare,1796.99,UPI
U036,T00080_U036,2026-03-01 17:57:00,Flipkart,Shopping,1575.69,Wallet
U036,T00081_U036,2026-07-13 13:26:00,Amazon,Entertainment,103.59,Card
U036,T00082_U036,2026-07-21 07:17:00,Amazon,Shopping,422.63,UPI
U036,T00083_U036,2026-04-23 08:39:00,Swiggy,Bills,273.69,UPI
U036,T00084_U036,2026-08-13 13:35:00,Flipkart,Shopping,1271.73,Wallet
U036,T00085_U036,2026-01-09 03:30:00,Amazon,Entertainment,1368.46,Card
U036,T00086_U036,2026-07-26 03:17:00,Swiggy,Travel,1972.03,Card
U036,T00087_U036,2026-02-02 14:19:00,Netflix,Entertainment,1651.43,Card
U036,T00088_U036,2026-01-27 03:35:00,Flipkart,Entertainment,1517.05,UPI
U036,T00089_U036,2026-02-04 18:37:00,Local Store,Travel,3831.64,Card
U036,T00090_U036,2026-03-22 20:11:00,Clinic,Entertainment,1001.51,Card
U036,T00091_U036,2026-02-17 09:38:00,Swiggy,Food,619.2,Wallet
U036,T00092_U036,2026-06-15 00:11:00,Netflix,Healthcare,1487.44,UPI
U036,T00093_U036,2026-05-19 09:59:00,Uber,Healthcare,2200.01,Card
U036,T00094_U036,2026-09-04 04:11:00,Flipkart,Bills,3458.87,UPI
U036,T00095_U036,2026-02-03 08:59:00,Uber,Travel,1803.92,UPI
U036,T00096_U036,2026-07-11 21:30:00,Flipkart,Travel,457.16,UPI
U036,T00097_U036,2026-02-28 08:44:00,Clinic,Bills,2143.33,Card
U036,T00098_U036,2026-04-20 02:08:00,Swiggy,Healthcare,1198.78,Card
U036,T00099_U036,2026-05-05 14:31:00,Local Store,Healthcare,1804.11,UPI
U037,T00000_U037,2026-09-28 11:32:00,Gym,Bills,299.0,UPI
U037,T00001_U037,2026-06-09 06:37:00,Netflix,Food,321.04,UPI
U037,T00002_U037,2026-05-09 07:27:00,Local Store,Entertainment,509.99,UPI
U037,T00003_U037,2026-01-08 15:51:00,Amazon,Bills,1417.1,UPI
U037,T00004_U037,2026-01-24 19:42:00,Netflix,Entertainment,1115.79,UPI
U037,T00005_U037,2026-06-19 14:53:00,Local Store,Food,1641.56,Wallet
U037,T00006_U037,2026-01-02 04:55:00,Flipkart,Entertainment,1458.77,Card
U037,T00007_U037,2026-04-02 22:47:00,Amazon,Shopping,1329.42,UPI
U037,T00008_U037,2026-04-05 16:27:00,Netflix,Travel,2775.14,Card
U037,T00009_U037,2026-03-12 05:18:00,Amazon,Healthcare,330.01,UPI
U037,T00010_U037,2026-01-14 12:26:00,Swiggy,Entertainment,347.43,UPI
U037,T00011_U037,2026-05-12 10:47:00,Myntra,Bills,145.82,Card
U037,T00012_U037,2026-08-06 07:13:00,Myntra,Healthcare,408.94,UPI
U037,T00013_U037,2026-05-23 01:02:00,Flipkart,Travel,3302.61,UPI
U037,T00014_U037,2026-04-01 01:23:00,Myntra,Entertainment,3338.68,Wallet
U037,T00015_U037,2026-01-24 02:07:00,Flipkart,Shopping,1722.52,UPI
U037,T00016_U037,2026-04-09 07:41:00,Myntra,Shopping,535.69,UPI
U037,T00017_U037,2026-04-20 05:15:00,Uber,Healthcare,905.28,Card
U037,T00018_U037,2026-05-26 10:08:00,Myntra,Shopping,545.61,Card
U037,T00019_U037,2026-06-02 19:28:00,Swiggy,Entertainment,859.85,Card
U037,T00020_U037,2026-08-08 06:17:00,Flipkart,Shopping,1851.24,Card
U037,T00021_U037,2026-05-07 13:48:00,Clinic,Entertainment,1600.25,UPI
U037,T00022_U037,2026-05-22 21:36:00,Netflix,Bills,525.63,Card
U037,T00023_U037,2026-04-29 11:25:00,Netflix,Food,3500.3,Card
U037,T00024_U037,2026-07-09 10:36:00,Uber,Food,1271.02,Card
U037,T00025_U037,2026-03-22 11:50:00,Gym,Bills,499.0,UPI
U037,T00026_U037,2026-05-17 15:50:00,Flipkart,Travel,698.11,Wallet
U037,T00027_U037,2026-07-09 05:18:00,Uber,Entertainment,2317.13,Card
U037,T00028_U037,2026-08-11 23:20:00,Flipkart,Healthcare,1360.5,Wallet
U037,T00029_U037,2026-07-28 04:48:00,Netflix,Healthcare,3113.99,Wallet
U037,T00030_U037,2026-07-18 15:59:00,Myntra,Bills,814.74,Card
U037,T00031_U037,2026-09-01 02:10:00,Clinic,Healthcare,5319.69,UPI
U037,T00032_U037,2026-04-25 10:17:00,Myntra,Shopping,1085.98,Wallet
U037,T00033_U037,2026-08-08 07:42:00,Swiggy,Bills,1091.1,UPI
U037,T00034_U037,2026-07-21 23:34:00,Amazon,Shopping,2205.01,Wallet
U037,T00035_U037,2026-02-09 13:06:00,Flipkart,Travel,1717.15,Wallet
U037,T00036_U037,2026-02-12 03:25:00,Flipkart,Bills,2053.18,UPI
U037,T00037_U037,2026-01-12 15:51:00,Amazon,Shopping,413.92,Card
U037,T00038_U037,2026-03-27 00:06:00,Local Store,Travel,3639.64,Wallet
U037,T00039_U037,2026-01-10 17:57:00,Flipkart,Shopping,1856.6,UPI
U037,T00040_U037,2026-03-02 04:07:00,Local Store,Travel,4338.53,Card
U037,T00041_U037,2026-07-23 05:20:00,Uber,Healthcare,2111.99,Wallet
U037,T00042_U037,2026-03-26 12:53:00,Uber,Healthcare,926.73,Card
U037,T00043_U037,2026-04-16 06:38:00,Clinic,Food,432.87,Wallet
U037,T00044_U037,2026-06-03 00:13:00,Uber,Entertainment,4084.49,UPI
U037,T00045_U037,2026-04-03 20:26:00,Local Store,Healthcare,3017.47,UPI
U037,T00046_U037,2026-07-29 14:43:00,Local Store,Food,2849.05,UPI
U037,T00047_U037,2026-06-18 07:38:00,Swiggy,Food,351.71,Card
U037,T00048_U037,2026-02-25 05:22:00,Swiggy,Bills,372.61,Wallet
U037,T00049_U037,2026-05-07 18:38:00,Swiggy,Travel,1927.4,UPI
U037,T00050_U037,2026-04-10 07:14:00,Gym,Bills,999.0,Wallet
U037,T00051_U037,2026-04-16 21:17:00,Amazon,Bills,775.47,Wallet
U037,T00052_U037,2026-05-16 02:46:00,Amazon,Food,3145.4,UPI
U037,T00053_U037,2026-01-20 02:16:00,Amazon,Bills,386.39,Card
U037,T00054_U037,2026-02-12 00:03:00,Myntra,Travel,2529.92,Wallet
U037,T00055_U037,2026-08-02 13:59:00,Local Store,Food,4595.32,Wallet
U037,T00056_U037,2026-02-07 19:38:00,Flipkart,Food,800.75,UPI
U037,T00057_U037,2026-04-13 08:32:00,Netflix,Healthcare,825.67,Card
U037,T00058_U037,2026-03-21 01:13:00,Flipkart,Travel,319.17,Card
U037,T00059_U037,2026-02-19 15:53:00,Amazon,Bills,592.98,Wallet
U037,T00060_U037,2026-07-15 01:05:00,Clinic,Travel,536.78,UPI
U037,T00061_U037,2026-09-11 03:13:00,Amazon,Shopping,1973.75,UPI
U037,T00062_U037,2026-06-05 14:42:00,Myntra,Food,3927.63,Wallet
U037,T00063_U037,2026-02-15 09:05:00,Myntra,Food,2116.92,Card
U037,T00064_U037,2026-06-03 10:08:00,Amazon,Entertainment,3294.99,Card
U037,T00065_U037,2026-09-01 16:23:00,Local Store,Entertainment,1245.1,Wallet
U037,T00066_U037,2026-02-06 07:35:00,Swiggy,Food,2303.13,Card
U037,T00067_U037,2026-06-04 19:07:00,Local Store,Healthcare,653.32,Card
U037,T00068_U037,2026-03-28 07:41:00,Amazon,Shopping,1779.96,Wallet
U037,T00069_U037,2026-05-02 02:58:00,Flipkart,Travel,2141.93,Wallet
U037,T00070_U037,2026-04-05 12:04:00,Uber,Entertainment,3018.72,Card
U037,T00071_U037,2026-03-31 20:31:00,Uber,Healthcare,2696.67,Wallet
U037,T00072_U037,2026-07-06 09:31:00,Amazon,Healthcare,2342.17,Card
U037,T00073_U037,2026-05-22 16:33:00,Local Store,Travel,1037.02,Card
U037,T00074_U037,2026-09-17 18:38:00,Amazon,Shopping,173.5,Wallet
U037,T00075_U037,2026-06-24 13:28:00,Amazon Prime,Bills,499.0,UPI
U037,T00076_U037,2026-04-05 14:40:00,Amazon,Healthcare,1804.52,UPI
U037,T00077_U037,2026-07-05 12:23:00,Uber,Food,1228.93,UPI
U037,T00078_U037,2026-01-22 02:18:00,Uber,Healthcare,460.8,Card
U037,T00079_U037,2026-09-18 20:26:00,Flipkart,Shopping,197.26,Wallet
U037,T00080_U037,2026-08-16 03:56:00,Swiggy,Food,4330.4,Card
U037,T00081_U037,2026-07-29 17:38:00,Uber,Food,4556.54,UPI
U037,T00082_U037,2026-09-06 04:34:00,Flipkart,Shopping,1500.65,Wallet
U037,T00083_U037,2026-02-26 03:22:00,Myntra,Healthcare,523.21,UPI
U037,T00084_U037,2026-04-03 05:35:00,Myntra,Shopping,187.17,UPI
U037,T00085_U037,2026-09-27 06:22:00,Uber,Bills,176.68,Card
U037,T00086_U037,2026-02-17 01:46:00,Uber,Bills,1970.35,UPI
U037,T00087_U037,2026-07-10 03:45:00,Flipkart,Food,1045.55,Card
U037,T00088_U037,2026-04-10 10:49:00,Myntra,Entertainment,495.36,Wallet
U037,T00089_U037,2026-03-09 00:50:00,Uber,Entertainment,608.05,Wallet
U037,T00090_U037,2026-07-04 15:35:00,Clinic,Food,1661.41,Wallet
U037,T00091_U037,2026-01-09 02:01:00,Amazon,Travel,2766.98,Wallet
U037,T00092_U037,2026-06-18 07:19:00,Netflix,Food,2191.81,UPI
U037,T00093_U037,2026-09-19 03:59:00,Uber,Healthcare,1177.76,Card
U037,T00094_U037,2026-05-28 23:56:00,Myntra,Healthcare,2951.12,Wallet
U037,T00095_U037,2026-04-25 00:24:00,Flipkart,Shopping,2251.07,Wallet
U037,T00096_U037,2026-01-13 21:14:00,Amazon,Entertainment,1702.32,UPI
U037,T00097_U037,2026-04-24 21:39:00,Clinic,Healthcare,701.39,UPI
U037,T00098_U037,2026-07-26 19:36:00,Netflix,Food,2054.37,Wallet
U037,T00099_U037,2026-06-15 11:58:00,Netflix,Entertainment,1521.66,Card
U038,T00000_U038,2026-01-11 17:48:00,Netflix,Bills,999.0,Wallet
U038,T00001_U038,2026-08-09 18:40:00,Uber,Food,962.29,UPI
U038,T00002_U038,2026-09-24 19:51:00,Local Store,Bills,135.45,UPI
U038,T00003_U038,2026-01-25 12:21:00,Clinic,Entertainment,677.42,Card
U038,T00004_U038,2026-05-20 11:28:00,Amazon,Food,1057.78,UPI
U038,T00005_U038,2026-08-16 13:05:00,Amazon,Shopping,1693.32,Card
U038,T00006_U038,2026-01-30 04:22:00,Flipkart,Shopping,2893.02,Wallet
U038,T00007_U038,2026-03-24 20:39:00,Uber,Entertainment,746.45,Card
U038,T00008_U038,2026-09-13 05:20:00,Uber,Food,1720.75,UPI
U038,T00009_U038,2026-03-14 08:11:00,Amazon,Shopping,1329.48,Card
U038,T00010_U038,2026-02-10 14:45:00,Myntra,Shopping,365.47,Card
U038,T00011_U038,2026-05-07 12:38:00,Netflix,Food,1382.99,Card
U038,T00012_U038,2026-08-23 09:54:00,Swiggy,Bills,1022.01,Card
U038,T00013_U038,2026-07-13 00:10:00,Myntra,Travel,1126.33,UPI
U038,T00014_U038,2026-04-24 21:09:00,Netflix,Bills,1721.58,Card
U038,T00015_U038,2026-07-03 05:59:00,Amazon,Shopping,1423.51,Wallet
U038,T00016_U038,2026-07-18 07:02:00,Swiggy,Travel,2287.96,UPI
U038,T00017_U038,2026-08-11 12:11:00,Amazon,Healthcare,1162.29,UPI
U038,T00018_U038,2026-09-06 09:10:00,Myntra,Bills,2090.13,UPI
U038,T00019_U038,2026-06-04 02:26:00,Myntra,Entertainment,4287.42,UPI
U038,T00020_U038,2026-07-27 12:38:00,Amazon,Shopping,2160.25,Card
U038,T00021_U038,2026-04-24 04:52:00,Swiggy,Travel,2879.98,UPI
U038,T00022_U038,2026-03-22 16:02:00,Netflix,Travel,118.22,UPI
U038,T00023_U038,2026-01-24 13:06:00,Swiggy,Healthcare,354.98,UPI
U038,T00024_U038,2026-05-05 06:23:00,Flipkart,Bills,2026.29,Wallet
U038,T00025_U038,2026-02-01 00:03:00,Netflix,Bills,999.0,UPI
U038,T00026_U038,2026-04-05 10:24:00,Uber,Healthcare,2227.16,Wallet
U038,T00027_U038,2026-07-08 11:38:00,Swiggy,Travel,1845.03,Wallet
U038,T00028_U038,2026-03-15 07:00:00,Netflix,Travel,1844.7,UPI
U038,T00029_U038,2026-03-11 23:14:00,Local Store,Food,2373.71,Wallet
U038,T00030_U038,2026-02-08 09:21:00,Uber,Entertainment,1158.62,Card
U038,T00031_U038,2026-05-06 14:00:00,Amazon,Healthcare,1575.85,Card
U038,T00032_U038,2026-04-11 21:39:00,Amazon,Healthcare,2307.99,Wallet
U038,T00033_U038,2026-08-20 15:27:00,Local Store,Entertainment,915.96,Card
U038,T00034_U038,2026-04-01 21:30:00,Local Store,Healthcare,318.19,Wallet
U038,T00035_U038,2026-03-23 17:05:00,Netflix,Healthcare,1244.3,UPI
U038,T00036_U038,2026-07-28 21:04:00,Swiggy,Healthcare,662.2,Wallet
U038,T00037_U038,2026-02-28 12:30:00,Clinic,Healthcare,268.61,Card
U038,T00038_U038,2026-08-07 06:21:00,Flipkart,Shopping,462.8,Card
U038,T00039_U038,2026-03-05 17:22:00,Myntra,Bills,356.27,Wallet
U038,T00040_U038,2026-09-22 23:18:00,Netflix,Healthcare,1901.17,UPI
U038,T00041_U038,2026-02-12 09:54:00,Amazon,Shopping,562.16,UPI
U038,T00042_U038,2026-05-06 14:53:00,Flipkart,Travel,1467.51,Wallet
U038,T00043_U038,2026-03-18 07:44:00,Amazon,Healthcare,597.23,Card
U038,T00044_U038,2026-08-12 11:38:00,Local Store,Healthcare,1011.97,UPI
U038,T00045_U038,2026-03-06 15:48:00,Uber,Bills,347.88,Wallet
U038,T00046_U038,2026-04-14 21:31:00,Netflix,Entertainment,1468.3,Card
U038,T00047_U038,2026-04-18 16:08:00,Amazon,Food,336.07,Card
U038,T00048_U038,2026-01-16 12:51:00,Myntra,Travel,1780.79,Card
U038,T00049_U038,2026-05-30 05:27:00,Flipkart,Entertainment,3276.55,UPI
U038,T00050_U038,2026-09-07 05:17:00,Spotify,Bills,999.0,Card
U038,T00051_U038,2026-07-20 10:59:00,Clinic,Entertainment,2445.83,Card
U038,T00052_U038,2026-09-28 14:32:00,Local Store,Travel,687.83,Wallet
U038,T00053_U038,2026-05-28 22:23:00,Swiggy,Food,1422.17,Card
U038,T00054_U038,2026-01-03 13:37:00,Myntra,Shopping,1439.59,UPI
U038,T00055_U038,2026-03-15 21:03:00,Myntra,Entertainment,1901.67,Card
U038,T00056_U038,2026-09-10 05:38:00,Flipkart,Shopping,1785.17,Card
U038,T00057_U038,2026-04-21 08:43:00,Myntra,Travel,275.08,Wallet
U038,T00058_U038,2026-02-26 09:27:00,Netflix,Healthcare,2262.48,UPI
U038,T00059_U038,2026-03-17 06:18:00,Clinic,Entertainment,1420.25,Wallet
U038,T00060_U038,2026-01-04 09:58:00,Clinic,Travel,2883.09,UPI
U038,T00061_U038,2026-07-11 03:55:00,Uber,Bills,2017.57,UPI
U038,T00062_U038,2026-04-15 07:41:00,Myntra,Bills,324.66,Card
U038,T00063_U038,2026-03-15 07:12:00,Myntra,Entertainment,1764.2,Wallet
U038,T00064_U038,2026-05-19 10:04:00,Local Store,Healthcare,1271.77,Wallet
U038,T00065_U038,2026-08-16 00:25:00,Flipkart,Shopping,2530.77,Card
U038,T00066_U038,2026-04-13 00:07:00,Myntra,Food,3724.52,UPI
U038,T00067_U038,2026-01-26 23:43:00,Uber,Bills,1684.71,Card
U038,T00068_U038,2026-05-10 17:13:00,Myntra,Shopping,1114.86,Wallet
U038,T00069_U038,2026-07-15 00:50:00,Myntra,Bills,3726.07,Wallet
U038,T00070_U038,2026-07-27 15:46:00,Amazon,Healthcare,1773.55,Card
U038,T00071_U038,2026-01-05 10:40:00,Uber,Healthcare,2223.0,Card
U038,T00072_U038,2026-03-10 00:35:00,Local Store,Travel,1235.43,UPI
U038,T00073_U038,2026-02-28 06:09:00,Netflix,Travel,2463.85,Wallet
U038,T00074_U038,2026-04-21 11:03:00,Swiggy,Healthcare,285.87,Card
U038,T00075_U038,2026-05-30 12:07:00,Netflix,Bills,199.0,UPI
U038,T00076_U038,2026-09-26 23:32:00,Swiggy,Bills,1215.69,UPI
U038,T00077_U038,2026-05-25 01:17:00,Flipkart,Shopping,1282.61,Card
U038,T00078_U038,2026-02-08 21:13:00,Flipkart,Travel,1353.86,Wallet
U038,T00079_U038,2026-02-22 08:32:00,Flipkart,Healthcare,1245.55,Card
U038,T00080_U038,2026-06-13 11:32:00,Flipkart,Food,200.95,Wallet
U038,T00081_U038,2026-01-07 03:59:00,Netflix,Entertainment,1434.98,Card
U038,T00082_U038,2026-08-19 17:16:00,Amazon,Food,2408.96,Wallet
U038,T00083_U038,2026-01-20 04:56:00,Amazon,Entertainment,1633.44,Wallet
U038,T00084_U038,2026-04-15 15:44:00,Local Store,Food,324.18,Card
U038,T00085_U038,2026-09-22 12:27:00,Local Store,Bills,370.77,Wallet
U038,T00086_U038,2026-08-29 12:28:00,Flipkart,Travel,2248.86,UPI
U038,T00087_U038,2026-09-01 01:46:00,Swiggy,Travel,2219.58,UPI
U038,T00088_U038,2026-05-11 11:41:00,Amazon,Bills,1511.35,Card
U038,T00089_U038,2026-06-17 14:45:00,Amazon,Shopping,692.59,UPI
U038,T00090_U038,2026-09-18 05:18:00,Amazon,Shopping,1060.43,UPI
U038,T00091_U038,2026-08-28 22:30:00,Swiggy,Travel,380.23,Card
U038,T00092_U038,2026-08-06 13:35:00,Flipkart,Entertainment,110.32,UPI
U038,T00093_U038,2026-01-04 04:50:00,Netflix,Bills,1615.33,Card
U038,T00094_U038,2026-07-16 13:37:00,Flipkart,Bills,712.11,UPI
U038,T00095_U038,2026-07-09 23:45:00,Myntra,Food,1486.05,Card
U038,T00096_U038,2026-06-03 13:06:00,Amazon,Shopping,3193.18,UPI
U038,T00097_U038,2026-08-30 04:56:00,Swiggy,Healthcare,3720.1,Wallet
U038,T00098_U038,2026-03-27 15:50:00,Clinic,Entertainment,1194.11,Wallet
U038,T00099_U038,2026-03-01 03:56:00,Uber,Bills,916.99,Wallet
U039,T00000_U039,2026-09-16 12:12:00,Netflix,Bills,299.0,UPI
U039,T00001_U039,2026-01-25 04:45:00,Myntra,Travel,887.43,Card
U039,T00002_U039,2026-04-21 21:03:00,Clinic,Travel,2137.04,Wallet
U039,T00003_U039,2026-08-17 15:06:00,Local Store,Bills,2343.22,Wallet
U039,T00004_U039,2026-09-01 03:24:00,Local Store,Travel,2339.15,Card
U039,T00005_U039,2026-06-01 01:38:00,Local Store,Bills,2451.5,Card
U039,T00006_U039,2026-01-09 00:39:00,Netflix,Healthcare,817.3,Card
U039,T00007_U039,2026-03-12 21:24:00,Netflix,Healthcare,571.06,Card
U039,T00008_U039,2026-04-13 22:11:00,Myntra,Shopping,1490.69,UPI
U039,T00009_U039,2026-01-07 14:01:00,Uber,Travel,1247.78,UPI
U039,T00010_U039,2026-08-04 01:48:00,Netflix,Food,2592.16,Card
U039,T00011_U039,2026-01-20 23:44:00,Swiggy,Food,424.88,UPI
U039,T00012_U039,2026-08-03 00:01:00,Swiggy,Bills,938.37,UPI
U039,T00013_U039,2026-05-14 14:58:00,Clinic,Travel,2172.44,UPI
U039,T00014_U039,2026-04-23 10:18:00,Flipkart,Bills,959.58,UPI
U039,T00015_U039,2026-04-06 03:18:00,Local Store,Bills,1434.84,Card
U039,T00016_U039,2026-07-16 07:57:00,Local Store,Healthcare,2463.88,Card
U039,T00017_U039,2026-05-26 21:53:00,Amazon,Shopping,155.07,UPI
U039,T00018_U039,2026-09-11 22:08:00,Local Store,Healthcare,1115.88,UPI
U039,T00019_U039,2026-09-23 04:19:00,Netflix,Entertainment,1262.93,UPI
U039,T00020_U039,2026-09-13 21:08:00,Swiggy,Travel,194.55,UPI
U039,T00021_U039,2026-03-14 00:34:00,Swiggy,Entertainment,481.36,Card
U039,T00022_U039,2026-01-09 10:05:00,Swiggy,Bills,1442.75,Card
U039,T00023_U039,2026-05-24 06:52:00,Myntra,Shopping,2205.79,Wallet
U039,T00024_U039,2026-04-14 23:03:00,Flipkart,Healthcare,3273.45,Card
U039,T00025_U039,2026-04-22 12:38:00,Netflix,Bills,199.0,UPI
U039,T00026_U039,2026-01-20 18:03:00,Flipkart,Bills,258.32,Card
U039,T00027_U039,2026-09-24 03:46:00,Uber,Food,3163.23,UPI
U039,T00028_U039,2026-03-30 16:41:00,Myntra,Shopping,2529.49,Wallet
U039,T00029_U039,2026-04-03 19:43:00,Flipkart,Food,308.07,UPI
U039,T00030_U039,2026-08-16 13:27:00,Flipkart,Food,1948.75,Card
U039,T00031_U039,2026-03-29 17:58:00,Swiggy,Healthcare,2455.76,UPI
U039,T00032_U039,2026-03-12 21:40:00,Amazon,Entertainment,937.1,Wallet
U039,T00033_U039,2026-06-05 14:57:00,Uber,Healthcare,3653.22,Card
U039,T00034_U039,2026-04-23 02:53:00,Swiggy,Food,3863.89,UPI
U039,T00035_U039,2026-05-06 00:55:00,Local Store,Bills,1606.19,Card
U039,T00036_U039,2026-09-15 09:08:00,Amazon,Food,1892.79,UPI
U039,T00037_U039,2026-08-05 19:14:00,Local Store,Entertainment,2762.1,UPI
U039,T00038_U039,2026-02-23 12:51:00,Local Store,Entertainment,1249.45,UPI
U039,T00039_U039,2026-09-18 15:30:00,Myntra,Entertainment,1679.68,Wallet
U039,T00040_U039,2026-04-21 13:59:00,Flipkart,Shopping,1407.39,Wallet
U039,T00041_U039,2026-07-03 00:05:00,Local Store,Healthcare,4894.36,Card
U039,T00042_U039,2026-03-30 18:10:00,Flipkart,Shopping,1768.77,Wallet
U039,T00043_U039,2026-01-06 18:44:00,Flipkart,Healthcare,1174.11,Card
U039,T00044_U039,2026-02-13 12:52:00,Myntra,Travel,549.43,Wallet
U039,T00045_U039,2026-01-01 14:18:00,Flipkart,Bills,3371.42,UPI
U039,T00046_U039,2026-03-11 10:21:00,Clinic,Bills,1252.65,UPI
U039,T00047_U039,2026-08-11 10:38:00,Local Store,Entertainment,811.33,Wallet
U039,T00048_U039,2026-04-07 17:23:00,Swiggy,Healthcare,861.01,UPI
U039,T00049_U039,2026-05-29 03:49:00,Amazon,Entertainment,5440.47,Wallet
U039,T00050_U039,2026-04-07 18:04:00,Netflix,Bills,999.0,UPI
U039,T00051_U039,2026-02-28 09:33:00,Swiggy,Entertainment,403.79,UPI
U039,T00052_U039,2026-01-03 22:38:00,Amazon,Shopping,1317.9,Wallet
U039,T00053_U039,2026-08-17 17:53:00,Netflix,Entertainment,1634.68,UPI
U039,T00054_U039,2026-04-30 20:01:00,Amazon,Shopping,183.54,Card
U039,T00055_U039,2026-01-07 02:41:00,Local Store,Bills,2369.27,Card
U039,T00056_U039,2026-03-29 18:48:00,Local Store,Food,2836.42,UPI
U039,T00057_U039,2026-04-03 05:14:00,Flipkart,Shopping,2880.34,Wallet
U039,T00058_U039,2026-01-09 12:10:00,Swiggy,Food,1977.9,Card
U039,T00059_U039,2026-04-11 00:08:00,Myntra,Travel,3533.76,Card
U039,T00060_U039,2026-03-13 08:44:00,Clinic,Bills,972.35,Card
U039,T00061_U039,2026-05-28 00:44:00,Clinic,Travel,6481.57,Card
U039,T00062_U039,2026-06-06 12:42:00,Netflix,Bills,2263.1,Wallet
U039,T00063_U039,2026-09-11 08:03:00,Local Store,Healthcare,1402.6,Card
U039,T00064_U039,2026-04-17 11:41:00,Uber,Travel,2355.39,UPI
U039,T00065_U039,2026-05-11 10:46:00,Uber,Food,1013.96,Card
U039,T00066_U039,2026-08-03 11:59:00,Flipkart,Bills,3224.84,Wallet
U039,T00067_U039,2026-04-12 09:35:00,Flipkart,Healthcare,1687.24,Card
U039,T00068_U039,2026-08-08 20:10:00,Clinic,Entertainment,618.0,Card
U039,T00069_U039,2026-06-03 16:20:00,Myntra,Shopping,294.72,Card
U039,T00070_U039,2026-07-06 16:30:00,Uber,Food,684.89,Wallet
U039,T00071_U039,2026-07-29 19:35:00,Flipkart,Shopping,1559.04,Card
U039,T00072_U039,2026-06-22 17:02:00,Swiggy,Travel,1931.58,Card
U039,T00073_U039,2026-06-13 01:23:00,Swiggy,Healthcare,2252.95,Card
U039,T00074_U039,2026-08-26 05:46:00,Swiggy,Food,1198.93,Card
U039,T00075_U039,2026-03-30 19:48:00,Gym,Bills,299.0,Wallet
U039,T00076_U039,2026-06-11 08:40:00,Swiggy,Travel,680.05,UPI
U039,T00077_U039,2026-02-02 13:08:00,Netflix,Travel,447.82,UPI
U039,T00078_U039,2026-01-03 09:21:00,Myntra,Food,3064.22,UPI
U039,T00079_U039,2026-06-25 07:56:00,Myntra,Food,2281.25,Wallet
U039,T00080_U039,2026-05-16 21:43:00,Flipkart,Healthcare,2078.47,Card
U039,T00081_U039,2026-06-19 06:05:00,Amazon,Healthcare,368.02,UPI
U039,T00082_U039,2026-06-30 18:01:00,Myntra,Travel,1432.16,Card
U039,T00083_U039,2026-05-16 04:35:00,Local Store,Entertainment,3785.7,Card
U039,T00084_U039,2026-02-26 22:03:00,Netflix,Bills,1290.18,Wallet
U039,T00085_U039,2026-04-09 17:45:00,Netflix,Healthcare,936.55,Card
U039,T00086_U039,2026-02-11 08:40:00,Swiggy,Entertainment,2015.65,Wallet
U039,T00087_U039,2026-02-11 18:14:00,Amazon,Travel,288.14,Wallet
U039,T00088_U039,2026-06-05 11:53:00,Netflix,Travel,2633.43,Card
U039,T00089_U039,2026-01-17 13:08:00,Myntra,Entertainment,1405.16,UPI
U039,T00090_U039,2026-08-01 14:12:00,Amazon,Shopping,894.01,UPI
U039,T00091_U039,2026-06-12 15:23:00,Myntra,Entertainment,1926.52,Card
U039,T00092_U039,2026-02-21 05:48:00,Swiggy,Entertainment,1332.87,Wallet
U039,T00093_U039,2026-03-02 16:50:00,Clinic,Healthcare,1261.45,Wallet
U039,T00094_U039,2026-01-31 13:36:00,Amazon,Shopping,2392.6,UPI
U039,T00095_U039,2026-06-22 02:27:00,Clinic,Healthcare,3107.35,UPI
U039,T00096_U039,2026-06-18 23:39:00,Myntra,Bills,2734.22,Wallet
U039,T00097_U039,2026-08-03 14:14:00,Amazon,Healthcare,4658.02,UPI
U039,T00098_U039,2026-05-24 07:52:00,Swiggy,Bills,840.58,Card
U039,T00099_U039,2026-02-16 21:18:00,Myntra,Healthcare,237.24,Card
U040,T00000_U040,2026-05-05 12:19:00,Spotify,Bills,299.0,UPI
U040,T00001_U040,2026-05-07 08:08:00,Netflix,Entertainment,1941.06,Card
U040,T00002_U040,2026-07-13 14:11:00,Amazon,Bills,364.48,Card
U040,T00003_U040,2026-05-30 18:01:00,Uber,Healthcare,2180.5,UPI
U040,T00004_U040,2026-09-24 22:12:00,Uber,Healthcare,696.96,Wallet
U040,T00005_U040,2026-07-10 07:58:00,Swiggy,Food,1745.62,UPI
U040,T00006_U040,2026-09-05 15:07:00,Amazon,Healthcare,1327.45,Wallet
U040,T00007_U040,2026-02-28 21:59:00,Myntra,Entertainment,1890.78,Card
U040,T00008_U040,2026-02-02 14:13:00,Flipkart,Shopping,2784.15,UPI
U040,T00009_U040,2026-01-28 23:32:00,Flipkart,Entertainment,3201.13,Wallet
U040,T00010_U040,2026-05-07 12:36:00,Netflix,Food,1162.37,Wallet
U040,T00011_U040,2026-08-24 13:49:00,Amazon,Entertainment,1954.9,Card
U040,T00012_U040,2026-03-12 18:32:00,Clinic,Healthcare,1269.58,Card
U040,T00013_U040,2026-05-30 11:54:00,Amazon,Bills,1351.2,Card
U040,T00014_U040,2026-05-21 10:03:00,Myntra,Food,114.11,Wallet
U040,T00015_U040,2026-07-13 23:51:00,Flipkart,Bills,2150.99,UPI
U040,T00016_U040,2026-04-20 23:19:00,Netflix,Healthcare,2698.04,Card
U040,T00017_U040,2026-09-15 12:28:00,Swiggy,Entertainment,670.58,UPI
U040,T00018_U040,2026-05-20 00:38:00,Flipkart,Healthcare,1193.3,Card
U040,T00019_U040,2026-06-28 09:40:00,Myntra,Food,1040.83,Wallet
U040,T00020_U040,2026-02-19 01:04:00,Myntra,Shopping,1347.28,UPI
U040,T00021_U040,2026-05-05 07:17:00,Swiggy,Entertainment,494.37,UPI
U040,T00022_U040,2026-01-02 03:15:00,Myntra,Bills,1508.48,Wallet
U040,T00023_U040,2026-04-11 21:46:00,Local Store,Food,1355.13,Wallet
U040,T00024_U040,2026-07-30 07:26:00,Flipkart,Food,2420.41,Wallet
U040,T00025_U040,2026-02-14 20:44:00,Netflix,Bills,999.0,Wallet
U040,T00026_U040,2026-09-19 18:45:00,Clinic,Travel,1128.19,UPI
U040,T00027_U040,2026-01-24 01:01:00,Myntra,Travel,467.05,UPI
U040,T00028_U040,2026-01-26 15:58:00,Clinic,Food,373.94,UPI
U040,T00029_U040,2026-05-18 17:23:00,Netflix,Food,350.08,UPI
U040,T00030_U040,2026-08-23 00:33:00,Amazon,Travel,3324.05,Wallet
U040,T00031_U040,2026-02-11 19:16:00,Uber,Healthcare,968.34,Card
U040,T00032_U040,2026-08-04 19:30:00,Amazon,Shopping,1399.55,Wallet
U040,T00033_U040,2026-04-06 14:27:00,Amazon,Entertainment,667.19,Card
U040,T00034_U040,2026-03-01 22:48:00,Local Store,Healthcare,3566.99,UPI
U040,T00035_U040,2026-07-01 12:06:00,Myntra,Shopping,2914.03,Wallet
U040,T00036_U040,2026-04-23 00:23:00,Clinic,Travel,698.93,Wallet
U040,T00037_U040,2026-09-26 15:47:00,Swiggy,Travel,498.1,UPI
U040,T00038_U040,2026-04-22 21:41:00,Uber,Healthcare,1701.32,UPI
U040,T00039_U040,2026-06-04 09:50:00,Local Store,Entertainment,803.85,Wallet
U040,T00040_U040,2026-04-22 00:18:00,Amazon,Healthcare,386.06,UPI
U040,T00041_U040,2026-06-02 05:40:00,Amazon,Healthcare,1435.02,UPI
U040,T00042_U040,2026-02-27 19:25:00,Local Store,Bills,597.3,Card
U040,T00043_U040,2026-05-15 15:01:00,Local Store,Travel,851.66,Wallet
U040,T00044_U040,2026-07-18 18:32:00,Swiggy,Entertainment,619.48,Wallet
U040,T00045_U040,2026-04-29 00:01:00,Flipkart,Travel,3302.38,Card
U040,T00046_U040,2026-04-27 22:53:00,Netflix,Food,1483.97,UPI
U040,T00047_U040,2026-03-16 22:38:00,Myntra,Food,1258.13,UPI
U040,T00048_U040,2026-07-16 10:38:00,Myntra,Shopping,254.59,UPI
U040,T00049_U040,2026-07-13 23:59:00,Myntra,Healthcare,1724.04,Card
U040,T00050_U040,2026-03-29 04:32:00,Netflix,Bills,999.0,Wallet
U040,T00051_U040,2026-07-25 20:03:00,Netflix,Entertainment,1725.15,Wallet
U040,T00052_U040,2026-09-24 20:16:00,Clinic,Bills,2246.54,Wallet
U040,T00053_U040,2026-08-18 19:38:00,Netflix,Food,486.95,UPI
U040,T00054_U040,2026-02-24 15:07:00,Uber,Food,1411.08,Card
U040,T00055_U040,2026-06-21 13:22:00,Amazon,Bills,1426.94,Wallet
U040,T00056_U040,2026-02-22 00:27:00,Clinic,Food,1007.99,Wallet
U040,T00057_U040,2026-06-10 13:55:00,Amazon,Shopping,2483.57,UPI
U040,T00058_U040,2026-03-28 19:29:00,Netflix,Travel,1579.63,Card
U040,T00059_U040,2026-02-22 13:38:00,Local Store,Travel,623.0,Wallet
U040,T00060_U040,2026-09-17 02:05:00,Flipkart,Bills,2154.74,Wallet
U040,T00061_U040,2026-01-28 12:33:00,Amazon,Shopping,509.68,Card
U040,T00062_U040,2026-02-09 13:31:00,Flipkart,Travel,2008.83,Wallet
U040,T00063_U040,2026-03-29 03:24:00,Amazon,Shopping,2430.63,Card
U040,T00064_U040,2026-09-27 10:17:00,Swiggy,Bills,1910.35,UPI
U040,T00065_U040,2026-06-08 22:38:00,Flipkart,Food,1242.93,UPI
U040,T00066_U040,2026-07-02 23:18:00,Netflix,Travel,2688.93,UPI
U040,T00067_U040,2026-03-05 04:30:00,Flipkart,Travel,3561.64,Card
U040,T00068_U040,2026-02-24 14:51:00,Amazon,Travel,2100.7,Wallet
U040,T00069_U040,2026-04-05 10:35:00,Uber,Food,3971.91,UPI
U040,T00070_U040,2026-02-24 22:11:00,Flipkart,Healthcare,1073.96,UPI
U040,T00071_U040,2026-03-04 22:34:00,Flipkart,Entertainment,2073.16,Card
U040,T00072_U040,2026-02-20 06:46:00,Uber,Bills,864.01,UPI
U040,T00073_U040,2026-06-10 12:13:00,Flipkart,Food,120.82,Card
U040,T00074_U040,2026-07-24 16:42:00,Netflix,Healthcare,1960.41,Wallet
U040,T00075_U040,2026-01-24 20:37:00,Gym,Bills,299.0,Wallet
U040,T00076_U040,2026-05-23 23:02:00,Myntra,Bills,2541.22,Wallet
U040,T00077_U040,2026-04-07 10:41:00,Local Store,Food,1061.1,UPI
U040,T00078_U040,2026-02-04 06:13:00,Clinic,Bills,865.74,UPI
U040,T00079_U040,2026-09-02 22:08:00,Clinic,Food,2959.45,UPI
U040,T00080_U040,2026-04-03 09:08:00,Myntra,Healthcare,2952.34,Card
U040,T00081_U040,2026-02-18 22:39:00,Flipkart,Bills,2045.82,UPI
U040,T00082_U040,2026-07-30 21:58:00,Myntra,Shopping,2878.3,UPI
U040,T00083_U040,2026-02-18 17:06:00,Uber,Healthcare,796.45,UPI
U040,T00084_U040,2026-06-01 17:55:00,Myntra,Travel,2960.08,UPI
U040,T00085_U040,2026-05-24 07:51:00,Swiggy,Travel,1774.5,Card
U040,T00086_U040,2026-08-13 13:22:00,Amazon,Healthcare,383.24,Wallet
U040,T00087_U040,2026-09-21 13:42:00,Netflix,Food,1099.67,Card
U040,T00088_U040,2026-01-05 19:51:00,Uber,Bills,554.32,UPI
U040,T00089_U040,2026-02-03 06:29:00,Netflix,Food,1446.71,Card
U040,T00090_U040,2026-06-16 02:43:00,Swiggy,Healthcare,2214.93,Card
U040,T00091_U040,2026-02-08 21:57:00,Swiggy,Food,1643.21,Card
U040,T00092_U040,2026-07-16 10:39:00,Myntra,Travel,1898.44,Wallet
U040,T00093_U040,2026-03-31 01:40:00,Flipkart,Shopping,3108.75,Card
U040,T00094_U040,2026-03-30 05:36:00,Flipkart,Travel,988.74,Wallet
U040,T00095_U040,2026-05-09 02:53:00,Flipkart,Food,1735.06,Wallet
U040,T00096_U040,2026-04-29 09:08:00,Myntra,Travel,1210.89,Wallet
U040,T00097_U040,2026-04-01 16:47:00,Myntra,Shopping,1475.97,Wallet
U040,T00098_U040,2026-09-22 17:38:00,Myntra,Shopping,717.65,Card
U040,T00099_U040,2026-02-22 23:33:00,Local Store,Entertainment,2896.22,UPI
U041,T00000_U041,2026-09-17 13:49:00,Spotify,Bills,299.0,Card
U041,T00001_U041,2026-03-10 17:21:00,Swiggy,Travel,1179.44,UPI
U041,T00002_U041,2026-06-24 00:36:00,Myntra,Travel,4136.44,Wallet
U041,T00003_U041,2026-09-25 19:23:00,Uber,Bills,2209.93,Card
U041,T00004_U041,2026-01-05 07:36:00,Local Store,Entertainment,1066.9,Wallet
U041,T00005_U041,2026-02-19 15:25:00,Swiggy,Travel,720.67,UPI
U041,T00006_U041,2026-09-25 06:00:00,Netflix,Food,757.52,Wallet
U041,T00007_U041,2026-09-18 14:13:00,Uber,Travel,1874.97,Wallet
U041,T00008_U041,2026-07-25 21:24:00,Local Store,Bills,1131.28,Wallet
U041,T00009_U041,2026-05-13 14:01:00,Amazon,Entertainment,1198.18,Wallet
U041,T00010_U041,2026-01-12 13:37:00,Amazon,Food,2131.07,Wallet
U041,T00011_U041,2026-08-14 02:05:00,Flipkart,Food,2585.78,Wallet
U041,T00012_U041,2026-08-18 03:21:00,Clinic,Entertainment,2912.09,Wallet
U041,T00013_U041,2026-06-16 00:41:00,Amazon,Travel,2039.1,UPI
U041,T00014_U041,2026-02-19 12:31:00,Uber,Healthcare,725.82,Wallet
U041,T00015_U041,2026-04-03 06:18:00,Flipkart,Healthcare,3627.05,Wallet
U041,T00016_U041,2026-08-11 18:33:00,Swiggy,Travel,2219.06,Card
U041,T00017_U041,2026-06-15 00:41:00,Local Store,Travel,1723.55,UPI
U041,T00018_U041,2026-09-06 10:19:00,Myntra,Food,2079.58,Wallet
U041,T00019_U041,2026-05-16 05:50:00,Local Store,Bills,273.04,Wallet
U041,T00020_U041,2026-03-27 10:51:00,Amazon,Entertainment,821.59,UPI
U041,T00021_U041,2026-03-08 10:03:00,Flipkart,Healthcare,1393.4,Wallet
U041,T00022_U041,2026-09-09 13:47:00,Myntra,Shopping,2198.91,Wallet
U041,T00023_U041,2026-02-06 20:26:00,Flipkart,Shopping,1475.13,Card
U041,T00024_U041,2026-01-27 21:24:00,Amazon,Shopping,1329.16,UPI
U041,T00025_U041,2026-02-13 00:49:00,Amazon Prime,Bills,199.0,Wallet
U041,T00026_U041,2026-04-17 00:48:00,Netflix,Travel,775.03,Wallet
U041,T00027_U041,2026-09-08 14:22:00,Local Store,Bills,1921.57,UPI
U041,T00028_U041,2026-04-21 12:20:00,Myntra,Entertainment,223.85,UPI
U041,T00029_U041,2026-08-05 06:16:00,Uber,Travel,1017.54,Card
U041,T00030_U041,2026-09-18 19:24:00,Flipkart,Healthcare,658.31,Wallet
U041,T00031_U041,2026-02-06 21:09:00,Flipkart,Shopping,989.88,Card
U041,T00032_U041,2026-02-15 15:45:00,Swiggy,Healthcare,1176.38,UPI
U041,T00033_U041,2026-03-05 14:19:00,Netflix,Travel,2302.84,UPI
U041,T00034_U041,2026-07-31 04:24:00,Flipkart,Shopping,1910.45,Wallet
U041,T00035_U041,2026-09-08 15:16:00,Netflix,Entertainment,1571.86,Wallet
U041,T00036_U041,2026-05-27 20:15:00,Netflix,Travel,432.01,Card
U041,T00037_U041,2026-04-08 14:47:00,Uber,Entertainment,2207.63,UPI
U041,T00038_U041,2026-05-03 15:24:00,Local Store,Entertainment,2049.56,Card
U041,T00039_U041,2026-03-18 00:55:00,Local Store,Entertainment,1412.37,Wallet
U041,T00040_U041,2026-08-16 11:12:00,Amazon,Travel,282.48,Card
U041,T00041_U041,2026-04-17 20:49:00,Amazon,Shopping,1592.78,UPI
U041,T00042_U041,2026-01-24 18:54:00,Swiggy,Travel,2011.14,Card
U041,T00043_U041,2026-07-23 11:46:00,Myntra,Bills,681.2,Card
U041,T00044_U041,2026-05-15 10:15:00,Netflix,Bills,1671.27,Card
U041,T00045_U041,2026-07-07 07:21:00,Amazon,Shopping,2175.81,Card
U041,T00046_U041,2026-08-09 01:40:00,Swiggy,Healthcare,2440.77,Card
U041,T00047_U041,2026-01-15 18:47:00,Amazon,Food,243.83,UPI
U041,T00048_U041,2026-06-07 18:48:00,Netflix,Healthcare,2078.73,UPI
U041,T00049_U041,2026-02-10 19:44:00,Local Store,Bills,2100.52,UPI
U041,T00050_U041,2026-02-14 17:06:00,Gym,Bills,499.0,Card
U041,T00051_U041,2026-08-07 02:19:00,Uber,Healthcare,1717.46,UPI
U041,T00052_U041,2026-09-19 20:48:00,Local Store,Healthcare,1326.69,Wallet
U041,T00053_U041,2026-01-01 08:46:00,Local Store,Entertainment,1823.53,Card
U041,T00054_U041,2026-03-17 22:39:00,Netflix,Food,1808.84,Card
U041,T00055_U041,2026-07-26 10:38:00,Netflix,Bills,140.26,Wallet
U041,T00056_U041,2026-02-04 08:45:00,Amazon,Shopping,2117.05,Wallet
U041,T00057_U041,2026-04-06 15:27:00,Swiggy,Travel,857.31,Card
U041,T00058_U041,2026-05-04 19:34:00,Myntra,Entertainment,2877.3,UPI
U041,T00059_U041,2026-07-01 02:13:00,Local Store,Food,1907.76,UPI
U041,T00060_U041,2026-04-20 17:37:00,Uber,Food,1189.08,Wallet
U041,T00061_U041,2026-09-14 10:10:00,Clinic,Travel,818.16,Card
U041,T00062_U041,2026-03-07 00:12:00,Uber,Travel,863.62,Wallet
U041,T00063_U041,2026-03-27 23:14:00,Clinic,Bills,2780.43,UPI
U041,T00064_U041,2026-07-28 13:19:00,Clinic,Entertainment,1125.69,UPI
U041,T00065_U041,2026-07-07 02:32:00,Flipkart,Healthcare,162.91,Card
U041,T00066_U041,2026-04-11 08:57:00,Netflix,Entertainment,1382.83,UPI
U041,T00067_U041,2026-06-28 06:39:00,Netflix,Bills,2861.49,Card
U041,T00068_U041,2026-06-17 10:56:00,Swiggy,Bills,2041.23,Wallet
U041,T00069_U041,2026-06-05 22:56:00,Amazon,Healthcare,4546.9,Wallet
U041,T00070_U041,2026-07-12 10:23:00,Amazon,Bills,1004.3,Card
U041,T00071_U041,2026-04-02 06:34:00,Flipkart,Shopping,2188.08,UPI
U041,T00072_U041,2026-01-22 23:03:00,Amazon,Shopping,3525.05,Card
U041,T00073_U041,2026-03-07 22:38:00,Amazon,Shopping,2295.35,Wallet
U041,T00074_U041,2026-07-09 18:29:00,Flipkart,Healthcare,2447.38,UPI
U041,T00075_U041,2026-02-22 05:04:00,Spotify,Bills,499.0,UPI
U041,T00076_U041,2026-02-14 09:46:00,Amazon,Entertainment,571.94,UPI
U041,T00077_U041,2026-06-20 20:22:00,Flipkart,Travel,2137.54,UPI
U041,T00078_U041,2026-06-14 07:02:00,Myntra,Shopping,2040.32,UPI
U041,T00079_U041,2026-08-19 14:34:00,Amazon,Food,2244.89,Wallet
U041,T00080_U041,2026-07-28 11:39:00,Uber,Bills,2454.97,Card
U041,T00081_U041,2026-07-28 23:53:00,Local Store,Healthcare,1636.46,Card
U041,T00082_U041,2026-03-03 17:47:00,Flipkart,Shopping,857.0,Card
U041,T00083_U041,2026-06-24 04:03:00,Uber,Entertainment,3057.39,Wallet
U041,T00084_U041,2026-02-22 00:26:00,Local Store,Food,3357.57,Wallet
U041,T00085_U041,2026-02-17 00:03:00,Myntra,Healthcare,617.23,Wallet
U041,T00086_U041,2026-03-05 12:34:00,Amazon,Shopping,4031.69,Wallet
U041,T00087_U041,2026-02-12 20:51:00,Netflix,Entertainment,2326.89,Card
U041,T00088_U041,2026-03-29 20:50:00,Local Store,Entertainment,2927.56,UPI
U041,T00089_U041,2026-05-19 15:36:00,Amazon,Healthcare,1889.81,UPI
U041,T00090_U041,2026-06-26 18:14:00,Amazon,Shopping,1281.46,Wallet
U041,T00091_U041,2026-08-22 01:45:00,Flipkart,Shopping,509.51,Wallet
U041,T00092_U041,2026-08-26 08:35:00,Clinic,Travel,1864.04,Card
U041,T00093_U041,2026-04-08 17:29:00,Myntra,Food,1564.14,UPI
U041,T00094_U041,2026-06-01 10:11:00,Swiggy,Healthcare,1786.71,Wallet
U041,T00095_U041,2026-01-12 22:59:00,Myntra,Shopping,138.25,UPI
U041,T00096_U041,2026-05-28 17:01:00,Myntra,Shopping,1119.11,Card
U041,T00097_U041,2026-09-02 08:28:00,Netflix,Entertainment,332.7,Card
U041,T00098_U041,2026-02-12 20:32:00,Netflix,Healthcare,1145.56,Wallet
U041,T00099_U041,2026-05-13 06:02:00,Local Store,Food,890.15,Card
U042,T00000_U042,2026-08-09 04:14:00,Gym,Bills,999.0,Card
U042,T00001_U042,2026-08-06 22:58:00,Flipkart,Bills,277.77,Card
U042,T00002_U042,2026-01-27 13:41:00,Amazon,Shopping,2124.03,UPI
U042,T00003_U042,2026-02-20 23:55:00,Flipkart,Shopping,157.92,Card
U042,T00004_U042,2026-08-17 02:48:00,Swiggy,Bills,682.97,Card
U042,T00005_U042,2026-03-04 23:46:00,Netflix,Travel,5387.81,Wallet
U042,T00006_U042,2026-05-29 09:04:00,Amazon,Bills,1335.6,Wallet
U042,T00007_U042,2026-01-25 11:14:00,Clinic,Travel,407.55,UPI
U042,T00008_U042,2026-07-03 02:47:00,Clinic,Entertainment,1146.88,Wallet
U042,T00009_U042,2026-04-24 04:42:00,Local Store,Healthcare,2138.84,Card
U042,T00010_U042,2026-09-19 16:25:00,Local Store,Healthcare,2103.31,Card
U042,T00011_U042,2026-07-14 22:42:00,Flipkart,Shopping,982.14,Wallet
U042,T00012_U042,2026-04-06 05:33:00,Amazon,Shopping,1924.33,Wallet
U042,T00013_U042,2026-04-22 04:15:00,Flipkart,Travel,346.04,Wallet
U042,T00014_U042,2026-06-25 13:34:00,Uber,Healthcare,1735.62,Card
U042,T00015_U042,2026-09-06 13:40:00,Swiggy,Entertainment,1565.95,Card
U042,T00016_U042,2026-05-23 10:51:00,Flipkart,Bills,1251.11,Card
U042,T00017_U042,2026-05-24 18:20:00,Clinic,Bills,903.34,UPI
U042,T00018_U042,2026-04-29 11:40:00,Myntra,Shopping,3426.52,Wallet
U042,T00019_U042,2026-06-18 19:40:00,Flipkart,Shopping,758.89,Card
U042,T00020_U042,2026-05-22 02:43:00,Uber,Food,3328.87,UPI
U042,T00021_U042,2026-08-08 14:20:00,Amazon,Food,1995.78,Wallet
U042,T00022_U042,2026-09-10 13:16:00,Flipkart,Travel,743.73,Card
U042,T00023_U042,2026-07-02 10:04:00,Local Store,Travel,1090.25,Card
U042,T00024_U042,2026-08-14 16:38:00,Flipkart,Entertainment,2344.88,UPI
U042,T00025_U042,2026-01-26 18:13:00,Netflix,Bills,999.0,UPI
U042,T00026_U042,2026-01-20 02:48:00,Netflix,Healthcare,2305.96,UPI
U042,T00027_U042,2026-03-30 08:09:00,Amazon,Shopping,3524.69,Card
U042,T00028_U042,2026-03-27 15:24:00,Swiggy,Entertainment,1462.54,Wallet
U042,T00029_U042,2026-05-11 13:41:00,Swiggy,Healthcare,2391.8,Wallet
U042,T00030_U042,2026-09-17 01:17:00,Flipkart,Food,748.91,UPI
U042,T00031_U042,2026-02-06 10:55:00,Myntra,Shopping,1894.6,Wallet
U042,T00032_U042,2026-07-24 12:47:00,Amazon,Entertainment,2328.51,Card
U042,T00033_U042,2026-05-14 08:26:00,Netflix,Food,688.12,UPI
U042,T00034_U042,2026-07-21 01:39:00,Clinic,Entertainment,3773.58,Card
U042,T00035_U042,2026-03-12 15:08:00,Netflix,Food,1898.53,Card
U042,T00036_U042,2026-06-03 19:36:00,Amazon,Food,2034.47,Wallet
U042,T00037_U042,2026-06-28 13:28:00,Myntra,Healthcare,3023.73,UPI
U042,T00038_U042,2026-03-29 02:56:00,Netflix,Travel,5359.73,Wallet
U042,T00039_U042,2026-04-22 17:15:00,Clinic,Food,1189.57,Card
U042,T00040_U042,2026-03-13 02:58:00,Flipkart,Shopping,689.32,Card
U042,T00041_U042,2026-07-23 15:41:00,Uber,Bills,792.57,Card
U042,T00042_U042,2026-01-02 14:35:00,Swiggy,Bills,3905.04,UPI
U042,T00043_U042,2026-02-21 19:32:00,Clinic,Food,1259.86,Card
U042,T00044_U042,2026-02-05 04:36:00,Uber,Healthcare,2283.95,UPI
U042,T00045_U042,2026-06-23 06:43:00,Local Store,Food,2302.37,Wallet
U042,T00046_U042,2026-04-02 16:48:00,Flipkart,Healthcare,2301.28,Wallet
U042,T00047_U042,2026-09-01 08:28:00,Local Store,Entertainment,1716.87,Wallet
U042,T00048_U042,2026-01-19 15:01:00,Netflix,Travel,827.18,Wallet
U042,T00049_U042,2026-05-15 20:50:00,Flipkart,Healthcare,1632.75,Card
U042,T00050_U042,2026-04-24 13:34:00,Gym,Bills,299.0,UPI
U042,T00051_U042,2026-01-02 18:17:00,Swiggy,Bills,2482.83,Wallet
U042,T00052_U042,2026-05-04 09:55:00,Netflix,Food,1013.74,Card
U042,T00053_U042,2026-03-05 01:42:00,Amazon,Food,740.13,Card
U042,T00054_U042,2026-04-28 09:39:00,Flipkart,Travel,3137.98,Wallet
U042,T00055_U042,2026-05-15 22:34:00,Myntra,Entertainment,515.08,Card
U042,T00056_U042,2026-08-28 16:21:00,Uber,Entertainment,514.85,Wallet
U042,T00057_U042,2026-09-07 09:06:00,Netflix,Entertainment,2201.29,Card
U042,T00058_U042,2026-08-28 06:39:00,Netflix,Healthcare,876.21,Wallet
U042,T00059_U042,2026-07-07 11:22:00,Swiggy,Bills,2101.58,Wallet
U042,T00060_U042,2026-06-26 15:47:00,Uber,Bills,2098.87,Card
U042,T00061_U042,2026-09-14 03:41:00,Local Store,Entertainment,340.72,Wallet
U042,T00062_U042,2026-05-15 20:40:00,Flipkart,Food,1085.31,UPI
U042,T00063_U042,2026-04-20 23:47:00,Uber,Healthcare,1527.54,Card
U042,T00064_U042,2026-02-22 08:25:00,Clinic,Bills,1620.64,UPI
U042,T00065_U042,2026-05-11 23:31:00,Clinic,Healthcare,3044.43,Wallet
U042,T00066_U042,2026-05-06 09:07:00,Netflix,Bills,1812.75,Wallet
U042,T00067_U042,2026-06-24 01:33:00,Flipkart,Healthcare,1685.76,Wallet
U042,T00068_U042,2026-07-26 01:07:00,Swiggy,Entertainment,936.43,UPI
U042,T00069_U042,2026-01-10 02:29:00,Swiggy,Travel,1896.18,UPI
U042,T00070_U042,2026-08-13 23:02:00,Clinic,Entertainment,2289.19,Wallet
U042,T00071_U042,2026-01-18 15:34:00,Myntra,Entertainment,2365.98,Card
U042,T00072_U042,2026-06-10 21:06:00,Myntra,Entertainment,363.62,Card
U042,T00073_U042,2026-05-02 21:35:00,Local Store,Bills,2034.76,Card
U042,T00074_U042,2026-04-12 13:31:00,Myntra,Shopping,2210.06,Wallet
U042,T00075_U042,2026-09-27 19:26:00,Spotify,Bills,299.0,Wallet
U042,T00076_U042,2026-04-20 08:49:00,Flipkart,Food,653.16,Card
U042,T00077_U042,2026-02-24 06:39:00,Amazon,Food,753.05,UPI
U042,T00078_U042,2026-08-28 09:10:00,Uber,Entertainment,3372.46,Card
U042,T00079_U042,2026-04-26 10:30:00,Local Store,Healthcare,1159.91,UPI
U042,T00080_U042,2026-05-18 16:01:00,Myntra,Shopping,1694.06,Wallet
U042,T00081_U042,2026-04-27 11:49:00,Local Store,Healthcare,2124.35,Wallet
U042,T00082_U042,2026-03-20 12:52:00,Myntra,Food,2438.34,Card
U042,T00083_U042,2026-04-03 21:26:00,Flipkart,Shopping,3998.62,UPI
U042,T00084_U042,2026-03-14 16:55:00,Local Store,Bills,1129.99,Wallet
U042,T00085_U042,2026-02-23 02:51:00,Amazon,Shopping,3972.92,UPI
U042,T00086_U042,2026-05-16 20:42:00,Myntra,Shopping,2180.17,UPI
U042,T00087_U042,2026-02-25 18:31:00,Myntra,Healthcare,2122.96,Wallet
U042,T00088_U042,2026-06-06 12:48:00,Clinic,Travel,2413.03,Wallet
U042,T00089_U042,2026-05-20 12:58:00,Flipkart,Travel,534.07,Wallet
U042,T00090_U042,2026-06-12 08:18:00,Amazon,Food,1349.85,Wallet
U042,T00091_U042,2026-06-25 02:13:00,Clinic,Entertainment,977.39,Wallet
U042,T00092_U042,2026-06-23 04:03:00,Flipkart,Shopping,2197.63,Card
U042,T00093_U042,2026-09-20 09:49:00,Uber,Food,2168.69,UPI
U042,T00094_U042,2026-05-14 12:42:00,Amazon,Shopping,166.96,Card
U042,T00095_U042,2026-09-25 07:12:00,Amazon,Shopping,740.71,UPI
U042,T00096_U042,2026-02-26 05:28:00,Amazon,Shopping,2287.4,UPI
U042,T00097_U042,2026-01-01 16:30:00,Uber,Entertainment,1943.1,Wallet
U042,T00098_U042,2026-01-06 13:42:00,Clinic,Healthcare,1145.18,Wallet
U042,T00099_U042,2026-05-02 14:24:00,Myntra,Shopping,163.22,Wallet
U043,T00000_U043,2026-02-03 20:26:00,Gym,Bills,199.0,Wallet
U043,T00001_U043,2026-06-03 03:32:00,Flipkart,Entertainment,621.27,Card
U043,T00002_U043,2026-06-02 20:21:00,Uber,Entertainment,2479.42,UPI
U043,T00003_U043,2026-02-12 12:02:00,Flipkart,Travel,1562.14,UPI
U043,T00004_U043,2026-07-18 08:50:00,Swiggy,Bills,2416.61,Wallet
U043,T00005_U043,2026-09-07 20:00:00,Flipkart,Shopping,413.65,UPI
U043,T00006_U043,2026-08-19 21:03:00,Amazon,Food,1869.74,Card
U043,T00007_U043,2026-02-21 06:25:00,Myntra,Bills,1490.99,Card
U043,T00008_U043,2026-01-06 14:17:00,Amazon,Shopping,2405.74,UPI
U043,T00009_U043,2026-05-08 20:57:00,Myntra,Entertainment,1974.3,Card
U043,T00010_U043,2026-03-29 12:50:00,Myntra,Food,797.32,Wallet
U043,T00011_U043,2026-01-13 17:45:00,Clinic,Bills,980.41,Card
U043,T00012_U043,2026-09-21 00:09:00,Flipkart,Bills,1037.06,Wallet
U043,T00013_U043,2026-04-29 16:52:00,Flipkart,Travel,2949.58,UPI
U043,T00014_U043,2026-01-03 13:23:00,Flipkart,Entertainment,3250.67,UPI
U043,T00015_U043,2026-09-03 09:21:00,Local Store,Travel,2684.69,Wallet
U043,T00016_U043,2026-06-26 03:01:00,Amazon,Shopping,1440.55,UPI
U043,T00017_U043,2026-05-06 06:05:00,Netflix,Bills,982.34,Wallet
U043,T00018_U043,2026-09-04 18:37:00,Flipkart,Food,1650.05,Wallet
U043,T00019_U043,2026-08-21 03:31:00,Amazon,Entertainment,3428.27,UPI
U043,T00020_U043,2026-01-17 11:26:00,Clinic,Bills,2278.13,Wallet
U043,T00021_U043,2026-06-05 02:08:00,Local Store,Travel,195.43,Wallet
U043,T00022_U043,2026-04-29 20:40:00,Netflix,Bills,937.02,Wallet
U043,T00023_U043,2026-05-13 03:48:00,Clinic,Bills,2673.27,Card
U043,T00024_U043,2026-08-12 01:00:00,Uber,Entertainment,847.64,Wallet
U043,T00025_U043,2026-08-21 21:40:00,Gym,Bills,299.0,UPI
U043,T00026_U043,2026-04-27 07:11:00,Local Store,Travel,1896.2,Wallet
U043,T00027_U043,2026-08-20 10:58:00,Uber,Entertainment,2486.91,Card
U043,T00028_U043,2026-03-01 00:19:00,Uber,Bills,6421.29,Wallet
U043,T00029_U043,2026-08-13 23:51:00,Myntra,Shopping,2509.87,UPI
U043,T00030_U043,2026-06-24 09:10:00,Swiggy,Entertainment,1192.03,Wallet
U043,T00031_U043,2026-07-04 18:45:00,Clinic,Travel,1413.62,UPI
U043,T00032_U043,2026-01-27 15:36:00,Local Store,Entertainment,836.02,Card
U043,T00033_U043,2026-07-05 09:43:00,Netflix,Healthcare,1732.23,Wallet
U043,T00034_U043,2026-08-22 04:10:00,Flipkart,Entertainment,1083.24,Wallet
U043,T00035_U043,2026-01-13 06:37:00,Uber,Food,2395.93,Card
U043,T00036_U043,2026-09-28 11:47:00,Swiggy,Entertainment,3190.98,Wallet
U043,T00037_U043,2026-04-04 20:45:00,Amazon,Entertainment,815.27,Card
U043,T00038_U043,2026-09-01 01:39:00,Clinic,Entertainment,4726.76,UPI
U043,T00039_U043,2026-04-16 18:36:00,Myntra,Entertainment,1003.0,Card
U043,T00040_U043,2026-08-28 18:11:00,Clinic,Healthcare,488.92,UPI
U043,T00041_U043,2026-08-13 07:22:00,Myntra,Food,1429.36,Card
U043,T00042_U043,2026-03-30 05:42:00,Local Store,Food,2679.78,UPI
U043,T00043_U043,2026-05-28 06:10:00,Amazon,Shopping,3173.34,UPI
U043,T00044_U043,2026-04-21 19:37:00,Amazon,Shopping,771.82,Card
U043,T00045_U043,2026-01-15 12:36:00,Flipkart,Travel,1732.12,UPI
U043,T00046_U043,2026-07-24 19:22:00,Myntra,Healthcare,557.75,Card
U043,T00047_U043,2026-07-20 10:49:00,Flipkart,Shopping,316.83,Card
U043,T00048_U043,2026-05-05 15:45:00,Swiggy,Food,3750.28,Card
U043,T00049_U043,2026-05-10 16:56:00,Netflix,Bills,789.44,Card
U043,T00050_U043,2026-06-24 07:06:00,Amazon Prime,Bills,499.0,Card
U043,T00051_U043,2026-03-15 16:51:00,Netflix,Food,694.2,Card
U043,T00052_U043,2026-07-30 09:08:00,Netflix,Travel,3201.86,Card
U043,T00053_U043,2026-08-17 17:25:00,Myntra,Food,200.9,Wallet
U043,T00054_U043,2026-03-08 05:07:00,Amazon,Shopping,2300.93,UPI
U043,T00055_U043,2026-06-16 17:25:00,Flipkart,Entertainment,2383.41,Wallet
U043,T00056_U043,2026-03-09 17:51:00,Clinic,Entertainment,482.75,Wallet
U043,T00057_U043,2026-09-12 06:52:00,Amazon,Healthcare,703.84,UPI
U043,T00058_U043,2026-06-08 18:23:00,Myntra,Entertainment,1483.07,UPI
U043,T00059_U043,2026-08-31 21:36:00,Uber,Entertainment,1265.73,UPI
U043,T00060_U043,2026-04-10 05:34:00,Swiggy,Bills,1230.42,UPI
U043,T00061_U043,2026-06-15 02:44:00,Myntra,Food,1799.79,Wallet
U043,T00062_U043,2026-02-10 04:01:00,Amazon,Shopping,2890.08,UPI
U043,T00063_U043,2026-09-08 11:19:00,Uber,Travel,260.38,Card
U043,T00064_U043,2026-09-13 19:08:00,Amazon,Healthcare,233.33,Card
U043,T00065_U043,2026-07-27 13:08:00,Netflix,Entertainment,1660.56,UPI
U043,T00066_U043,2026-02-20 11:10:00,Clinic,Entertainment,706.87,UPI
U043,T00067_U043,2026-01-27 07:55:00,Local Store,Healthcare,232.97,Wallet
U043,T00068_U043,2026-06-24 09:47:00,Flipkart,Bills,583.99,Wallet
U043,T00069_U043,2026-07-10 16:31:00,Amazon,Shopping,1753.11,Card
U043,T00070_U043,2026-01-06 13:03:00,Uber,Food,905.38,Wallet
U043,T00071_U043,2026-03-20 07:08:00,Clinic,Entertainment,281.15,Wallet
U043,T00072_U043,2026-06-25 16:45:00,Clinic,Food,116.72,Card
U043,T00073_U043,2026-01-23 23:06:00,Local Store,Bills,2307.26,Card
U043,T00074_U043,2026-03-09 00:39:00,Amazon,Shopping,329.65,Wallet
U043,T00075_U043,2026-03-21 17:46:00,Spotify,Bills,299.0,Wallet
U043,T00076_U043,2026-08-19 00:53:00,Flipkart,Travel,2883.02,Wallet
U043,T00077_U043,2026-03-24 18:58:00,Netflix,Food,1385.26,Wallet
U043,T00078_U043,2026-07-10 10:51:00,Amazon,Food,1130.46,UPI
U043,T00079_U043,2026-08-16 02:18:00,Myntra,Bills,4222.26,Card
U043,T00080_U043,2026-06-21 14:19:00,Amazon,Healthcare,2487.81,Card
U043,T00081_U043,2026-04-04 09:35:00,Flipkart,Entertainment,1988.52,UPI
U043,T00082_U043,2026-06-27 19:05:00,Flipkart,Bills,1763.44,UPI
U043,T00083_U043,2026-06-03 20:36:00,Clinic,Entertainment,1290.58,Card
U043,T00084_U043,2026-08-25 15:10:00,Uber,Travel,559.05,Card
U043,T00085_U043,2026-04-12 20:56:00,Uber,Travel,1594.33,Card
U043,T00086_U043,2026-09-23 15:10:00,Local Store,Bills,968.57,UPI
U043,T00087_U043,2026-06-22 12:48:00,Uber,Healthcare,634.72,Wallet
U043,T00088_U043,2026-01-23 05:39:00,Swiggy,Bills,1930.96,UPI
U043,T00089_U043,2026-05-19 17:41:00,Uber,Food,400.87,Card
U043,T00090_U043,2026-08-03 01:40:00,Swiggy,Food,2023.79,Wallet
U043,T00091_U043,2026-07-01 15:14:00,Local Store,Entertainment,772.44,Card
U043,T00092_U043,2026-07-15 22:49:00,Myntra,Healthcare,402.14,Card
U043,T00093_U043,2026-03-20 01:14:00,Flipkart,Entertainment,371.07,Wallet
U043,T00094_U043,2026-05-18 20:03:00,Netflix,Food,455.94,UPI
U043,T00095_U043,2026-02-25 22:07:00,Myntra,Entertainment,2067.02,Card
U043,T00096_U043,2026-06-09 02:16:00,Netflix,Entertainment,1975.58,UPI
U043,T00097_U043,2026-01-06 20:04:00,Uber,Bills,402.1,Wallet
U043,T00098_U043,2026-04-25 06:21:00,Uber,Bills,1176.1,Card
U043,T00099_U043,2026-03-25 05:36:00,Flipkart,Bills,2101.75,Wallet
U044,T00000_U044,2026-06-15 19:26:00,Gym,Bills,999.0,UPI
U044,T00001_U044,2026-06-30 07:55:00,Swiggy,Bills,2659.39,UPI
U044,T00002_U044,2026-06-04 14:46:00,Amazon,Shopping,1084.43,UPI
U044,T00003_U044,2026-01-09 18:02:00,Swiggy,Healthcare,1137.58,Card
U044,T00004_U044,2026-07-28 02:55:00,Uber,Healthcare,1852.39,Wallet
U044,T00005_U044,2026-06-16 10:16:00,Swiggy,Healthcare,1814.56,Card
U044,T00006_U044,2026-04-01 20:15:00,Local Store,Food,2663.13,Wallet
U044,T00007_U044,2026-02-01 23:27:00,Netflix,Entertainment,4341.86,Wallet
U044,T00008_U044,2026-04-11 09:14:00,Local Store,Healthcare,1509.96,Card
U044,T00009_U044,2026-06-13 06:47:00,Myntra,Healthcare,1998.84,Wallet
U044,T00010_U044,2026-06-27 05:32:00,Flipkart,Entertainment,902.5,UPI
U044,T00011_U044,2026-05-08 16:06:00,Myntra,Shopping,147.27,UPI
U044,T00012_U044,2026-05-22 10:15:00,Flipkart,Healthcare,221.14,UPI
U044,T00013_U044,2026-08-05 09:06:00,Myntra,Shopping,1269.93,UPI
U044,T00014_U044,2026-07-11 06:45:00,Myntra,Entertainment,231.92,UPI
U044,T00015_U044,2026-06-27 01:20:00,Local Store,Food,274.76,UPI
U044,T00016_U044,2026-06-17 03:52:00,Clinic,Food,2441.9,Card
U044,T00017_U044,2026-06-16 17:54:00,Swiggy,Entertainment,2029.53,Card
U044,T00018_U044,2026-01-27 08:09:00,Myntra,Shopping,2371.13,Card
U044,T00019_U044,2026-02-06 02:37:00,Myntra,Bills,1348.62,UPI
U044,T00020_U044,2026-03-09 10:14:00,Swiggy,Bills,2359.31,Wallet
U044,T00021_U044,2026-02-08 18:05:00,Myntra,Shopping,2268.2,Wallet
U044,T00022_U044,2026-04-25 23:44:00,Uber,Travel,4162.18,Wallet
U044,T00023_U044,2026-08-29 03:21:00,Clinic,Healthcare,4536.86,UPI
U044,T00024_U044,2026-07-20 13:51:00,Flipkart,Shopping,2401.1,Wallet
U044,T00025_U044,2026-03-09 08:26:00,Netflix,Bills,999.0,UPI
U044,T00026_U044,2026-02-08 21:42:00,Netflix,Bills,2240.27,Wallet
U044,T00027_U044,2026-08-10 07:20:00,Amazon,Shopping,2197.6,Card
U044,T00028_U044,2026-08-12 02:20:00,Uber,Food,619.41,Wallet
U044,T00029_U044,2026-07-17 16:51:00,Local Store,Travel,1529.55,Card
U044,T00030_U044,2026-02-09 09:12:00,Flipkart,Healthcare,1762.55,Card
U044,T00031_U044,2026-01-13 16:02:00,Swiggy,Healthcare,362.33,UPI
U044,T00032_U044,2026-05-26 13:46:00,Swiggy,Food,1858.43,Wallet
U044,T00033_U044,2026-03-18 15:53:00,Amazon,Bills,1391.07,UPI
U044,T00034_U044,2026-01-20 08:51:00,Amazon,Entertainment,1026.1,UPI
U044,T00035_U044,2026-09-25 03:26:00,Clinic,Bills,2902.29,UPI
U044,T00036_U044,2026-09-28 21:22:00,Swiggy,Entertainment,4226.87,Wallet
U044,T00037_U044,2026-07-15 10:25:00,Myntra,Bills,1012.46,UPI
U044,T00038_U044,2026-09-26 01:00:00,Myntra,Entertainment,2195.31,UPI
U044,T00039_U044,2026-02-27 21:42:00,Clinic,Travel,470.41,UPI
U044,T00040_U044,2026-08-23 06:22:00,Uber,Entertainment,142.58,Wallet
U044,T00041_U044,2026-04-25 23:46:00,Swiggy,Healthcare,3016.16,Card
U044,T00042_U044,2026-08-16 16:48:00,Netflix,Bills,347.78,Card
U044,T00043_U044,2026-06-27 09:38:00,Flipkart,Bills,1087.97,UPI
U044,T00044_U044,2026-05-14 12:30:00,Swiggy,Travel,2365.17,Card
U044,T00045_U044,2026-09-27 16:46:00,Clinic,Entertainment,994.18,Wallet
U044,T00046_U044,2026-06-22 15:57:00,Amazon,Food,1119.97,Card
U044,T00047_U044,2026-08-09 01:22:00,Netflix,Healthcare,2577.85,Card
U044,T00048_U044,2026-05-08 02:32:00,Clinic,Food,1056.38,UPI
U044,T00049_U044,2026-01-17 04:22:00,Netflix,Bills,1840.39,UPI
U044,T00050_U044,2026-05-03 15:45:00,Spotify,Bills,199.0,Card
U044,T00051_U044,2026-09-11 22:35:00,Amazon,Entertainment,1520.57,UPI
U044,T00052_U044,2026-08-01 03:23:00,Clinic,Travel,2434.49,Card
U044,T00053_U044,2026-01-30 04:23:00,Netflix,Travel,2703.5,Card
U044,T00054_U044,2026-01-17 16:47:00,Swiggy,Healthcare,1697.94,Wallet
U044,T00055_U044,2026-04-17 18:54:00,Local Store,Entertainment,1614.63,UPI
U044,T00056_U044,2026-09-24 16:30:00,Myntra,Shopping,1006.02,UPI
U044,T00057_U044,2026-01-07 06:51:00,Flipkart,Travel,1362.76,Wallet
U044,T00058_U044,2026-01-31 00:01:00,Amazon,Bills,1772.53,Wallet
U044,T00059_U044,2026-04-26 00:31:00,Uber,Healthcare,637.37,Wallet
U044,T00060_U044,2026-07-31 10:17:00,Local Store,Entertainment,790.46,Wallet
U044,T00061_U044,2026-04-10 11:06:00,Local Store,Bills,476.23,Card
U044,T00062_U044,2026-03-21 14:49:00,Local Store,Travel,233.65,UPI
U044,T00063_U044,2026-03-07 07:02:00,Myntra,Shopping,2251.94,UPI
U044,T00064_U044,2026-07-10 12:47:00,Clinic,Entertainment,2147.48,UPI
U044,T00065_U044,2026-04-05 11:05:00,Netflix,Healthcare,2406.16,Card
U044,T00066_U044,2026-02-22 16:54:00,Myntra,Healthcare,1953.29,Wallet
U044,T00067_U044,2026-01-07 10:04:00,Local Store,Entertainment,1135.26,Wallet
U044,T00068_U044,2026-02-28 05:13:00,Myntra,Bills,2087.35,Card
U044,T00069_U044,2026-09-06 20:39:00,Local Store,Food,2019.18,Card
U044,T00070_U044,2026-02-12 10:08:00,Local Store,Entertainment,1567.6,Wallet
U044,T00071_U044,2026-05-25 09:19:00,Myntra,Shopping,447.39,Wallet
U044,T00072_U044,2026-03-18 08:34:00,Local Store,Bills,559.34,UPI
U044,T00073_U044,2026-05-06 14:15:00,Amazon,Entertainment,820.49,UPI
U044,T00074_U044,2026-04-26 02:53:00,Swiggy,Food,2416.88,Card
U044,T00075_U044,2026-03-04 08:50:00,Gym,Bills,199.0,UPI
U044,T00076_U044,2026-05-16 14:59:00,Amazon,Food,2093.97,Wallet
U044,T00077_U044,2026-03-06 23:20:00,Myntra,Entertainment,3590.16,Card
U044,T00078_U044,2026-04-19 09:04:00,Flipkart,Food,728.4,Card
U044,T00079_U044,2026-02-17 06:48:00,Amazon,Food,366.07,Wallet
U044,T00080_U044,2026-02-23 09:00:00,Amazon,Travel,1773.78,UPI
U044,T00081_U044,2026-03-22 10:40:00,Clinic,Food,2197.3,Wallet
U044,T00082_U044,2026-01-02 09:19:00,Swiggy,Entertainment,1999.19,Wallet
U044,T00083_U044,2026-05-21 01:51:00,Clinic,Entertainment,531.55,Wallet
U044,T00084_U044,2026-08-23 16:13:00,Swiggy,Food,575.04,Card
U044,T00085_U044,2026-07-01 12:17:00,Clinic,Travel,725.29,Card
U044,T00086_U044,2026-06-17 21:30:00,Uber,Bills,1997.34,Card
U044,T00087_U044,2026-05-18 00:14:00,Flipkart,Shopping,1130.05,Wallet
U044,T00088_U044,2026-09-26 14:00:00,Flipkart,Bills,692.64,UPI
U044,T00089_U044,2026-04-28 12:47:00,Uber,Bills,580.82,Card
U044,T00090_U044,2026-06-03 02:00:00,Swiggy,Entertainment,1638.48,Card
U044,T00091_U044,2026-04-30 02:44:00,Swiggy,Healthcare,2497.81,UPI
U044,T00092_U044,2026-01-19 02:01:00,Local Store,Bills,2150.37,UPI
U044,T00093_U044,2026-03-26 10:14:00,Swiggy,Entertainment,1032.39,Card
U044,T00094_U044,2026-01-11 01:17:00,Uber,Entertainment,3286.34,Wallet
U044,T00095_U044,2026-06-03 17:24:00,Uber,Healthcare,2131.38,Card
U044,T00096_U044,2026-01-07 20:15:00,Amazon,Entertainment,160.85,UPI
U044,T00097_U044,2026-08-22 14:00:00,Clinic,Food,1267.09,UPI
U044,T00098_U044,2026-09-04 10:36:00,Flipkart,Travel,3782.22,UPI
U044,T00099_U044,2026-08-16 16:06:00,Amazon,Food,1161.64,Wallet
U045,T00000_U045,2026-08-05 01:02:00,Netflix,Bills,499.0,Card
U045,T00001_U045,2026-08-05 14:17:00,Myntra,Shopping,1141.36,Wallet
U045,T00002_U045,2026-07-28 22:59:00,Netflix,Travel,3258.87,UPI
U045,T00003_U045,2026-09-03 21:01:00,Amazon,Shopping,1857.07,Card
U045,T00004_U045,2026-04-03 12:40:00,Netflix,Entertainment,927.36,UPI
U045,T00005_U045,2026-09-02 20:53:00,Flipkart,Entertainment,545.74,Wallet
U045,T00006_U045,2026-06-05 13:44:00,Amazon,Shopping,2334.32,UPI
U045,T00007_U045,2026-06-28 16:24:00,Flipkart,Travel,2784.94,Card
U045,T00008_U045,2026-07-18 17:29:00,Amazon,Healthcare,725.86,UPI
U045,T00009_U045,2026-05-04 08:36:00,Flipkart,Shopping,3561.99,Card
U045,T00010_U045,2026-08-14 01:27:00,Netflix,Food,1507.27,Card
U045,T00011_U045,2026-04-28 10:29:00,Myntra,Bills,681.56,Card
U045,T00012_U045,2026-03-11 10:01:00,Flipkart,Entertainment,2342.71,Card
U045,T00013_U045,2026-05-15 12:19:00,Flipkart,Entertainment,2067.06,Wallet
U045,T00014_U045,2026-08-18 00:06:00,Netflix,Travel,1065.35,UPI
U045,T00015_U045,2026-05-02 08:42:00,Flipkart,Shopping,3513.72,Wallet
U045,T00016_U045,2026-07-22 12:47:00,Myntra,Bills,969.08,UPI
U045,T00017_U045,2026-01-29 10:01:00,Myntra,Bills,1285.92,UPI
U045,T00018_U045,2026-02-11 03:42:00,Swiggy,Healthcare,398.07,UPI
U045,T00019_U045,2026-08-01 02:54:00,Clinic,Bills,1009.14,Wallet
U045,T00020_U045,2026-09-21 02:08:00,Flipkart,Food,161.63,Wallet
U045,T00021_U045,2026-09-20 04:41:00,Flipkart,Shopping,2314.66,Wallet
U045,T00022_U045,2026-01-27 21:43:00,Local Store,Healthcare,1247.37,UPI
U045,T00023_U045,2026-04-22 02:03:00,Uber,Travel,1980.75,Card
U045,T00024_U045,2026-05-06 20:26:00,Netflix,Travel,1839.13,UPI
U045,T00025_U045,2026-03-12 04:04:00,Spotify,Bills,199.0,Wallet
U045,T00026_U045,2026-07-23 09:07:00,Local Store,Entertainment,251.51,Wallet
U045,T00027_U045,2026-04-25 00:09:00,Flipkart,Shopping,860.48,Card
U045,T00028_U045,2026-05-03 13:32:00,Amazon,Shopping,3866.86,Card
U045,T00029_U045,2026-08-25 13:17:00,Flipkart,Food,453.62,Wallet
U045,T00030_U045,2026-02-04 22:36:00,Flipkart,Healthcare,3330.99,UPI
U045,T00031_U045,2026-03-18 20:51:00,Clinic,Entertainment,2287.62,UPI
U045,T00032_U045,2026-07-14 19:15:00,Uber,Entertainment,1552.03,Wallet
U045,T00033_U045,2026-06-14 05:59:00,Flipkart,Shopping,544.02,Card
U045,T00034_U045,2026-05-12 08:19:00,Uber,Healthcare,1924.29,UPI
U045,T00035_U045,2026-08-08 22:46:00,Local Store,Bills,1317.51,UPI
U045,T00036_U045,2026-02-08 09:50:00,Myntra,Shopping,211.2,UPI
U045,T00037_U045,2026-09-24 00:20:00,Clinic,Bills,2109.73,Card
U045,T00038_U045,2026-06-28 19:43:00,Swiggy,Healthcare,3759.78,Wallet
U045,T00039_U045,2026-03-27 15:33:00,Swiggy,Entertainment,512.15,Card
U045,T00040_U045,2026-02-20 22:09:00,Uber,Food,2390.87,UPI
U045,T00041_U045,2026-08-28 05:07:00,Myntra,Entertainment,4394.89,Card
U045,T00042_U045,2026-01-12 06:09:00,Amazon,Shopping,1320.93,Wallet
U045,T00043_U045,2026-01-04 05:39:00,Netflix,Travel,2806.44,Card
U045,T00044_U045,2026-08-28 07:46:00,Flipkart,Entertainment,2296.16,Card
U045,T00045_U045,2026-06-11 11:04:00,Myntra,Bills,711.65,Card
U045,T00046_U045,2026-05-18 21:05:00,Amazon,Food,1250.76,UPI
U045,T00047_U045,2026-07-20 14:00:00,Myntra,Shopping,456.2,Card
U045,T00048_U045,2026-08-26 13:06:00,Myntra,Food,975.44,Wallet
U045,T00049_U045,2026-05-30 23:54:00,Myntra,Shopping,1629.35,Card
U045,T00050_U045,2026-05-08 01:47:00,Amazon Prime,Bills,299.0,Wallet
U045,T00051_U045,2026-08-27 07:58:00,Myntra,Shopping,194.36,Wallet
U045,T00052_U045,2026-09-25 16:12:00,Myntra,Food,1628.02,UPI
U045,T00053_U045,2026-08-07 11:48:00,Netflix,Travel,458.43,UPI
U045,T00054_U045,2026-08-30 04:00:00,Clinic,Food,4175.99,Card
U045,T00055_U045,2026-05-10 21:04:00,Myntra,Entertainment,1276.14,Wallet
U045,T00056_U045,2026-08-09 06:40:00,Netflix,Entertainment,258.93,Wallet
U045,T00057_U045,2026-06-17 11:21:00,Swiggy,Food,143.97,Card
U045,T00058_U045,2026-02-11 01:32:00,Uber,Food,2870.98,Wallet
U045,T00059_U045,2026-03-07 04:27:00,Myntra,Shopping,1947.63,UPI
U045,T00060_U045,2026-08-20 04:08:00,Flipkart,Shopping,311.26,UPI
U045,T00061_U045,2026-01-02 22:57:00,Flipkart,Shopping,3306.58,Card
U045,T00062_U045,2026-04-12 14:21:00,Flipkart,Shopping,2453.47,UPI
U045,T00063_U045,2026-01-16 19:07:00,Local Store,Entertainment,630.67,Card
U045,T00064_U045,2026-08-07 19:24:00,Clinic,Bills,1844.52,Card
U045,T00065_U045,2026-01-05 07:13:00,Uber,Food,1922.43,UPI
U045,T00066_U045,2026-01-10 12:06:00,Local Store,Entertainment,733.37,Card
U045,T00067_U045,2026-01-03 00:43:00,Uber,Bills,2116.2,UPI
U045,T00068_U045,2026-06-18 23:41:00,Clinic,Food,1292.67,Card
U045,T00069_U045,2026-03-29 16:00:00,Myntra,Bills,1048.76,UPI
U045,T00070_U045,2026-06-12 00:41:00,Local Store,Bills,2813.95,Card
U045,T00071_U045,2026-02-20 23:46:00,Myntra,Shopping,1082.32,Card
U045,T00072_U045,2026-03-23 22:15:00,Myntra,Healthcare,419.58,Wallet
U045,T00073_U045,2026-01-25 10:32:00,Flipkart,Bills,2461.85,Wallet
U045,T00074_U045,2026-08-16 20:19:00,Flipkart,Shopping,2310.96,UPI
U045,T00075_U045,2026-06-06 15:25:00,Spotify,Bills,499.0,UPI
U045,T00076_U045,2026-02-24 02:07:00,Myntra,Travel,2727.78,Wallet
U045,T00077_U045,2026-08-11 05:29:00,Myntra,Entertainment,1064.48,UPI
U045,T00078_U045,2026-02-12 14:17:00,Swiggy,Bills,2426.49,UPI
U045,T00079_U045,2026-05-11 11:51:00,Swiggy,Bills,1796.08,Wallet
U045,T00080_U045,2026-08-30 03:53:00,Local Store,Bills,845.65,UPI
U045,T00081_U045,2026-04-02 19:57:00,Flipkart,Shopping,3506.97,Card
U045,T00082_U045,2026-07-06 19:56:00,Myntra,Shopping,882.36,Wallet
U045,T00083_U045,2026-07-28 14:20:00,Clinic,Entertainment,3056.53,UPI
U045,T00084_U045,2026-02-24 21:12:00,Flipkart,Entertainment,143.97,Card
U045,T00085_U045,2026-06-19 14:26:00,Myntra,Shopping,2197.72,Wallet
U045,T00086_U045,2026-02-23 02:24:00,Netflix,Food,3633.05,UPI
U045,T00087_U045,2026-02-25 11:42:00,Amazon,Shopping,379.09,UPI
U045,T00088_U045,2026-07-14 22:33:00,Local Store,Bills,245.89,Wallet
U045,T00089_U045,2026-04-11 08:29:00,Amazon,Entertainment,411.77,Wallet
U045,T00090_U045,2026-09-22 18:39:00,Flipkart,Healthcare,116.88,Card
U045,T00091_U045,2026-05-24 12:57:00,Amazon,Food,1894.48,Wallet
U045,T00092_U045,2026-09-03 18:56:00,Myntra,Bills,2081.69,Card
U045,T00093_U045,2026-07-21 01:58:00,Flipkart,Shopping,1944.16,Wallet
U045,T00094_U045,2026-06-30 04:32:00,Local Store,Travel,2802.5,Card
U045,T00095_U045,2026-05-01 18:29:00,Flipkart,Entertainment,429.37,Wallet
U045,T00096_U045,2026-01-05 20:00:00,Flipkart,Entertainment,1843.76,Wallet
U045,T00097_U045,2026-06-02 08:20:00,Uber,Entertainment,3166.14,UPI
U045,T00098_U045,2026-01-23 14:25:00,Myntra,Bills,1885.16,UPI
U045,T00099_U045,2026-07-17 20:49:00,Uber,Travel,1670.06,Card
U046,T00000_U046,2026-08-20 11:36:00,Amazon Prime,Bills,299.0,Card
U046,T00001_U046,2026-09-21 06:58:00,Netflix,Bills,2391.53,Wallet
U046,T00002_U046,2026-01-28 14:51:00,Local Store,Bills,1833.75,Card
U046,T00003_U046,2026-09-17 07:59:00,Clinic,Healthcare,891.68,Wallet
U046,T00004_U046,2026-02-06 12:30:00,Uber,Bills,2490.39,UPI
U046,T00005_U046,2026-06-06 21:02:00,Flipkart,Entertainment,236.29,Card
U046,T00006_U046,2026-02-20 21:53:00,Clinic,Entertainment,2397.52,UPI
U046,T00007_U046,2026-04-09 10:42:00,Swiggy,Food,1280.63,Wallet
U046,T00008_U046,2026-04-22 12:37:00,Flipkart,Shopping,557.79,Wallet
U046,T00009_U046,2026-09-14 10:18:00,Flipkart,Food,2270.06,Card
U046,T00010_U046,2026-06-24 04:35:00,Swiggy,Travel,2321.97,UPI
U046,T00011_U046,2026-07-21 10:12:00,Flipkart,Shopping,670.94,Wallet
U046,T00012_U046,2026-06-19 03:18:00,Clinic,Bills,718.72,UPI
U046,T00013_U046,2026-04-07 04:08:00,Myntra,Shopping,1448.52,Wallet
U046,T00014_U046,2026-06-18 01:37:00,Myntra,Shopping,1144.79,UPI
U046,T00015_U046,2026-03-18 01:02:00,Amazon,Entertainment,1414.83,Card
U046,T00016_U046,2026-06-08 08:59:00,Uber,Travel,2018.37,Card
U046,T00017_U046,2026-02-26 05:06:00,Flipkart,Bills,2325.21,Wallet
U046,T00018_U046,2026-02-17 20:09:00,Swiggy,Entertainment,2122.57,Card
U046,T00019_U046,2026-01-16 14:47:00,Amazon,Entertainment,2274.7,UPI
U046,T00020_U046,2026-03-18 17:41:00,Myntra,Shopping,975.23,Card
U046,T00021_U046,2026-08-03 17:44:00,Flipkart,Travel,3335.26,Card
U046,T00022_U046,2026-07-09 10:51:00,Netflix,Travel,222.53,Card
U046,T00023_U046,2026-04-19 22:21:00,Swiggy,Entertainment,1299.33,Card
U046,T00024_U046,2026-06-09 06:14:00,Myntra,Healthcare,1271.58,UPI
U046,T00025_U046,2026-02-01 08:43:00,Spotify,Bills,999.0,Wallet
U046,T00026_U046,2026-07-13 23:42:00,Amazon,Shopping,3339.76,Wallet
U046,T00027_U046,2026-04-05 04:03:00,Clinic,Bills,1638.87,UPI
U046,T00028_U046,2026-08-23 19:02:00,Clinic,Entertainment,157.02,Wallet
U046,T00029_U046,2026-02-04 10:43:00,Myntra,Food,263.34,UPI
U046,T00030_U046,2026-05-10 09:39:00,Clinic,Food,1147.42,Card
U046,T00031_U046,2026-03-25 03:24:00,Amazon,Shopping,1758.13,Wallet
U046,T00032_U046,2026-04-29 18:47:00,Amazon,Healthcare,2489.67,Card
U046,T00033_U046,2026-03-17 03:00:00,Flipkart,Travel,185.22,UPI
U046,T00034_U046,2026-08-02 01:55:00,Myntra,Food,5566.18,Card
U046,T00035_U046,2026-05-24 05:29:00,Netflix,Food,786.57,Wallet
U046,T00036_U046,2026-06-15 15:47:00,Clinic,Bills,1994.29,Wallet
U046,T00037_U046,2026-03-16 01:25:00,Flipkart,Shopping,751.51,Wallet
U046,T00038_U046,2026-01-14 02:10:00,Swiggy,Entertainment,2899.97,Wallet
U046,T00039_U046,2026-08-03 11:32:00,Netflix,Bills,818.41,Card
U046,T00040_U046,2026-07-29 00:54:00,Local Store,Bills,5953.99,Card
U046,T00041_U046,2026-08-14 04:44:00,Uber,Healthcare,4139.56,UPI
U046,T00042_U046,2026-07-05 14:13:00,Clinic,Entertainment,2784.87,Wallet
U046,T00043_U046,2026-05-14 00:28:00,Uber,Food,1578.17,Card
U046,T00044_U046,2026-01-28 13:05:00,Myntra,Shopping,3158.7,UPI
U046,T00045_U046,2026-07-24 16:03:00,Myntra,Bills,1330.36,UPI
U046,T00046_U046,2026-07-25 21:46:00,Local Store,Food,717.18,Card
U046,T00047_U046,2026-01-14 00:21:00,Myntra,Shopping,407.48,UPI
U046,T00048_U046,2026-06-21 12:46:00,Local Store,Healthcare,1402.6,UPI
U046,T00049_U046,2026-04-14 02:44:00,Local Store,Healthcare,1812.57,Wallet
U046,T00050_U046,2026-07-08 20:04:00,Netflix,Bills,299.0,Card
U046,T00051_U046,2026-03-10 17:43:00,Flipkart,Travel,2459.16,Wallet
U046,T00052_U046,2026-05-19 02:53:00,Swiggy,Entertainment,461.97,Wallet
U046,T00053_U046,2026-05-14 17:01:00,Clinic,Bills,106.63,Wallet
U046,T00054_U046,2026-03-02 15:00:00,Local Store,Healthcare,2429.41,Card
U046,T00055_U046,2026-03-29 01:30:00,Amazon,Entertainment,3840.14,UPI
U046,T00056_U046,2026-05-26 07:14:00,Netflix,Entertainment,1856.82,Wallet
U046,T00057_U046,2026-07-14 14:44:00,Flipkart,Shopping,1089.48,UPI
U046,T00058_U046,2026-06-17 02:05:00,Swiggy,Food,318.48,UPI
U046,T00059_U046,2026-09-12 17:47:00,Swiggy,Travel,1843.63,UPI
U046,T00060_U046,2026-07-10 01:09:00,Uber,Travel,1769.22,Wallet
U046,T00061_U046,2026-04-28 22:43:00,Myntra,Bills,216.09,Wallet
U046,T00062_U046,2026-03-30 19:57:00,Netflix,Entertainment,4160.97,Card
U046,T00063_U046,2026-05-18 20:29:00,Netflix,Healthcare,1636.01,Wallet
U046,T00064_U046,2026-08-05 10:38:00,Clinic,Healthcare,2660.52,UPI
U046,T00065_U046,2026-06-27 04:24:00,Uber,Healthcare,2073.92,Card
U046,T00066_U046,2026-02-12 12:18:00,Netflix,Food,1968.54,UPI
U046,T00067_U046,2026-08-14 09:02:00,Netflix,Healthcare,323.0,UPI
U046,T00068_U046,2026-05-03 14:59:00,Flipkart,Bills,4000.35,Card
U046,T00069_U046,2026-08-18 12:34:00,Local Store,Food,1941.09,UPI
U046,T00070_U046,2026-06-13 10:31:00,Clinic,Food,822.83,Wallet
U046,T00071_U046,2026-01-24 11:33:00,Local Store,Travel,1338.91,UPI
U046,T00072_U046,2026-05-21 08:37:00,Swiggy,Bills,1337.22,UPI
U046,T00073_U046,2026-06-22 16:25:00,Flipkart,Shopping,1862.73,Card
U046,T00074_U046,2026-08-16 08:16:00,Swiggy,Travel,1455.85,Wallet
U046,T00075_U046,2026-08-12 06:11:00,Amazon Prime,Bills,299.0,Card
U046,T00076_U046,2026-02-25 03:57:00,Amazon,Food,2005.39,Wallet
U046,T00077_U046,2026-09-23 11:51:00,Amazon,Healthcare,2409.18,Card
U046,T00078_U046,2026-07-30 21:27:00,Netflix,Bills,2840.62,UPI
U046,T00079_U046,2026-05-05 11:52:00,Local Store,Bills,663.12,UPI
U046,T00080_U046,2026-08-21 23:44:00,Amazon,Shopping,2991.11,UPI
U046,T00081_U046,2026-03-21 04:42:00,Uber,Entertainment,722.29,Card
U046,T00082_U046,2026-03-10 00:21:00,Uber,Travel,1715.21,Wallet
U046,T00083_U046,2026-09-22 15:58:00,Amazon,Bills,1823.83,UPI
U046,T00084_U046,2026-02-02 09:30:00,Uber,Healthcare,2547.74,Card
U046,T00085_U046,2026-06-06 12:00:00,Myntra,Travel,1501.3,Card
U046,T00086_U046,2026-02-23 15:46:00,Uber,Bills,1737.26,UPI
U046,T00087_U046,2026-02-11 08:27:00,Clinic,Food,539.59,Card
U046,T00088_U046,2026-01-25 08:22:00,Myntra,Shopping,1117.18,Wallet
U046,T00089_U046,2026-09-15 16:41:00,Clinic,Bills,1515.23,Wallet
U046,T00090_U046,2026-09-26 14:30:00,Uber,Travel,769.07,Wallet
U046,T00091_U046,2026-05-13 14:48:00,Amazon,Travel,665.44,UPI
U046,T00092_U046,2026-03-01 19:59:00,Amazon,Shopping,2100.36,Wallet
U046,T00093_U046,2026-06-18 19:27:00,Amazon,Shopping,898.89,Wallet
U046,T00094_U046,2026-04-17 08:24:00,Myntra,Shopping,366.11,Wallet
U046,T00095_U046,2026-05-27 09:30:00,Flipkart,Bills,1112.64,Wallet
U046,T00096_U046,2026-06-28 13:07:00,Netflix,Food,1995.62,UPI
U046,T00097_U046,2026-03-09 22:58:00,Myntra,Shopping,2418.61,UPI
U046,T00098_U046,2026-08-03 10:39:00,Swiggy,Travel,4302.53,UPI
U046,T00099_U046,2026-07-13 01:08:00,Myntra,Healthcare,2059.01,UPI
U047,T00000_U047,2026-05-08 01:13:00,Gym,Bills,199.0,Wallet
U047,T00001_U047,2026-07-31 20:41:00,Myntra,Shopping,1548.2,Card
U047,T00002_U047,2026-04-07 02:51:00,Myntra,Food,1996.5,Wallet
U047,T00003_U047,2026-01-08 15:34:00,Amazon,Shopping,1395.01,Card
U047,T00004_U047,2026-08-02 02:20:00,Uber,Healthcare,2345.74,Card
U047,T00005_U047,2026-07-12 07:22:00,Netflix,Entertainment,1800.76,Card
U047,T00006_U047,2026-02-10 16:59:00,Myntra,Food,1608.35,Wallet
U047,T00007_U047,2026-09-25 05:21:00,Flipkart,Shopping,2351.54,Wallet
U047,T00008_U047,2026-07-15 13:37:00,Netflix,Food,2102.03,Wallet
U047,T00009_U047,2026-05-20 12:37:00,Uber,Healthcare,521.45,Wallet
U047,T00010_U047,2026-03-22 22:53:00,Uber,Bills,1177.62,UPI
U047,T00011_U047,2026-06-18 04:02:00,Amazon,Shopping,2882.17,Wallet
U047,T00012_U047,2026-08-24 02:50:00,Myntra,Healthcare,730.63,UPI
U047,T00013_U047,2026-04-17 13:24:00,Local Store,Bills,2452.39,UPI
U047,T00014_U047,2026-08-15 23:30:00,Local Store,Bills,751.8,Wallet
U047,T00015_U047,2026-06-23 05:30:00,Amazon,Shopping,1873.07,Wallet
U047,T00016_U047,2026-05-05 04:00:00,Clinic,Bills,2094.3,UPI
U047,T00017_U047,2026-01-04 13:11:00,Flipkart,Healthcare,2934.76,Wallet
U047,T00018_U047,2026-06-27 20:45:00,Clinic,Travel,682.52,Card
U047,T00019_U047,2026-03-30 06:41:00,Amazon,Shopping,2301.14,UPI
U047,T00020_U047,2026-05-11 10:13:00,Netflix,Travel,1793.73,Card
U047,T00021_U047,2026-04-22 01:08:00,Flipkart,Entertainment,2962.95,UPI
U047,T00022_U047,2026-03-29 17:22:00,Swiggy,Entertainment,1129.94,Card
U047,T00023_U047,2026-01-22 23:09:00,Netflix,Travel,1580.6,Wallet
U047,T00024_U047,2026-04-25 18:50:00,Clinic,Entertainment,1658.17,Card
U047,T00025_U047,2026-02-23 03:26:00,Amazon Prime,Bills,999.0,Wallet
U047,T00026_U047,2026-08-24 07:33:00,Netflix,Entertainment,1012.27,UPI
U047,T00027_U047,2026-06-02 08:32:00,Uber,Healthcare,2921.12,Wallet
U047,T00028_U047,2026-04-27 06:11:00,Myntra,Healthcare,1596.64,UPI
U047,T00029_U047,2026-03-25 09:34:00,Netflix,Bills,945.4,Card
U047,T00030_U047,2026-08-13 00:00:00,Local Store,Healthcare,2837.47,Wallet
U047,T00031_U047,2026-05-15 10:37:00,Uber,Bills,2401.33,Card
U047,T00032_U047,2026-05-21 01:31:00,Swiggy,Entertainment,2466.68,UPI
U047,T00033_U047,2026-01-31 02:08:00,Swiggy,Healthcare,1892.31,UPI
U047,T00034_U047,2026-03-02 07:46:00,Clinic,Bills,575.97,UPI
U047,T00035_U047,2026-04-25 07:22:00,Swiggy,Entertainment,869.12,Wallet
U047,T00036_U047,2026-02-08 01:34:00,Swiggy,Healthcare,3216.8,UPI
U047,T00037_U047,2026-04-16 14:17:00,Amazon,Shopping,1068.88,UPI
U047,T00038_U047,2026-08-19 15:10:00,Clinic,Bills,270.11,Card
U047,T00039_U047,2026-07-15 11:38:00,Netflix,Entertainment,1210.43,Wallet
U047,T00040_U047,2026-06-01 11:31:00,Netflix,Travel,2346.58,Card
U047,T00041_U047,2026-01-14 10:20:00,Flipkart,Healthcare,1751.99,Card
U047,T00042_U047,2026-03-10 18:45:00,Amazon,Healthcare,1163.47,Card
U047,T00043_U047,2026-09-21 11:56:00,Amazon,Travel,1441.96,Wallet
U047,T00044_U047,2026-06-26 05:44:00,Myntra,Travel,1873.76,Wallet
U047,T00045_U047,2026-07-07 04:51:00,Clinic,Food,3687.13,Wallet
U047,T00046_U047,2026-09-14 05:49:00,Local Store,Food,1660.27,UPI
U047,T00047_U047,2026-02-04 19:40:00,Myntra,Healthcare,600.92,Card
U047,T00048_U047,2026-09-09 09:45:00,Netflix,Travel,457.45,UPI
U047,T00049_U047,2026-01-21 21:08:00,Local Store,Entertainment,1936.08,Card
U047,T00050_U047,2026-08-26 06:01:00,Netflix,Bills,299.0,Wallet
U047,T00051_U047,2026-07-05 21:54:00,Amazon,Shopping,2338.18,Wallet
U047,T00052_U047,2026-05-26 09:00:00,Myntra,Healthcare,1498.6,Card
U047,T00053_U047,2026-04-30 09:41:00,Uber,Food,581.86,UPI
U047,T00054_U047,2026-01-20 11:45:00,Myntra,Healthcare,948.6,Wallet
U047,T00055_U047,2026-06-12 18:36:00,Swiggy,Food,777.55,Card
U047,T00056_U047,2026-05-10 02:08:00,Flipkart,Healthcare,3013.52,Card
U047,T00057_U047,2026-01-05 02:35:00,Amazon,Bills,5425.27,Card
U047,T00058_U047,2026-04-30 08:51:00,Netflix,Bills,1681.95,Wallet
U047,T00059_U047,2026-08-10 22:11:00,Local Store,Entertainment,1412.48,UPI
U047,T00060_U047,2026-04-06 15:15:00,Myntra,Travel,378.34,UPI
U047,T00061_U047,2026-03-19 00:49:00,Flipkart,Shopping,3540.0,UPI
U047,T00062_U047,2026-04-25 01:05:00,Uber,Travel,1754.33,Wallet
U047,T00063_U047,2026-01-26 17:34:00,Amazon,Healthcare,1488.15,Wallet
U047,T00064_U047,2026-07-31 09:51:00,Myntra,Travel,1026.15,UPI
U047,T00065_U047,2026-01-19 16:09:00,Flipkart,Food,561.26,Card
U047,T00066_U047,2026-04-16 03:28:00,Flipkart,Shopping,3304.48,Card
U047,T00067_U047,2026-09-08 01:19:00,Amazon,Healthcare,2651.99,Wallet
U047,T00068_U047,2026-04-22 22:35:00,Amazon,Bills,1584.11,Wallet
U047,T00069_U047,2026-09-03 09:02:00,Swiggy,Travel,655.69,UPI
U047,T00070_U047,2026-01-12 07:17:00,Netflix,Travel,1131.66,Card
U047,T00071_U047,2026-02-09 08:57:00,Clinic,Bills,1947.87,Card
U047,T00072_U047,2026-01-30 22:31:00,Netflix,Entertainment,2516.9,Wallet
U047,T00073_U047,2026-08-24 04:14:00,Local Store,Food,2385.58,Card
U047,T00074_U047,2026-01-14 06:42:00,Amazon,Entertainment,322.77,Wallet
U047,T00075_U047,2026-01-29 10:49:00,Spotify,Bills,999.0,UPI
U047,T00076_U047,2026-01-31 13:25:00,Swiggy,Entertainment,222.44,Card
U047,T00077_U047,2026-07-26 19:55:00,Local Store,Entertainment,1747.41,UPI
U047,T00078_U047,2026-03-12 07:13:00,Clinic,Healthcare,242.24,Card
U047,T00079_U047,2026-02-25 23:43:00,Swiggy,Travel,2974.71,UPI
U047,T00080_U047,2026-05-21 20:03:00,Local Store,Bills,574.96,UPI
U047,T00081_U047,2026-04-21 09:13:00,Local Store,Food,910.35,Wallet
U047,T00082_U047,2026-09-09 09:18:00,Flipkart,Healthcare,1595.32,Wallet
U047,T00083_U047,2026-03-29 07:29:00,Swiggy,Travel,3376.35,UPI
U047,T00084_U047,2026-09-26 10:58:00,Myntra,Bills,1746.15,Wallet
U047,T00085_U047,2026-06-22 23:17:00,Netflix,Travel,2943.99,Wallet
U047,T00086_U047,2026-02-28 18:26:00,Flipkart,Food,3726.02,UPI
U047,T00087_U047,2026-05-01 13:31:00,Flipkart,Bills,2251.16,Card
U047,T00088_U047,2026-04-09 04:15:00,Swiggy,Bills,282.54,Card
U047,T00089_U047,2026-05-11 14:23:00,Uber,Bills,1091.91,Card
U047,T00090_U047,2026-09-22 13:47:00,Uber,Entertainment,335.84,UPI
U047,T00091_U047,2026-09-09 02:08:00,Local Store,Food,919.07,Card
U047,T00092_U047,2026-03-28 18:28:00,Local Store,Entertainment,266.92,Wallet
U047,T00093_U047,2026-06-04 00:32:00,Amazon,Food,4459.07,Card
U047,T00094_U047,2026-08-13 05:34:00,Uber,Food,1807.21,Wallet
U047,T00095_U047,2026-07-14 02:04:00,Local Store,Entertainment,504.68,UPI
U047,T00096_U047,2026-04-12 12:04:00,Myntra,Food,1059.2,Wallet
U047,T00097_U047,2026-01-12 10:21:00,Uber,Travel,1009.8,Card
U047,T00098_U047,2026-05-13 05:47:00,Flipkart,Entertainment,1011.46,Card
U047,T00099_U047,2026-04-29 15:28:00,Uber,Food,2767.3,Wallet
U048,T00000_U048,2026-05-20 20:43:00,Amazon Prime,Bills,999.0,Card
U048,T00001_U048,2026-01-15 00:14:00,Amazon,Food,570.44,Wallet
U048,T00002_U048,2026-03-12 04:31:00,Flipkart,Shopping,3306.2,Card
U048,T00003_U048,2026-05-17 21:08:00,Amazon,Healthcare,1663.92,Wallet
U048,T00004_U048,2026-08-16 23:55:00,Myntra,Shopping,2543.16,Wallet
U048,T00005_U048,2026-01-29 18:20:00,Clinic,Healthcare,277.63,UPI
U048,T00006_U048,2026-05-13 00:49:00,Amazon,Healthcare,1874.41,Card
U048,T00007_U048,2026-01-17 17:07:00,Flipkart,Food,1088.47,Wallet
U048,T00008_U048,2026-05-13 00:15:00,Uber,Travel,1785.09,Wallet
U048,T00009_U048,2026-08-31 14:02:00,Local Store,Food,817.9,Wallet
U048,T00010_U048,2026-06-19 22:42:00,Netflix,Bills,2203.05,UPI
U048,T00011_U048,2026-06-06 05:38:00,Uber,Travel,784.2,Wallet
U048,T00012_U048,2026-07-18 13:36:00,Uber,Travel,431.65,UPI
U048,T00013_U048,2026-09-01 22:44:00,Local Store,Travel,608.91,Wallet
U048,T00014_U048,2026-01-04 00:07:00,Amazon,Entertainment,3326.3,Card
U048,T00015_U048,2026-05-26 22:48:00,Myntra,Travel,662.16,Wallet
U048,T00016_U048,2026-03-02 13:45:00,Flipkart,Shopping,3192.91,Wallet
U048,T00017_U048,2026-09-07 22:05:00,Swiggy,Healthcare,227.25,Card
U048,T00018_U048,2026-01-07 14:35:00,Myntra,Food,1739.41,Wallet
U048,T00019_U048,2026-05-26 20:41:00,Clinic,Travel,1072.09,UPI
U048,T00020_U048,2026-05-03 01:54:00,Uber,Travel,3201.34,Card
U048,T00021_U048,2026-03-30 20:45:00,Flipkart,Healthcare,1261.54,UPI
U048,T00022_U048,2026-04-14 20:13:00,Myntra,Entertainment,1718.81,Card
U048,T00023_U048,2026-07-03 12:42:00,Amazon,Entertainment,2084.49,UPI
U048,T00024_U048,2026-08-01 10:24:00,Clinic,Travel,3757.58,UPI
U048,T00025_U048,2026-06-24 16:35:00,Netflix,Bills,499.0,UPI
U048,T00026_U048,2026-01-02 15:46:00,Amazon,Bills,580.15,UPI
U048,T00027_U048,2026-06-03 12:16:00,Local Store,Travel,2290.53,UPI
U048,T00028_U048,2026-09-16 07:03:00,Clinic,Bills,971.78,Card
U048,T00029_U048,2026-03-30 23:49:00,Clinic,Travel,1787.38,Wallet
U048,T00030_U048,2026-06-22 22:11:00,Flipkart,Shopping,2499.97,Card
U048,T00031_U048,2026-05-30 17:43:00,Clinic,Healthcare,1494.72,Wallet
U048,T00032_U048,2026-03-03 20:09:00,Flipkart,Travel,1000.18,UPI
U048,T00033_U048,2026-02-14 20:46:00,Swiggy,Bills,1421.44,UPI
U048,T00034_U048,2026-03-26 12:30:00,Swiggy,Bills,1574.81,Wallet
U048,T00035_U048,2026-07-27 13:46:00,Myntra,Food,1398.74,Card
U048,T00036_U048,2026-04-15 17:13:00,Netflix,Bills,1202.5,Card
U048,T00037_U048,2026-06-07 12:48:00,Myntra,Healthcare,2440.22,Wallet
U048,T00038_U048,2026-01-01 00:12:00,Clinic,Healthcare,336.88,UPI
U048,T00039_U048,2026-08-17 01:51:00,Flipkart,Shopping,1540.66,Wallet
U048,T00040_U048,2026-08-02 22:45:00,Flipkart,Entertainment,790.1,Wallet
U048,T00041_U048,2026-01-18 18:56:00,Flipkart,Bills,755.11,Card
U048,T00042_U048,2026-03-21 21:44:00,Local Store,Healthcare,1280.1,Card
U048,T00043_U048,2026-08-14 13:59:00,Myntra,Healthcare,1577.66,Card
U048,T00044_U048,2026-01-31 15:51:00,Uber,Travel,3106.2,Card
U048,T00045_U048,2026-03-10 13:30:00,Netflix,Entertainment,1724.76,UPI
U048,T00046_U048,2026-09-19 05:32:00,Clinic,Food,2495.05,Card
U048,T00047_U048,2026-09-13 15:36:00,Swiggy,Travel,2161.85,UPI
U048,T00048_U048,2026-04-10 09:21:00,Myntra,Shopping,246.42,UPI
U048,T00049_U048,2026-07-23 19:14:00,Flipkart,Food,400.02,Wallet
U048,T00050_U048,2026-07-19 21:57:00,Amazon Prime,Bills,999.0,UPI
U048,T00051_U048,2026-05-04 00:39:00,Swiggy,Healthcare,6438.51,Card
U048,T00052_U048,2026-01-21 23:24:00,Amazon,Shopping,449.38,Wallet
U048,T00053_U048,2026-03-18 08:29:00,Clinic,Entertainment,983.43,UPI
U048,T00054_U048,2026-06-25 22:35:00,Flipkart,Shopping,1924.14,Wallet
U048,T00055_U048,2026-01-13 01:46:00,Flipkart,Travel,1849.37,Card
U048,T00056_U048,2026-04-17 06:08:00,Local Store,Entertainment,653.32,Card
U048,T00057_U048,2026-03-08 04:34:00,Local Store,Travel,850.28,Wallet
U048,T00058_U048,2026-04-29 14:08:00,Flipkart,Shopping,2317.58,UPI
U048,T00059_U048,2026-02-22 01:14:00,Flipkart,Shopping,3354.02,UPI
U048,T00060_U048,2026-01-04 17:44:00,Uber,Bills,604.06,UPI
U048,T00061_U048,2026-04-15 23:28:00,Uber,Food,725.15,UPI
U048,T00062_U048,2026-03-05 20:40:00,Flipkart,Bills,2061.47,Wallet
U048,T00063_U048,2026-02-12 04:23:00,Clinic,Healthcare,3442.46,UPI
U048,T00064_U048,2026-05-18 14:14:00,Amazon,Entertainment,1521.86,Wallet
U048,T00065_U048,2026-07-10 21:43:00,Clinic,Food,2378.75,Wallet
U048,T00066_U048,2026-07-17 17:01:00,Local Store,Healthcare,809.9,Wallet
U048,T00067_U048,2026-07-02 09:19:00,Myntra,Healthcare,525.32,Wallet
U048,T00068_U048,2026-04-24 14:39:00,Myntra,Healthcare,1144.18,UPI
U048,T00069_U048,2026-06-15 06:45:00,Flipkart,Shopping,575.73,Card
U048,T00070_U048,2026-09-25 16:23:00,Flipkart,Bills,731.38,UPI
U048,T00071_U048,2026-09-27 17:13:00,Swiggy,Healthcare,630.28,Card
U048,T00072_U048,2026-08-28 21:43:00,Flipkart,Bills,2182.75,Card
U048,T00073_U048,2026-01-12 07:10:00,Netflix,Food,1918.15,Wallet
U048,T00074_U048,2026-08-04 11:51:00,Amazon,Travel,3090.4,UPI
U048,T00075_U048,2026-06-19 00:25:00,Gym,Bills,199.0,Card
U048,T00076_U048,2026-08-23 07:19:00,Local Store,Entertainment,1230.47,Card
U048,T00077_U048,2026-08-08 07:09:00,Netflix,Bills,1837.98,UPI
U048,T00078_U048,2026-01-01 07:33:00,Myntra,Travel,1593.02,Card
U048,T00079_U048,2026-03-28 04:06:00,Netflix,Travel,3847.48,Card
U048,T00080_U048,2026-06-01 06:36:00,Local Store,Healthcare,1088.62,Wallet
U048,T00081_U048,2026-06-22 19:18:00,Flipkart,Food,1435.2,Card
U048,T00082_U048,2026-06-14 23:18:00,Netflix,Entertainment,1790.75,Card
U048,T00083_U048,2026-04-12 02:30:00,Clinic,Food,706.71,Wallet
U048,T00084_U048,2026-02-16 00:42:00,Myntra,Shopping,3218.62,UPI
U048,T00085_U048,2026-03-27 11:47:00,Clinic,Entertainment,591.73,Wallet
U048,T00086_U048,2026-04-06 05:46:00,Myntra,Shopping,2303.5,Card
U048,T00087_U048,2026-04-20 19:04:00,Local Store,Entertainment,112.21,UPI
U048,T00088_U048,2026-03-05 01:38:00,Uber,Food,3510.54,Wallet
U048,T00089_U048,2026-01-12 23:28:00,Myntra,Shopping,1433.79,Wallet
U048,T00090_U048,2026-04-12 21:30:00,Netflix,Bills,1573.69,Wallet
U048,T00091_U048,2026-05-24 02:30:00,Swiggy,Entertainment,3045.35,UPI
U048,T00092_U048,2026-04-12 15:06:00,Uber,Entertainment,2296.7,Wallet
U048,T00093_U048,2026-07-07 20:35:00,Swiggy,Food,785.35,Card
U048,T00094_U048,2026-05-07 22:17:00,Local Store,Entertainment,2407.28,Card
U048,T00095_U048,2026-05-11 15:50:00,Flipkart,Shopping,1394.95,UPI
U048,T00096_U048,2026-06-16 04:32:00,Swiggy,Bills,2308.24,Card
U048,T00097_U048,2026-02-14 17:12:00,Uber,Entertainment,1876.36,Card
U048,T00098_U048,2026-02-16 18:33:00,Flipkart,Bills,2443.99,Card
U048,T00099_U048,2026-05-06 08:22:00,Local Store,Food,1319.47,Wallet
U049,T00000_U049,2026-04-20 16:02:00,Netflix,Bills,299.0,UPI
U049,T00001_U049,2026-01-24 16:55:00,Local Store,Bills,773.01,Wallet
U049,T00002_U049,2026-03-26 08:59:00,Amazon,Shopping,1958.87,Card
U049,T00003_U049,2026-05-09 16:25:00,Netflix,Bills,524.33,UPI
U049,T00004_U049,2026-04-06 03:43:00,Local Store,Travel,224.17,Card
U049,T00005_U049,2026-02-02 00:33:00,Swiggy,Bills,1591.9,Card
U049,T00006_U049,2026-07-15 13:00:00,Swiggy,Travel,608.65,Card
U049,T00007_U049,2026-05-13 14:17:00,Local Store,Entertainment,1863.17,Wallet
U049,T00008_U049,2026-03-04 21:47:00,Local Store,Food,395.27,Card
U049,T00009_U049,2026-01-23 07:46:00,Local Store,Bills,1777.01,Card
U049,T00010_U049,2026-07-29 22:32:00,Amazon,Healthcare,3137.93,UPI
U049,T00011_U049,2026-01-22 09:07:00,Flipkart,Travel,615.66,Card
U049,T00012_U049,2026-03-09 17:26:00,Local Store,Healthcare,103.05,UPI
U049,T00013_U049,2026-09-21 10:20:00,Swiggy,Healthcare,1939.41,UPI
U049,T00014_U049,2026-03-27 18:21:00,Flipkart,Entertainment,1995.56,UPI
U049,T00015_U049,2026-02-24 00:04:00,Amazon,Shopping,3476.02,Wallet
U049,T00016_U049,2026-02-17 11:35:00,Local Store,Food,1894.42,Wallet
U049,T00017_U049,2026-02-16 19:18:00,Amazon,Bills,555.26,Card
U049,T00018_U049,2026-07-11 01:56:00,Netflix,Travel,454.85,Wallet
U049,T00019_U049,2026-04-24 18:26:00,Clinic,Bills,295.56,Card
U049,T00020_U049,2026-09-10 02:30:00,Swiggy,Food,2505.91,UPI
U049,T00021_U049,2026-04-15 22:10:00,Netflix,Bills,141.45,Wallet
U049,T00022_U049,2026-02-21 19:27:00,Myntra,Food,2410.81,UPI
U049,T00023_U049,2026-04-17 04:04:00,Amazon,Shopping,1801.4,UPI
U049,T00024_U049,2026-05-16 01:42:00,Flipkart,Food,1962.29,Card
U049,T00025_U049,2026-09-11 11:33:00,Gym,Bills,499.0,Wallet
U049,T00026_U049,2026-01-04 12:25:00,Amazon,Food,3368.64,UPI
U049,T00027_U049,2026-08-01 23:08:00,Swiggy,Healthcare,5762.5,Wallet
U049,T00028_U049,2026-07-09 02:27:00,Clinic,Travel,2090.71,UPI
U049,T00029_U049,2026-08-09 01:53:00,Amazon,Healthcare,2422.79,Wallet
U049,T00030_U049,2026-03-09 21:45:00,Flipkart,Healthcare,2199.52,Wallet
U049,T00031_U049,2026-04-24 06:03:00,Flipkart,Shopping,957.23,Wallet
U049,T00032_U049,2026-09-11 18:46:00,Amazon,Shopping,1130.06,UPI
U049,T00033_U049,2026-02-28 09:52:00,Netflix,Healthcare,2531.85,Wallet
U049,T00034_U049,2026-09-16 22:38:00,Swiggy,Food,2215.54,Wallet
U049,T00035_U049,2026-07-18 20:06:00,Local Store,Bills,2164.43,UPI
U049,T00036_U049,2026-05-28 11:01:00,Myntra,Travel,411.86,UPI
U049,T00037_U049,2026-04-22 13:00:00,Amazon,Bills,1071.88,Card
U049,T00038_U049,2026-02-22 22:56:00,Swiggy,Bills,707.61,Wallet
U049,T00039_U049,2026-07-28 01:56:00,Amazon,Bills,3298.91,UPI
U049,T00040_U049,2026-05-01 08:27:00,Netflix,Bills,1210.98,Card
U049,T00041_U049,2026-01-16 12:00:00,Netflix,Bills,2088.72,Wallet
U049,T00042_U049,2026-01-18 13:52:00,Myntra,Shopping,729.46,Card
U049,T00043_U049,2026-04-23 21:39:00,Netflix,Healthcare,1471.6,UPI
U049,T00044_U049,2026-09-07 08:09:00,Uber,Bills,287.62,UPI
U049,T00045_U049,2026-01-09 09:39:00,Clinic,Travel,2331.79,Wallet
U049,T00046_U049,2026-08-15 13:11:00,Flipkart,Travel,1718.76,Wallet
U049,T00047_U049,2026-05-28 14:25:00,Amazon,Entertainment,4073.2,UPI
U049,T00048_U049,2026-01-23 03:25:00,Clinic,Travel,774.47,Card
U049,T00049_U049,2026-03-05 15:18:00,Local Store,Healthcare,3256.4,UPI
U049,T00050_U049,2026-03-10 21:24:00,Netflix,Bills,999.0,Card
U049,T00051_U049,2026-03-12 23:34:00,Local Store,Entertainment,146.58,Wallet
U049,T00052_U049,2026-09-25 04:17:00,Local Store,Entertainment,1425.96,Card
U049,T00053_U049,2026-07-09 12:10:00,Clinic,Entertainment,2071.65,Card
U049,T00054_U049,2026-01-23 05:04:00,Clinic,Travel,2384.43,UPI
U049,T00055_U049,2026-02-14 22:09:00,Myntra,Travel,756.44,UPI
U049,T00056_U049,2026-06-24 04:21:00,Local Store,Healthcare,2305.22,Card
U049,T00057_U049,2026-09-25 19:19:00,Local Store,Bills,2208.57,Card
U049,T00058_U049,2026-04-03 03:23:00,Netflix,Food,3188.42,Wallet
U049,T00059_U049,2026-04-27 10:12:00,Flipkart,Food,1825.58,Wallet
U049,T00060_U049,2026-05-20 11:58:00,Swiggy,Entertainment,890.53,Wallet
U049,T00061_U049,2026-04-28 09:42:00,Flipkart,Shopping,816.56,UPI
U049,T00062_U049,2026-01-04 19:05:00,Amazon,Shopping,4394.81,Wallet
U049,T00063_U049,2026-02-25 08:58:00,Amazon,Healthcare,774.49,UPI
U049,T00064_U049,2026-09-06 16:14:00,Flipkart,Travel,1734.19,Wallet
U049,T00065_U049,2026-08-27 15:37:00,Myntra,Bills,1754.02,Card
U049,T00066_U049,2026-01-24 04:06:00,Local Store,Food,2807.22,UPI
U049,T00067_U049,2026-04-22 15:39:00,Amazon,Bills,1305.4,Wallet
U049,T00068_U049,2026-01-08 01:51:00,Local Store,Healthcare,607.97,Card
U049,T00069_U049,2026-06-26 14:33:00,Local Store,Bills,2045.84,Wallet
U049,T00070_U049,2026-06-20 11:32:00,Clinic,Entertainment,2433.77,Card
U049,T00071_U049,2026-03-07 13:13:00,Uber,Healthcare,1305.44,Wallet
U049,T00072_U049,2026-03-15 06:47:00,Myntra,Entertainment,854.96,Card
U049,T00073_U049,2026-04-06 04:40:00,Flipkart,Travel,1014.98,Card
U049,T00074_U049,2026-09-27 21:35:00,Amazon,Shopping,894.68,Card
U049,T00075_U049,2026-06-22 11:14:00,Gym,Bills,299.0,UPI
U049,T00076_U049,2026-05-15 14:25:00,Local Store,Entertainment,1011.26,Card
U049,T00077_U049,2026-01-23 17:08:00,Clinic,Bills,818.15,Wallet
U049,T00078_U049,2026-09-14 14:05:00,Myntra,Healthcare,233.48,Card
U049,T00079_U049,2026-06-10 06:04:00,Flipkart,Healthcare,1820.28,Card
U049,T00080_U049,2026-07-04 19:12:00,Netflix,Food,3473.32,Card
U049,T00081_U049,2026-03-07 03:42:00,Swiggy,Healthcare,1638.6,UPI
U049,T00082_U049,2026-05-12 08:14:00,Amazon,Food,136.54,Card
U049,T00083_U049,2026-02-11 08:59:00,Netflix,Travel,441.61,Wallet
U049,T00084_U049,2026-07-15 09:22:00,Clinic,Healthcare,848.53,UPI
U049,T00085_U049,2026-04-20 02:38:00,Clinic,Bills,393.72,Card
U049,T00086_U049,2026-04-27 07:52:00,Myntra,Shopping,1985.18,UPI
U049,T00087_U049,2026-08-10 19:29:00,Amazon,Food,160.36,UPI
U049,T00088_U049,2026-04-16 20:19:00,Flipkart,Shopping,823.67,Card
U049,T00089_U049,2026-07-06 23:45:00,Netflix,Bills,3288.51,Wallet
U049,T00090_U049,2026-02-05 23:33:00,Amazon,Bills,4613.4,Wallet
U049,T00091_U049,2026-03-08 03:23:00,Myntra,Bills,1659.53,Card
U049,T00092_U049,2026-08-12 07:32:00,Flipkart,Shopping,2267.25,UPI
U049,T00093_U049,2026-04-18 06:07:00,Flipkart,Shopping,546.92,Card
U049,T00094_U049,2026-05-16 17:02:00,Swiggy,Entertainment,795.61,UPI
U049,T00095_U049,2026-03-02 09:46:00,Flipkart,Healthcare,3312.16,Card
U049,T00096_U049,2026-08-24 15:46:00,Uber,Entertainment,115.31,UPI
U049,T00097_U049,2026-04-24 12:24:00,Netflix,Entertainment,1065.32,UPI
U049,T00098_U049,2026-08-19 12:45:00,Flipkart,Shopping,2151.54,UPI
U049,T00099_U049,2026-03-03 05:50:00,Myntra,Healthcare,727.04,UPI
U050,T00000_U050,2026-09-15 13:55:00,Amazon Prime,Bills,999.0,UPI
U050,T00001_U050,2026-08-07 08:45:00,Amazon,Shopping,574.15,Card
U050,T00002_U050,2026-07-04 20:37:00,Myntra,Entertainment,2076.88,Card
U050,T00003_U050,2026-07-25 21:25:00,Uber,Food,1403.39,UPI
U050,T00004_U050,2026-02-18 05:12:00,Uber,Travel,593.4,Card
U050,T00005_U050,2026-09-24 23:17:00,Amazon,Bills,541.78,Card
U050,T00006_U050,2026-08-10 11:06:00,Amazon,Shopping,535.16,Card
U050,T00007_U050,2026-05-01 14:35:00,Amazon,Healthcare,2184.94,Card
U050,T00008_U050,2026-04-26 12:16:00,Amazon,Healthcare,299.59,Card
U050,T00009_U050,2026-06-23 18:22:00,Netflix,Travel,1474.52,Card
U050,T00010_U050,2026-03-27 02:39:00,Amazon,Shopping,1828.9,UPI
U050,T00011_U050,2026-07-29 06:58:00,Local Store,Healthcare,1449.47,Card
U050,T00012_U050,2026-07-24 14:27:00,Clinic,Bills,1242.98,Card
U050,T00013_U050,2026-04-18 11:50:00,Local Store,Bills,272.57,Card
U050,T00014_U050,2026-02-15 15:16:00,Amazon,Bills,1503.58,UPI
U050,T00015_U050,2026-01-13 17:41:00,Uber,Bills,529.97,Card
U050,T00016_U050,2026-03-08 06:12:00,Swiggy,Bills,1730.98,Card
U050,T00017_U050,2026-07-27 03:23:00,Swiggy,Food,376.78,Wallet
U050,T00018_U050,2026-02-24 10:19:00,Swiggy,Bills,838.76,UPI
U050,T00019_U050,2026-04-12 13:16:00,Myntra,Entertainment,1919.54,Card
U050,T00020_U050,2026-01-07 02:00:00,Local Store,Healthcare,584.66,Card
U050,T00021_U050,2026-08-24 22:38:00,Uber,Food,2114.19,Wallet
U050,T00022_U050,2026-02-15 10:57:00,Flipkart,Entertainment,1372.76,UPI
U050,T00023_U050,2026-07-15 14:39:00,Local Store,Bills,1208.3,UPI
U050,T00024_U050,2026-07-18 14:11:00,Local Store,Food,383.61,UPI
U050,T00025_U050,2026-04-10 14:11:00,Spotify,Bills,199.0,Card
U050,T00026_U050,2026-09-18 12:36:00,Clinic,Bills,2454.2,Card
U050,T00027_U050,2026-07-05 19:30:00,Netflix,Food,1690.79,Wallet
U050,T00028_U050,2026-04-11 05:49:00,Clinic,Entertainment,117.07,UPI
U050,T00029_U050,2026-06-21 09:43:00,Amazon,Bills,2100.49,Card
U050,T00030_U050,2026-09-13 06:40:00,Flipkart,Shopping,111.05,Card
U050,T00031_U050,2026-09-18 10:26:00,Local Store,Bills,1910.38,UPI
U050,T00032_U050,2026-09-26 10:43:00,Clinic,Bills,581.12,Card
U050,T00033_U050,2026-09-14 12:30:00,Uber,Bills,2090.27,Wallet
U050,T00034_U050,2026-04-10 13:17:00,Clinic,Travel,222.54,Card
U050,T00035_U050,2026-04-13 04:31:00,Clinic,Entertainment,2886.8,Card
U050,T00036_U050,2026-07-21 08:47:00,Clinic,Travel,1673.97,Card
U050,T00037_U050,2026-07-17 19:16:00,Uber,Bills,2433.87,Wallet
U050,T00038_U050,2026-02-10 11:22:00,Flipkart,Healthcare,760.18,Card
U050,T00039_U050,2026-05-10 10:41:00,Myntra,Food,707.65,Card
U050,T00040_U050,2026-05-04 14:31:00,Flipkart,Shopping,2045.18,Wallet
U050,T00041_U050,2026-07-23 10:56:00,Amazon,Shopping,898.64,UPI
U050,T00042_U050,2026-08-14 11:17:00,Swiggy,Bills,1954.85,Card
U050,T00043_U050,2026-09-26 00:23:00,Myntra,Shopping,850.15,Wallet
U050,T00044_U050,2026-04-07 05:46:00,Amazon,Bills,694.42,Wallet
U050,T00045_U050,2026-07-14 09:47:00,Swiggy,Bills,1771.91,Card
U050,T00046_U050,2026-01-15 15:14:00,Flipkart,Entertainment,232.87,Card
U050,T00047_U050,2026-02-14 11:00:00,Local Store,Healthcare,624.22,Wallet
U050,T00048_U050,2026-05-12 00:20:00,Swiggy,Food,3474.53,Card
U050,T00049_U050,2026-07-04 16:14:00,Clinic,Bills,2497.44,UPI
U050,T00050_U050,2026-05-30 12:29:00,Gym,Bills,999.0,Wallet
U050,T00051_U050,2026-01-20 07:13:00,Flipkart,Shopping,571.76,Wallet
U050,T00052_U050,2026-08-31 08:07:00,Myntra,Travel,3495.32,Wallet
U050,T00053_U050,2026-05-26 02:03:00,Swiggy,Food,764.06,UPI
U050,T00054_U050,2026-09-05 17:07:00,Netflix,Healthcare,541.1,Wallet
U050,T00055_U050,2026-05-15 18:56:00,Clinic,Entertainment,1457.88,Card
U050,T00056_U050,2026-04-14 16:12:00,Myntra,Shopping,1125.08,Card
U050,T00057_U050,2026-04-21 10:28:00,Netflix,Healthcare,747.02,Card
U050,T00058_U050,2026-09-28 18:13:00,Swiggy,Travel,4571.81,Wallet
U050,T00059_U050,2026-04-04 13:02:00,Flipkart,Shopping,258.24,Card
U050,T00060_U050,2026-06-21 13:48:00,Swiggy,Entertainment,1254.12,Wallet
U050,T00061_U050,2026-03-03 05:38:00,Amazon,Shopping,3371.8,UPI
U050,T00062_U050,2026-02-26 04:12:00,Clinic,Entertainment,1076.08,Wallet
U050,T00063_U050,2026-09-24 09:43:00,Flipkart,Food,2282.14,UPI
U050,T00064_U050,2026-09-13 13:59:00,Clinic,Bills,121.56,Wallet
U050,T00065_U050,2026-09-16 00:31:00,Amazon,Bills,2956.59,Card
U050,T00066_U050,2026-07-06 03:56:00,Local Store,Food,1073.2,Card
U050,T00067_U050,2026-09-28 06:48:00,Uber,Bills,2068.86,Wallet
U050,T00068_U050,2026-04-11 00:14:00,Netflix,Travel,1697.43,Card
U050,T00069_U050,2026-05-26 22:43:00,Uber,Food,2206.34,Wallet
U050,T00070_U050,2026-03-08 15:11:00,Swiggy,Bills,1574.41,UPI
U050,T00071_U050,2026-03-02 14:35:00,Flipkart,Bills,3658.25,Card
U050,T00072_U050,2026-05-06 23:05:00,Clinic,Entertainment,2504.61,Wallet
U050,T00073_U050,2026-09-15 08:16:00,Swiggy,Travel,1421.98,Wallet
U050,T00074_U050,2026-06-11 23:37:00,Flipkart,Shopping,713.31,UPI
U050,T00075_U050,2026-08-25 20:56:00,Amazon Prime,Bills,299.0,Card
U050,T00076_U050,2026-01-28 03:47:00,Myntra,Travel,1295.78,UPI
U050,T00077_U050,2026-07-25 12:12:00,Amazon,Shopping,2402.55,UPI
U050,T00078_U050,2026-07-03 12:22:00,Swiggy,Travel,2995.49,Wallet
U050,T00079_U050,2026-03-02 11:17:00,Myntra,Food,2375.86,UPI
U050,T00080_U050,2026-01-14 03:09:00,Netflix,Healthcare,918.4,Card
U050,T00081_U050,2026-01-03 00:18:00,Amazon,Shopping,675.83,Wallet
U050,T00082_U050,2026-07-16 16:08:00,Uber,Food,1368.03,UPI
U050,T00083_U050,2026-01-17 18:15:00,Netflix,Food,813.57,Card
U050,T00084_U050,2026-08-18 06:58:00,Netflix,Bills,1164.32,Card
U050,T00085_U050,2026-08-17 06:37:00,Myntra,Bills,750.15,Wallet
U050,T00086_U050,2026-06-18 20:43:00,Flipkart,Travel,1363.04,UPI
U050,T00087_U050,2026-07-11 02:34:00,Flipkart,Shopping,706.86,UPI
U050,T00088_U050,2026-08-12 08:54:00,Amazon,Shopping,2183.38,Wallet
U050,T00089_U050,2026-06-25 05:55:00,Netflix,Travel,1651.65,Wallet
U050,T00090_U050,2026-08-03 16:50:00,Amazon,Bills,1335.01,UPI
U050,T00091_U050,2026-05-05 01:59:00,Amazon,Bills,4476.97,Wallet
U050,T00092_U050,2026-06-18 09:16:00,Clinic,Healthcare,1030.43,Wallet
U050,T00093_U050,2026-06-23 00:52:00,Uber,Healthcare,1725.28,Wallet
U050,T00094_U050,2026-02-28 22:54:00,Swiggy,Travel,1734.42,Card
U050,T00095_U050,2026-05-28 13:45:00,Swiggy,Travel,981.58,Card
U050,T00096_U050,2026-07-31 19:59:00,Netflix,Travel,3330.62,UPI
U050,T00097_U050,2026-07-08 10:32:00,Amazon,Bills,2161.13,Wallet
U050,T00098_U050,2026-03-10 21:09:00,Clinic,Entertainment,1962.31,Card
U050,T00099_U050,2026-08-17 14:40:00,Clinic,Entertainment,751.62,Wallet
U051,T00000_U051,2026-04-03 11:18:00,Spotify,Bills,499.0,Wallet
U051,T00001_U051,2026-05-08 15:38:00,Swiggy,Entertainment,140.86,UPI
U051,T00002_U051,2026-05-26 10:57:00,Uber,Travel,1413.81,Card
U051,T00003_U051,2026-08-02 14:57:00,Amazon,Travel,1498.45,Wallet
U051,T00004_U051,2026-06-24 13:42:00,Amazon,Entertainment,469.69,Card
U051,T00005_U051,2026-04-24 10:57:00,Myntra,Food,1963.66,Card
U051,T00006_U051,2026-08-17 08:39:00,Swiggy,Healthcare,1001.45,UPI
U051,T00007_U051,2026-03-21 04:31:00,Amazon,Shopping,1304.41,Card
U051,T00008_U051,2026-07-08 03:44:00,Flipkart,Healthcare,1104.64,Wallet
U051,T00009_U051,2026-01-26 01:21:00,Netflix,Travel,1150.92,Card
U051,T00010_U051,2026-06-30 11:39:00,Netflix,Travel,4265.39,UPI
U051,T00011_U051,2026-08-06 17:42:00,Flipkart,Shopping,995.23,Card
U051,T00012_U051,2026-08-01 13:32:00,Netflix,Food,2768.16,Wallet
U051,T00013_U051,2026-02-16 00:32:00,Swiggy,Entertainment,930.14,UPI
U051,T00014_U051,2026-07-09 10:43:00,Netflix,Entertainment,1938.3,UPI
U051,T00015_U051,2026-08-22 18:14:00,Amazon,Shopping,1434.37,Wallet
U051,T00016_U051,2026-05-05 02:42:00,Local Store,Healthcare,549.59,Wallet
U051,T00017_U051,2026-09-17 17:22:00,Swiggy,Healthcare,2450.85,UPI
U051,T00018_U051,2026-07-08 11:50:00,Flipkart,Bills,1533.32,UPI
U051,T00019_U051,2026-02-25 11:53:00,Myntra,Shopping,204.91,Card
U051,T00020_U051,2026-01-25 01:39:00,Flipkart,Healthcare,2817.71,Wallet
U051,T00021_U051,2026-04-22 18:27:00,Amazon,Shopping,1509.85,UPI
U051,T00022_U051,2026-05-01 17:35:00,Clinic,Healthcare,2629.4,UPI
U051,T00023_U051,2026-04-19 16:19:00,Clinic,Travel,1347.36,Card
U051,T00024_U051,2026-08-20 13:25:00,Amazon,Shopping,2213.63,Wallet
U051,T00025_U051,2026-01-05 17:14:00,Gym,Bills,999.0,Card
U051,T00026_U051,2026-09-04 08:09:00,Local Store,Healthcare,1571.79,Card
U051,T00027_U051,2026-08-26 20:35:00,Flipkart,Shopping,1927.9,Card
U051,T00028_U051,2026-07-28 07:28:00,Netflix,Bills,2347.06,Wallet
U051,T00029_U051,2026-08-31 14:52:00,Uber,Travel,2085.98,Card
U051,T00030_U051,2026-09-27 14:42:00,Uber,Food,2337.43,Card
U051,T00031_U051,2026-07-16 19:13:00,Netflix,Bills,698.37,Card
U051,T00032_U051,2026-06-19 13:25:00,Myntra,Travel,570.36,Card
U051,T00033_U051,2026-01-06 04:40:00,Swiggy,Entertainment,3747.12,Card
U051,T00034_U051,2026-05-18 18:24:00,Local Store,Entertainment,1702.41,Wallet
U051,T00035_U051,2026-02-02 03:42:00,Myntra,Bills,5810.78,UPI
U051,T00036_U051,2026-03-11 08:24:00,Clinic,Bills,429.69,UPI
U051,T00037_U051,2026-04-26 14:13:00,Myntra,Shopping,1796.81,UPI
U051,T00038_U051,2026-07-18 21:45:00,Flipkart,Food,1335.23,Card
U051,T00039_U051,2026-06-04 22:56:00,Netflix,Bills,1800.23,Card
U051,T00040_U051,2026-06-18 10:37:00,Netflix,Entertainment,1721.87,Card
U051,T00041_U051,2026-07-24 20:52:00,Netflix,Healthcare,2081.62,Card
U051,T00042_U051,2026-09-15 12:35:00,Swiggy,Healthcare,229.87,Card
U051,T00043_U051,2026-06-22 02:54:00,Myntra,Healthcare,3555.51,Card
U051,T00044_U051,2026-08-06 08:40:00,Uber,Travel,615.61,Card
U051,T00045_U051,2026-04-25 05:29:00,Netflix,Food,1086.61,Card
U051,T00046_U051,2026-08-11 11:12:00,Uber,Travel,526.17,UPI
U051,T00047_U051,2026-05-30 04:05:00,Local Store,Healthcare,2129.53,Card
U051,T00048_U051,2026-03-12 01:15:00,Amazon,Travel,1882.18,Wallet
U051,T00049_U051,2026-06-27 21:42:00,Netflix,Food,1081.23,Wallet
U051,T00050_U051,2026-02-21 07:14:00,Netflix,Bills,499.0,UPI
U051,T00051_U051,2026-04-06 05:45:00,Clinic,Bills,2257.7,Card
U051,T00052_U051,2026-04-15 05:54:00,Swiggy,Entertainment,1970.6,UPI
U051,T00053_U051,2026-04-17 06:35:00,Swiggy,Food,1065.31,Wallet
U051,T00054_U051,2026-09-16 19:04:00,Clinic,Healthcare,203.72,Card
U051,T00055_U051,2026-03-19 04:38:00,Uber,Food,1624.54,Wallet
U051,T00056_U051,2026-06-01 18:53:00,Netflix,Entertainment,1926.74,UPI
U051,T00057_U051,2026-08-31 00:45:00,Myntra,Shopping,4315.16,UPI
U051,T00058_U051,2026-06-12 16:52:00,Amazon,Shopping,849.07,Wallet
U051,T00059_U051,2026-09-05 15:46:00,Netflix,Healthcare,488.42,UPI
U051,T00060_U051,2026-01-06 19:48:00,Flipkart,Shopping,360.96,Wallet
U051,T00061_U051,2026-08-22 09:21:00,Myntra,Shopping,364.55,UPI
U051,T00062_U051,2026-03-21 01:18:00,Amazon,Shopping,2204.52,UPI
U051,T00063_U051,2026-04-02 13:27:00,Netflix,Entertainment,1303.16,UPI
U051,T00064_U051,2026-04-14 12:05:00,Netflix,Entertainment,915.41,UPI
U051,T00065_U051,2026-08-03 04:16:00,Netflix,Entertainment,1679.46,UPI
U051,T00066_U051,2026-01-28 21:15:00,Clinic,Entertainment,2490.6,Wallet
U051,T00067_U051,2026-06-10 03:00:00,Netflix,Food,3837.4,Wallet
U051,T00068_U051,2026-08-12 17:31:00,Local Store,Food,1489.71,Card
U051,T00069_U051,2026-08-25 02:49:00,Myntra,Food,439.37,Card
U051,T00070_U051,2026-08-21 22:38:00,Myntra,Shopping,2432.41,UPI
U051,T00071_U051,2026-04-28 22:58:00,Flipkart,Shopping,2411.01,Card
U051,T00072_U051,2026-06-13 02:55:00,Netflix,Entertainment,1407.42,Card
U051,T00073_U051,2026-06-01 06:09:00,Flipkart,Food,250.78,Card
U051,T00074_U051,2026-05-16 13:47:00,Netflix,Bills,1607.39,Wallet
U051,T00075_U051,2026-06-19 23:07:00,Netflix,Bills,199.0,Card
U051,T00076_U051,2026-06-06 17:32:00,Netflix,Food,336.46,Wallet
U051,T00077_U051,2026-04-24 06:18:00,Netflix,Entertainment,1836.17,UPI
U051,T00078_U051,2026-08-02 06:48:00,Myntra,Shopping,1515.5,Wallet
U051,T00079_U051,2026-06-04 06:29:00,Swiggy,Healthcare,198.48,Card
U051,T00080_U051,2026-03-03 12:49:00,Flipkart,Travel,1842.96,Wallet
U051,T00081_U051,2026-03-17 03:50:00,Swiggy,Entertainment,3388.63,Card
U051,T00082_U051,2026-02-01 03:52:00,Flipkart,Shopping,4140.62,UPI
U051,T00083_U051,2026-04-19 20:52:00,Clinic,Bills,322.08,Wallet
U051,T00084_U051,2026-07-11 12:33:00,Clinic,Food,1008.62,Card
U051,T00085_U051,2026-07-11 01:22:00,Amazon,Bills,2078.02,Wallet
U051,T00086_U051,2026-05-03 00:48:00,Amazon,Healthcare,6887.16,Wallet
U051,T00087_U051,2026-02-12 12:38:00,Flipkart,Bills,693.64,Wallet
U051,T00088_U051,2026-02-07 15:37:00,Myntra,Shopping,790.05,UPI
U051,T00089_U051,2026-09-23 19:45:00,Uber,Travel,203.58,Card
U051,T00090_U051,2026-06-01 11:52:00,Myntra,Shopping,2859.79,Card
U051,T00091_U051,2026-01-11 21:31:00,Netflix,Entertainment,116.1,Card
U051,T00092_U051,2026-07-20 05:55:00,Clinic,Food,1391.16,Wallet
U051,T00093_U051,2026-06-14 13:09:00,Myntra,Healthcare,1180.4,Wallet
U051,T00094_U051,2026-03-23 13:01:00,Amazon,Shopping,1990.33,UPI
U051,T00095_U051,2026-08-12 16:55:00,Amazon,Food,163.33,Wallet
U051,T00096_U051,2026-04-23 13:53:00,Amazon,Food,1514.96,Wallet
U051,T00097_U051,2026-01-02 17:04:00,Clinic,Healthcare,412.79,UPI
U051,T00098_U051,2026-09-13 22:25:00,Myntra,Healthcare,1365.72,Card
U051,T00099_U051,2026-09-26 14:29:00,Clinic,Entertainment,1983.75,UPI
U052,T00000_U052,2026-05-23 21:37:00,Spotify,Bills,199.0,UPI
U052,T00001_U052,2026-06-21 13:41:00,Local Store,Healthcare,834.18,UPI
U052,T00002_U052,2026-09-09 14:12:00,Netflix,Healthcare,2408.21,Card
U052,T00003_U052,2026-07-19 22:51:00,Amazon,Bills,2477.17,UPI
U052,T00004_U052,2026-03-18 01:22:00,Flipkart,Food,1248.01,Wallet
U052,T00005_U052,2026-08-24 09:46:00,Myntra,Bills,944.09,UPI
U052,T00006_U052,2026-09-11 11:06:00,Clinic,Entertainment,1892.82,Wallet
U052,T00007_U052,2026-09-26 13:40:00,Flipkart,Entertainment,971.45,UPI
U052,T00008_U052,2026-03-08 23:07:00,Clinic,Entertainment,1031.36,Card
U052,T00009_U052,2026-09-13 14:38:00,Flipkart,Shopping,2171.96,Wallet
U052,T00010_U052,2026-06-20 20:35:00,Flipkart,Travel,1388.91,Card
U052,T00011_U052,2026-07-17 19:37:00,Clinic,Bills,1904.14,UPI
U052,T00012_U052,2026-06-29 04:49:00,Amazon,Food,2675.61,Card
U052,T00013_U052,2026-08-07 20:36:00,Myntra,Food,1015.66,Card
U052,T00014_U052,2026-02-27 18:05:00,Local Store,Bills,2409.19,Wallet
U052,T00015_U052,2026-04-07 06:23:00,Amazon,Shopping,610.93,UPI
U052,T00016_U052,2026-09-02 17:13:00,Netflix,Food,2662.78,Wallet
U052,T00017_U052,2026-09-02 11:14:00,Flipkart,Shopping,2850.41,UPI
U052,T00018_U052,2026-01-28 04:38:00,Uber,Healthcare,4923.22,Wallet
U052,T00019_U052,2026-03-05 03:11:00,Myntra,Bills,3041.89,Card
U052,T00020_U052,2026-07-08 03:28:00,Amazon,Shopping,2418.19,UPI
U052,T00021_U052,2026-08-14 20:29:00,Local Store,Bills,905.55,UPI
U052,T00022_U052,2026-05-06 18:41:00,Clinic,Travel,996.45,Wallet
U052,T00023_U052,2026-01-29 10:20:00,Clinic,Entertainment,3356.59,Wallet
U052,T00024_U052,2026-02-10 14:19:00,Flipkart,Shopping,2295.11,Card
U052,T00025_U052,2026-04-19 09:41:00,Netflix,Bills,199.0,Wallet
U052,T00026_U052,2026-06-19 15:22:00,Myntra,Food,2259.84,Card
U052,T00027_U052,2026-03-22 01:39:00,Swiggy,Travel,2290.13,Wallet
U052,T00028_U052,2026-07-11 14:41:00,Local Store,Travel,547.49,Wallet
U052,T00029_U052,2026-05-12 06:12:00,Amazon,Bills,1076.65,Card
U052,T00030_U052,2026-08-24 00:51:00,Netflix,Bills,1212.62,Card
U052,T00031_U052,2026-04-27 18:41:00,Uber,Travel,2024.48,UPI
U052,T00032_U052,2026-02-04 00:19:00,Amazon,Shopping,4231.63,Card
U052,T00033_U052,2026-05-23 18:09:00,Swiggy,Food,356.33,Wallet
U052,T00034_U052,2026-02-06 16:34:00,Local Store,Healthcare,1567.11,Wallet
U052,T00035_U052,2026-02-28 06:09:00,Flipkart,Healthcare,1951.81,Card
U052,T00036_U052,2026-04-18 16:19:00,Amazon,Bills,341.79,Card
U052,T00037_U052,2026-09-13 01:54:00,Flipkart,Shopping,1651.4,UPI
U052,T00038_U052,2026-07-30 09:53:00,Myntra,Healthcare,1473.85,Card
U052,T00039_U052,2026-06-15 09:26:00,Amazon,Shopping,2288.88,UPI
U052,T00040_U052,2026-06-24 22:16:00,Myntra,Entertainment,445.81,UPI
U052,T00041_U052,2026-05-26 00:31:00,Clinic,Food,902.43,Card
U052,T00042_U052,2026-07-17 12:58:00,Netflix,Food,2099.68,Card
U052,T00043_U052,2026-08-30 21:03:00,Swiggy,Healthcare,2022.57,UPI
U052,T00044_U052,2026-09-27 02:03:00,Netflix,Entertainment,443.92,UPI
U052,T00045_U052,2026-02-08 08:40:00,Amazon,Healthcare,1876.51,UPI
U052,T00046_U052,2026-03-29 05:18:00,Amazon,Healthcare,1930.13,Card
U052,T00047_U052,2026-09-21 01:57:00,Netflix,Bills,1794.71,UPI
U052,T00048_U052,2026-09-28 23:58:00,Uber,Travel,667.82,Card
U052,T00049_U052,2026-07-04 23:51:00,Myntra,Food,4045.64,UPI
U052,T00050_U052,2026-06-18 13:44:00,Netflix,Bills,499.0,Wallet
U052,T00051_U052,2026-08-31 17:10:00,Swiggy,Bills,2401.54,Card
U052,T00052_U052,2026-04-02 05:05:00,Amazon,Bills,2107.16,Card
U052,T00053_U052,2026-03-23 18:37:00,Uber,Bills,1309.07,Card
U052,T00054_U052,2026-02-26 09:00:00,Flipkart,Food,2057.36,Card
U052,T00055_U052,2026-07-23 18:37:00,Amazon,Shopping,782.82,Card
U052,T00056_U052,2026-06-14 04:00:00,Myntra,Food,2321.12,Card
U052,T00057_U052,2026-06-04 01:09:00,Uber,Food,4934.98,Wallet
U052,T00058_U052,2026-09-24 12:25:00,Uber,Travel,1405.02,Wallet
U052,T00059_U052,2026-03-17 14:11:00,Amazon,Bills,693.5,Card
U052,T00060_U052,2026-08-23 21:20:00,Amazon,Bills,2291.54,Card
U052,T00061_U052,2026-05-20 22:40:00,Amazon,Bills,2490.75,Card
U052,T00062_U052,2026-04-08 04:46:00,Swiggy,Food,2620.39,UPI
U052,T00063_U052,2026-09-22 10:56:00,Myntra,Shopping,345.62,Wallet
U052,T00064_U052,2026-03-29 07:18:00,Flipkart,Shopping,4632.74,UPI
U052,T00065_U052,2026-03-17 23:56:00,Uber,Healthcare,1842.38,Card
U052,T00066_U052,2026-02-11 20:15:00,Myntra,Shopping,2487.98,UPI
U052,T00067_U052,2026-05-10 05:15:00,Local Store,Bills,1158.43,UPI
U052,T00068_U052,2026-08-18 15:24:00,Uber,Food,1954.62,Wallet
U052,T00069_U052,2026-04-12 20:40:00,Clinic,Healthcare,1635.5,Card
U052,T00070_U052,2026-07-22 15:19:00,Clinic,Food,1268.31,UPI
U052,T00071_U052,2026-02-08 01:28:00,Netflix,Healthcare,689.22,Wallet
U052,T00072_U052,2026-01-27 00:15:00,Amazon,Shopping,3014.74,UPI
U052,T00073_U052,2026-09-10 04:18:00,Myntra,Entertainment,1138.59,Card
U052,T00074_U052,2026-05-29 02:27:00,Flipkart,Healthcare,4094.0,Wallet
U052,T00075_U052,2026-04-30 18:35:00,Spotify,Bills,299.0,Card
U052,T00076_U052,2026-04-09 21:40:00,Myntra,Shopping,1418.27,Wallet
U052,T00077_U052,2026-01-11 15:56:00,Swiggy,Healthcare,758.07,Wallet
U052,T00078_U052,2026-04-29 11:57:00,Flipkart,Entertainment,490.11,Card
U052,T00079_U052,2026-05-01 02:52:00,Local Store,Food,4570.32,Wallet
U052,T00080_U052,2026-04-08 10:15:00,Clinic,Travel,1827.8,Card
U052,T00081_U052,2026-01-04 15:54:00,Swiggy,Healthcare,1934.18,Wallet
U052,T00082_U052,2026-06-02 18:18:00,Local Store,Healthcare,849.05,Card
U052,T00083_U052,2026-09-16 13:45:00,Myntra,Entertainment,1944.87,UPI
U052,T00084_U052,2026-01-06 10:58:00,Netflix,Bills,275.1,Card
U052,T00085_U052,2026-05-24 23:22:00,Myntra,Travel,667.43,Card
U052,T00086_U052,2026-06-22 03:12:00,Myntra,Shopping,2876.87,Card
U052,T00087_U052,2026-02-19 18:26:00,Flipkart,Shopping,363.36,Wallet
U052,T00088_U052,2026-02-20 00:38:00,Clinic,Entertainment,987.88,UPI
U052,T00089_U052,2026-08-08 07:25:00,Swiggy,Travel,2362.68,Card
U052,T00090_U052,2026-01-16 08:04:00,Flipkart,Entertainment,1291.91,UPI
U052,T00091_U052,2026-03-14 07:16:00,Myntra,Shopping,2178.81,Wallet
U052,T00092_U052,2026-08-27 01:45:00,Amazon,Shopping,1039.53,UPI
U052,T00093_U052,2026-09-22 02:28:00,Flipkart,Food,1613.86,Wallet
U052,T00094_U052,2026-08-15 23:43:00,Netflix,Healthcare,3899.36,UPI
U052,T00095_U052,2026-02-06 05:28:00,Netflix,Healthcare,2375.18,Card
U052,T00096_U052,2026-05-06 15:57:00,Flipkart,Shopping,310.43,UPI
U052,T00097_U052,2026-05-03 03:57:00,Local Store,Food,1137.63,Wallet
U052,T00098_U052,2026-06-21 18:56:00,Swiggy,Travel,164.2,Wallet
U052,T00099_U052,2026-02-18 16:51:00,Flipkart,Food,1791.96,Card
U053,T00000_U053,2026-07-10 22:05:00,Spotify,Bills,199.0,Wallet
U053,T00001_U053,2026-03-20 09:04:00,Uber,Healthcare,156.97,UPI
U053,T00002_U053,2026-08-18 01:08:00,Uber,Bills,2784.24,Wallet
U053,T00003_U053,2026-08-29 17:28:00,Flipkart,Healthcare,676.9,Wallet
U053,T00004_U053,2026-09-02 00:13:00,Myntra,Healthcare,5323.73,Wallet
U053,T00005_U053,2026-09-11 08:13:00,Flipkart,Healthcare,836.29,UPI
U053,T00006_U053,2026-02-23 01:26:00,Amazon,Travel,3642.56,Card
U053,T00007_U053,2026-07-22 00:04:00,Uber,Food,432.97,Card
U053,T00008_U053,2026-07-07 10:47:00,Uber,Entertainment,419.58,Wallet
U053,T00009_U053,2026-08-30 04:43:00,Myntra,Healthcare,3917.23,Wallet
U053,T00010_U053,2026-08-26 04:42:00,Clinic,Food,1657.73,Wallet
U053,T00011_U053,2026-09-25 19:57:00,Clinic,Bills,1816.75,Card
U053,T00012_U053,2026-09-09 13:30:00,Clinic,Healthcare,2302.78,UPI
U053,T00013_U053,2026-04-22 16:30:00,Amazon,Entertainment,409.1,UPI
U053,T00014_U053,2026-02-13 17:36:00,Amazon,Shopping,1643.74,UPI
U053,T00015_U053,2026-05-23 16:30:00,Amazon,Shopping,759.79,Wallet
U053,T00016_U053,2026-05-10 10:21:00,Local Store,Healthcare,2330.54,UPI
U053,T00017_U053,2026-08-22 23:14:00,Amazon,Travel,2407.92,UPI
U053,T00018_U053,2026-09-13 18:42:00,Uber,Entertainment,1846.99,UPI
U053,T00019_U053,2026-05-07 20:40:00,Netflix,Food,2203.29,Card
U053,T00020_U053,2026-09-19 10:39:00,Flipkart,Shopping,1941.36,Wallet
U053,T00021_U053,2026-06-16 07:42:00,Myntra,Entertainment,179.12,Card
U053,T00022_U053,2026-06-06 19:12:00,Flipkart,Shopping,1175.34,Wallet
U053,T00023_U053,2026-06-11 08:01:00,Flipkart,Entertainment,1339.75,Card
U053,T00024_U053,2026-08-22 00:08:00,Clinic,Food,2779.88,Card
U053,T00025_U053,2026-04-11 14:35:00,Amazon Prime,Bills,499.0,Wallet
U053,T00026_U053,2026-06-28 23:21:00,Myntra,Shopping,2447.25,Wallet
U053,T00027_U053,2026-07-31 14:29:00,Myntra,Healthcare,3157.83,UPI
U053,T00028_U053,2026-02-24 01:47:00,Clinic,Food,3105.27,UPI
U053,T00029_U053,2026-05-22 00:49:00,Uber,Bills,2289.09,UPI
U053,T00030_U053,2026-03-30 09:25:00,Clinic,Food,1563.06,Wallet
U053,T00031_U053,2026-01-08 08:06:00,Uber,Food,1424.68,Card
U053,T00032_U053,2026-09-05 02:33:00,Uber,Entertainment,4410.62,Card
U053,T00033_U053,2026-06-03 15:03:00,Uber,Healthcare,2222.39,UPI
U053,T00034_U053,2026-02-28 00:07:00,Clinic,Bills,1873.95,Card
U053,T00035_U053,2026-08-26 01:44:00,Uber,Travel,1038.71,Card
U053,T00036_U053,2026-05-06 04:19:00,Local Store,Entertainment,2924.62,Wallet
U053,T00037_U053,2026-09-05 21:57:00,Swiggy,Travel,3270.97,UPI
U053,T00038_U053,2026-05-14 07:32:00,Clinic,Food,1161.55,Wallet
U053,T00039_U053,2026-09-14 18:36:00,Flipkart,Shopping,1069.46,UPI
U053,T00040_U053,2026-05-26 14:01:00,Amazon,Travel,352.68,Wallet
U053,T00041_U053,2026-04-09 01:05:00,Local Store,Bills,2529.22,UPI
U053,T00042_U053,2026-05-07 02:52:00,Netflix,Travel,2931.48,UPI
U053,T00043_U053,2026-09-19 03:10:00,Netflix,Entertainment,2639.47,Card
U053,T00044_U053,2026-01-30 00:15:00,Flipkart,Travel,4405.84,UPI
U053,T00045_U053,2026-07-01 12:51:00,Clinic,Healthcare,1603.06,Wallet
U053,T00046_U053,2026-06-19 06:24:00,Flipkart,Shopping,319.38,Wallet
U053,T00047_U053,2026-03-21 06:07:00,Netflix,Food,718.8,Wallet
U053,T00048_U053,2026-02-04 03:37:00,Myntra,Food,236.12,Wallet
U053,T00049_U053,2026-07-25 20:37:00,Myntra,Shopping,1981.74,UPI
U053,T00050_U053,2026-04-01 02:43:00,Gym,Bills,299.0,Wallet
U053,T00051_U053,2026-07-07 06:35:00,Myntra,Travel,858.31,Card
U053,T00052_U053,2026-03-03 03:53:00,Amazon,Entertainment,5719.11,Wallet
U053,T00053_U053,2026-06-09 08:47:00,Amazon,Shopping,2001.05,Wallet
U053,T00054_U053,2026-05-21 10:20:00,Myntra,Shopping,1931.65,Wallet
U053,T00055_U053,2026-03-20 12:33:00,Amazon,Shopping,244.06,Card
U053,T00056_U053,2026-06-09 01:11:00,Flipkart,Shopping,845.01,UPI
U053,T00057_U053,2026-06-28 16:03:00,Flipkart,Healthcare,4254.62,Wallet
U053,T00058_U053,2026-06-20 20:10:00,Swiggy,Bills,906.55,Card
U053,T00059_U053,2026-06-11 01:55:00,Amazon,Entertainment,2587.27,Wallet
U053,T00060_U053,2026-08-19 06:23:00,Uber,Travel,2288.97,Card
U053,T00061_U053,2026-04-03 08:45:00,Clinic,Healthcare,2032.57,Card
U053,T00062_U053,2026-05-21 18:24:00,Flipkart,Travel,181.42,Card
U053,T00063_U053,2026-05-25 01:03:00,Swiggy,Entertainment,1513.2,Wallet
U053,T00064_U053,2026-03-11 12:19:00,Local Store,Bills,402.17,Wallet
U053,T00065_U053,2026-08-23 11:51:00,Flipkart,Travel,1292.41,Wallet
U053,T00066_U053,2026-04-27 17:22:00,Uber,Healthcare,1667.74,Card
U053,T00067_U053,2026-01-11 18:06:00,Myntra,Shopping,153.13,UPI
U053,T00068_U053,2026-08-28 05:55:00,Uber,Travel,3031.41,UPI
U053,T00069_U053,2026-08-11 01:05:00,Swiggy,Entertainment,2648.9,UPI
U053,T00070_U053,2026-03-14 20:47:00,Clinic,Travel,174.6,Wallet
U053,T00071_U053,2026-03-15 12:08:00,Amazon,Travel,1795.99,Card
U053,T00072_U053,2026-04-14 03:43:00,Swiggy,Entertainment,846.4,Wallet
U053,T00073_U053,2026-04-29 23:43:00,Uber,Healthcare,1719.7,Wallet
U053,T00074_U053,2026-05-13 08:09:00,Netflix,Entertainment,472.71,UPI
U053,T00075_U053,2026-08-07 02:50:00,Amazon Prime,Bills,499.0,Wallet
U053,T00076_U053,2026-07-01 22:39:00,Clinic,Travel,3533.95,UPI
U053,T00077_U053,2026-08-18 23:12:00,Amazon,Healthcare,2196.7,Wallet
U053,T00078_U053,2026-03-15 14:46:00,Flipkart,Food,418.53,UPI
U053,T00079_U053,2026-05-24 00:10:00,Amazon,Shopping,1637.89,Card
U053,T00080_U053,2026-07-18 03:29:00,Uber,Entertainment,2954.2,Card
U053,T00081_U053,2026-01-21 08:46:00,Netflix,Entertainment,1693.07,UPI
U053,T00082_U053,2026-02-11 05:35:00,Flipkart,Entertainment,1311.14,UPI
U053,T00083_U053,2026-01-09 11:00:00,Flipkart,Shopping,1376.55,UPI
U053,T00084_U053,2026-01-20 15:49:00,Uber,Healthcare,1730.01,Card
U053,T00085_U053,2026-07-02 05:50:00,Myntra,Bills,2259.41,Card
U053,T00086_U053,2026-09-09 15:50:00,Myntra,Travel,595.07,UPI
U053,T00087_U053,2026-06-12 22:16:00,Myntra,Shopping,2067.81,UPI
U053,T00088_U053,2026-03-10 22:28:00,Flipkart,Bills,1558.99,Wallet
U053,T00089_U053,2026-04-06 02:52:00,Amazon,Travel,237.58,UPI
U053,T00090_U053,2026-09-08 14:48:00,Flipkart,Shopping,717.9,Wallet
U053,T00091_U053,2026-05-09 22:33:00,Local Store,Entertainment,2431.0,Card
U053,T00092_U053,2026-04-21 15:04:00,Netflix,Travel,1243.37,UPI
U053,T00093_U053,2026-01-14 11:11:00,Flipkart,Food,257.18,Card
U053,T00094_U053,2026-04-24 00:42:00,Netflix,Bills,344.31,UPI
U053,T00095_U053,2026-08-28 14:54:00,Amazon,Shopping,4153.24,Card
U053,T00096_U053,2026-02-13 23:19:00,Netflix,Bills,399.88,UPI
U053,T00097_U053,2026-08-21 21:58:00,Swiggy,Travel,1361.16,Card
U053,T00098_U053,2026-01-10 00:38:00,Clinic,Food,516.86,Wallet
U053,T00099_U053,2026-09-02 02:55:00,Myntra,Shopping,4528.68,UPI
U054,T00000_U054,2026-05-06 19:41:00,Netflix,Bills,299.0,UPI
U054,T00001_U054,2026-04-18 02:52:00,Clinic,Travel,2798.45,Card
U054,T00002_U054,2026-08-17 19:01:00,Flipkart,Shopping,571.87,Wallet
U054,T00003_U054,2026-01-30 13:55:00,Uber,Food,3699.44,UPI
U054,T00004_U054,2026-03-28 23:17:00,Flipkart,Food,4223.72,Wallet
U054,T00005_U054,2026-08-05 15:41:00,Clinic,Travel,1534.75,Card
U054,T00006_U054,2026-01-03 18:21:00,Amazon,Bills,1023.12,Wallet
U054,T00007_U054,2026-08-13 05:57:00,Myntra,Shopping,1089.52,Wallet
U054,T00008_U054,2026-07-21 04:28:00,Amazon,Shopping,2807.21,Card
U054,T00009_U054,2026-03-10 01:19:00,Amazon,Shopping,2570.0,Wallet
U054,T00010_U054,2026-05-13 12:09:00,Clinic,Food,2204.18,Card
U054,T00011_U054,2026-04-10 09:38:00,Flipkart,Shopping,355.89,Card
U054,T00012_U054,2026-08-18 08:02:00,Local Store,Entertainment,1452.74,Wallet
U054,T00013_U054,2026-07-04 17:20:00,Uber,Entertainment,3125.11,UPI
U054,T00014_U054,2026-01-28 12:41:00,Clinic,Entertainment,3248.91,Card
U054,T00015_U054,2026-02-16 16:28:00,Flipkart,Bills,1667.49,Card
U054,T00016_U054,2026-06-12 06:29:00,Swiggy,Entertainment,273.95,UPI
U054,T00017_U054,2026-05-23 18:13:00,Local Store,Food,1877.28,Card
U054,T00018_U054,2026-09-25 04:59:00,Flipkart,Travel,3472.08,UPI
U054,T00019_U054,2026-05-19 14:00:00,Swiggy,Travel,1257.93,Wallet
U054,T00020_U054,2026-04-13 12:22:00,Clinic,Food,995.85,Wallet
U054,T00021_U054,2026-04-02 13:57:00,Myntra,Healthcare,3577.89,UPI
U054,T00022_U054,2026-03-23 15:13:00,Clinic,Travel,382.74,Card
U054,T00023_U054,2026-07-19 15:11:00,Myntra,Food,2146.32,UPI
U054,T00024_U054,2026-01-14 17:49:00,Clinic,Travel,1683.36,Wallet
U054,T00025_U054,2026-06-28 18:07:00,Amazon Prime,Bills,999.0,Card
U054,T00026_U054,2026-01-11 00:37:00,Swiggy,Bills,2935.29,Card
U054,T00027_U054,2026-04-19 13:41:00,Swiggy,Bills,1774.68,UPI
U054,T00028_U054,2026-01-16 06:57:00,Amazon,Travel,2070.77,UPI
U054,T00029_U054,2026-07-27 10:41:00,Myntra,Shopping,1511.94,Card
U054,T00030_U054,2026-05-17 19:56:00,Clinic,Healthcare,2177.78,Card
U054,T00031_U054,2026-01-15 23:31:00,Local Store,Food,297.85,Card
U054,T00032_U054,2026-02-20 08:50:00,Amazon,Shopping,2192.51,UPI
U054,T00033_U054,2026-05-23 23:37:00,Clinic,Food,4276.74,Card
U054,T00034_U054,2026-04-11 12:35:00,Amazon,Entertainment,1684.76,Wallet
U054,T00035_U054,2026-07-15 07:32:00,Clinic,Healthcare,1147.99,UPI
U054,T00036_U054,2026-07-03 15:45:00,Uber,Entertainment,3757.81,Card
U054,T00037_U054,2026-07-11 16:27:00,Amazon,Entertainment,1356.46,Card
U054,T00038_U054,2026-09-13 09:04:00,Myntra,Travel,1273.68,Card
U054,T00039_U054,2026-04-30 20:04:00,Amazon,Travel,3100.82,Wallet
U054,T00040_U054,2026-08-29 05:26:00,Flipkart,Shopping,2336.18,UPI
U054,T00041_U054,2026-03-11 06:45:00,Flipkart,Shopping,394.42,UPI
U054,T00042_U054,2026-01-08 14:44:00,Flipkart,Food,2166.8,UPI
U054,T00043_U054,2026-01-04 09:45:00,Uber,Travel,3428.53,Card
U054,T00044_U054,2026-09-05 02:23:00,Uber,Healthcare,1113.02,Card
U054,T00045_U054,2026-07-19 00:18:00,Local Store,Travel,2386.93,Wallet
U054,T00046_U054,2026-02-13 03:25:00,Uber,Healthcare,1540.53,Card
U054,T00047_U054,2026-08-19 12:59:00,Clinic,Travel,1826.98,Card
U054,T00048_U054,2026-07-25 08:30:00,Swiggy,Entertainment,1449.13,UPI
U054,T00049_U054,2026-01-05 16:42:00,Netflix,Healthcare,2806.71,Card
U054,T00050_U054,2026-06-09 10:56:00,Amazon Prime,Bills,199.0,Card
U054,T00051_U054,2026-09-23 15:33:00,Myntra,Shopping,2490.56,Card
U054,T00052_U054,2026-06-03 23:17:00,Myntra,Shopping,224.39,Wallet
U054,T00053_U054,2026-01-21 13:56:00,Myntra,Bills,1527.79,Wallet
U054,T00054_U054,2026-08-28 21:14:00,Local Store,Healthcare,2818.69,UPI
U054,T00055_U054,2026-07-14 15:08:00,Local Store,Travel,2166.02,Card
U054,T00056_U054,2026-04-14 18:02:00,Amazon,Shopping,2020.24,Card
U054,T00057_U054,2026-05-07 01:12:00,Flipkart,Food,4185.63,UPI
U054,T00058_U054,2026-05-04 00:57:00,Amazon,Food,6196.51,Wallet
U054,T00059_U054,2026-01-11 12:22:00,Netflix,Travel,923.53,Card
U054,T00060_U054,2026-06-13 11:08:00,Uber,Healthcare,953.15,Wallet
U054,T00061_U054,2026-07-21 03:21:00,Uber,Food,858.94,Card
U054,T00062_U054,2026-06-27 14:45:00,Flipkart,Bills,861.71,Card
U054,T00063_U054,2026-04-13 20:32:00,Amazon,Entertainment,1676.15,Card
U054,T00064_U054,2026-06-28 12:27:00,Local Store,Bills,3405.56,UPI
U054,T00065_U054,2026-07-01 22:56:00,Local Store,Healthcare,2125.73,Wallet
U054,T00066_U054,2026-03-14 10:43:00,Swiggy,Entertainment,1762.0,Wallet
U054,T00067_U054,2026-02-26 23:27:00,Myntra,Shopping,3798.63,Wallet
U054,T00068_U054,2026-08-29 13:45:00,Flipkart,Shopping,1992.23,Card
U054,T00069_U054,2026-03-12 13:33:00,Amazon,Travel,1264.59,Wallet
U054,T00070_U054,2026-08-23 06:27:00,Swiggy,Entertainment,317.09,UPI
U054,T00071_U054,2026-03-09 20:59:00,Amazon,Entertainment,1556.12,UPI
U054,T00072_U054,2026-06-10 23:47:00,Myntra,Healthcare,2596.08,Wallet
U054,T00073_U054,2026-08-21 05:06:00,Myntra,Shopping,1962.03,Wallet
U054,T00074_U054,2026-02-08 18:02:00,Uber,Healthcare,2257.69,Wallet
U054,T00075_U054,2026-07-15 05:52:00,Spotify,Bills,299.0,UPI
U054,T00076_U054,2026-02-18 12:21:00,Local Store,Entertainment,620.96,UPI
U054,T00077_U054,2026-04-19 21:22:00,Myntra,Food,791.08,Wallet
U054,T00078_U054,2026-03-09 12:08:00,Flipkart,Travel,1716.63,UPI
U054,T00079_U054,2026-05-22 00:15:00,Clinic,Food,1502.75,Wallet
U054,T00080_U054,2026-09-27 09:04:00,Uber,Healthcare,2245.52,UPI
U054,T00081_U054,2026-03-14 09:33:00,Flipkart,Travel,1907.26,Card
U054,T00082_U054,2026-01-26 15:17:00,Swiggy,Travel,1923.92,Wallet
U054,T00083_U054,2026-04-19 23:55:00,Flipkart,Shopping,2271.17,Wallet
U054,T00084_U054,2026-08-27 00:08:00,Uber,Travel,191.37,UPI
U054,T00085_U054,2026-02-14 00:58:00,Swiggy,Bills,1428.04,Wallet
U054,T00086_U054,2026-03-31 07:43:00,Flipkart,Travel,3066.69,Card
U054,T00087_U054,2026-09-01 20:41:00,Myntra,Shopping,1690.97,Card
U054,T00088_U054,2026-02-03 14:08:00,Netflix,Entertainment,1714.14,Card
U054,T00089_U054,2026-06-08 17:59:00,Uber,Food,1223.57,UPI
U054,T00090_U054,2026-04-03 12:26:00,Amazon,Entertainment,1598.22,Wallet
U054,T00091_U054,2026-04-22 18:47:00,Flipkart,Shopping,530.16,UPI
U054,T00092_U054,2026-03-13 02:22:00,Amazon,Food,765.01,UPI
U054,T00093_U054,2026-05-08 18:03:00,Myntra,Entertainment,1234.12,Wallet
U054,T00094_U054,2026-06-19 16:11:00,Clinic,Travel,1235.57,UPI
U054,T00095_U054,2026-02-05 04:38:00,Swiggy,Bills,1930.35,UPI
U054,T00096_U054,2026-03-17 14:22:00,Flipkart,Bills,1461.66,Card
U054,T00097_U054,2026-06-11 14:42:00,Uber,Food,2024.9,UPI
U054,T00098_U054,2026-02-15 13:43:00,Flipkart,Shopping,180.63,Card
U054,T00099_U054,2026-06-16 19:05:00,Swiggy,Food,1821.14,Card
U055,T00000_U055,2026-04-08 12:16:00,Spotify,Bills,299.0,Wallet
U055,T00001_U055,2026-08-03 18:05:00,Myntra,Travel,859.12,Wallet
U055,T00002_U055,2026-01-04 20:03:00,Myntra,Entertainment,948.72,Card
U055,T00003_U055,2026-07-23 22:32:00,Flipkart,Shopping,477.31,UPI
U055,T00004_U055,2026-09-17 14:58:00,Netflix,Bills,1704.77,UPI
U055,T00005_U055,2026-01-29 19:58:00,Amazon,Shopping,2092.26,UPI
U055,T00006_U055,2026-01-23 18:02:00,Local Store,Food,608.1,UPI
U055,T00007_U055,2026-06-25 16:46:00,Clinic,Entertainment,2336.39,Card
U055,T00008_U055,2026-05-26 12:23:00,Local Store,Bills,389.43,UPI
U055,T00009_U055,2026-06-08 14:41:00,Flipkart,Food,794.31,Card
U055,T00010_U055,2026-04-21 07:11:00,Uber,Healthcare,2068.11,Card
U055,T00011_U055,2026-07-31 16:18:00,Netflix,Food,1241.34,UPI
U055,T00012_U055,2026-06-20 03:29:00,Clinic,Travel,1050.14,UPI
U055,T00013_U055,2026-09-21 11:06:00,Clinic,Healthcare,1050.12,Wallet
U055,T00014_U055,2026-07-17 11:45:00,Netflix,Bills,2291.49,Card
U055,T00015_U055,2026-06-17 13:00:00,Flipkart,Food,1792.81,Card
U055,T00016_U055,2026-06-11 04:11:00,Local Store,Bills,2729.65,Wallet
U055,T00017_U055,2026-03-13 02:00:00,Myntra,Bills,932.2,Card
U055,T00018_U055,2026-02-17 23:16:00,Netflix,Travel,1892.26,Card
U055,T00019_U055,2026-04-12 14:41:00,Myntra,Shopping,1263.21,UPI
U055,T00020_U055,2026-05-20 02:18:00,Flipkart,Shopping,953.8,Card
U055,T00021_U055,2026-01-24 17:04:00,Flipkart,Shopping,472.61,Wallet
U055,T00022_U055,2026-03-15 03:01:00,Flipkart,Bills,1578.03,Card
U055,T00023_U055,2026-04-08 19:09:00,Flipkart,Shopping,179.05,Wallet
U055,T00024_U055,2026-06-06 18:25:00,Myntra,Shopping,161.39,Wallet
U055,T00025_U055,2026-06-18 06:38:00,Spotify,Bills,499.0,Card
U055,T00026_U055,2026-07-26 14:43:00,Swiggy,Bills,220.71,Card
U055,T00027_U055,2026-09-16 04:19:00,Local Store,Travel,1559.03,Wallet
U055,T00028_U055,2026-06-08 22:35:00,Amazon,Shopping,2330.28,Wallet
U055,T00029_U055,2026-06-08 06:33:00,Myntra,Entertainment,2209.11,Wallet
U055,T00030_U055,2026-07-02 23:01:00,Netflix,Bills,2008.91,Card
U055,T00031_U055,2026-03-26 18:30:00,Amazon,Shopping,1012.77,UPI
U055,T00032_U055,2026-03-15 10:28:00,Myntra,Healthcare,1270.82,Wallet
U055,T00033_U055,2026-06-05 22:52:00,Myntra,Entertainment,1538.16,Wallet
U055,T00034_U055,2026-05-19 14:11:00,Myntra,Shopping,707.96,Card
U055,T00035_U055,2026-08-02 12:06:00,Netflix,Food,668.76,Wallet
U055,T00036_U055,2026-07-17 02:34:00,Local Store,Food,3013.39,Wallet
U055,T00037_U055,2026-07-17 23:47:00,Clinic,Bills,3617.36,UPI
U055,T00038_U055,2026-05-20 08:38:00,Swiggy,Travel,1909.39,Wallet
U055,T00039_U055,2026-07-04 02:33:00,Netflix,Entertainment,2190.05,Card
U055,T00040_U055,2026-01-25 17:34:00,Flipkart,Shopping,2185.18,UPI
U055,T00041_U055,2026-01-15 03:25:00,Flipkart,Bills,1035.97,UPI
U055,T00042_U055,2026-03-11 20:53:00,Flipkart,Shopping,2417.33,UPI
U055,T00043_U055,2026-01-02 02:49:00,Myntra,Healthcare,1027.1,UPI
U055,T00044_U055,2026-02-19 16:48:00,Myntra,Travel,174.59,Wallet
U055,T00045_U055,2026-03-20 07:37:00,Netflix,Food,464.57,UPI
U055,T00046_U055,2026-04-10 07:52:00,Flipkart,Entertainment,1729.33,Card
U055,T00047_U055,2026-01-03 18:35:00,Amazon,Shopping,622.04,UPI
U055,T00048_U055,2026-08-07 15:11:00,Amazon,Food,539.04,Card
U055,T00049_U055,2026-01-10 07:06:00,Clinic,Healthcare,1266.3,Card
U055,T00050_U055,2026-07-24 18:44:00,Netflix,Bills,199.0,Wallet
U055,T00051_U055,2026-02-10 14:24:00,Flipkart,Travel,2069.99,UPI
U055,T00052_U055,2026-05-31 09:33:00,Flipkart,Shopping,4529.67,Card
U055,T00053_U055,2026-02-28 11:58:00,Netflix,Food,1248.66,Card
U055,T00054_U055,2026-03-01 03:29:00,Swiggy,Healthcare,5596.23,UPI
U055,T00055_U055,2026-09-05 04:34:00,Flipkart,Shopping,4056.58,Wallet
U055,T00056_U055,2026-09-24 00:55:00,Flipkart,Bills,1246.36,Wallet
U055,T00057_U055,2026-02-28 05:53:00,Amazon,Shopping,644.3,UPI
U055,T00058_U055,2026-07-11 19:55:00,Flipkart,Healthcare,527.08,Wallet
U055,T00059_U055,2026-02-08 17:14:00,Myntra,Shopping,548.57,Card
U055,T00060_U055,2026-03-24 11:09:00,Swiggy,Healthcare,2221.73,UPI
U055,T00061_U055,2026-04-23 03:06:00,Clinic,Entertainment,2337.22,UPI
U055,T00062_U055,2026-09-28 23:13:00,Amazon,Shopping,2551.07,Card
U055,T00063_U055,2026-08-17 16:07:00,Local Store,Food,2469.32,Card
U055,T00064_U055,2026-07-30 23:08:00,Swiggy,Bills,835.06,Card
U055,T00065_U055,2026-05-12 05:27:00,Flipkart,Entertainment,1971.31,UPI
U055,T00066_U055,2026-03-29 01:39:00,Uber,Bills,921.41,Card
U055,T00067_U055,2026-04-17 20:54:00,Uber,Food,2369.02,UPI
U055,T00068_U055,2026-07-04 06:04:00,Uber,Bills,2460.0,Card
U055,T00069_U055,2026-01-15 14:20:00,Swiggy,Travel,1366.28,Wallet
U055,T00070_U055,2026-06-13 05:35:00,Local Store,Travel,2329.81,Card
U055,T00071_U055,2026-02-01 07:50:00,Uber,Entertainment,1935.76,UPI
U055,T00072_U055,2026-01-04 17:41:00,Flipkart,Healthcare,4285.09,Card
U055,T00073_U055,2026-05-20 21:18:00,Netflix,Food,2341.03,UPI
U055,T00074_U055,2026-06-14 10:45:00,Amazon,Food,1294.12,UPI
U055,T00075_U055,2026-08-15 05:29:00,Spotify,Bills,299.0,Wallet
U055,T00076_U055,2026-01-14 03:54:00,Flipkart,Healthcare,558.73,UPI
U055,T00077_U055,2026-03-22 02:52:00,Myntra,Shopping,287.43,Wallet
U055,T00078_U055,2026-01-16 02:56:00,Swiggy,Bills,1192.43,UPI
U055,T00079_U055,2026-07-25 10:04:00,Clinic,Food,1631.29,Card
U055,T00080_U055,2026-09-01 02:46:00,Clinic,Food,487.32,Card
U055,T00081_U055,2026-08-12 16:35:00,Flipkart,Entertainment,1613.81,UPI
U055,T00082_U055,2026-03-25 08:53:00,Clinic,Food,1871.86,Wallet
U055,T00083_U055,2026-01-13 09:40:00,Amazon,Travel,2356.08,Wallet
U055,T00084_U055,2026-09-24 03:36:00,Amazon,Food,552.44,Card
U055,T00085_U055,2026-06-21 22:26:00,Local Store,Entertainment,1215.33,Card
U055,T00086_U055,2026-02-06 18:55:00,Myntra,Travel,743.14,Card
U055,T00087_U055,2026-01-15 03:30:00,Myntra,Food,2824.63,Card
U055,T00088_U055,2026-06-19 02:59:00,Clinic,Entertainment,2166.06,UPI
U055,T00089_U055,2026-04-16 17:00:00,Netflix,Travel,2397.41,Card
U055,T00090_U055,2026-08-20 16:55:00,Amazon,Shopping,1205.08,Card
U055,T00091_U055,2026-04-08 23:09:00,Netflix,Food,2523.01,UPI
U055,T00092_U055,2026-05-18 16:36:00,Clinic,Bills,1981.22,Card
U055,T00093_U055,2026-09-15 15:11:00,Myntra,Entertainment,1586.56,UPI
U055,T00094_U055,2026-04-21 20:46:00,Clinic,Travel,2240.2,Wallet
U055,T00095_U055,2026-01-09 05:44:00,Swiggy,Travel,2246.27,Wallet
U055,T00096_U055,2026-05-05 18:32:00,Local Store,Entertainment,958.97,Wallet
U055,T00097_U055,2026-06-07 12:18:00,Uber,Bills,739.76,Wallet
U055,T00098_U055,2026-08-21 07:37:00,Flipkart,Bills,865.83,Card
U055,T00099_U055,2026-06-27 04:45:00,Flipkart,Shopping,2122.51,Card
U056,T00000_U056,2026-07-27 05:50:00,Spotify,Bills,499.0,UPI
U056,T00001_U056,2026-07-19 20:10:00,Amazon,Food,1086.43,UPI
U056,T00002_U056,2026-05-06 08:49:00,Amazon,Food,728.33,UPI
U056,T00003_U056,2026-02-17 11:25:00,Flipkart,Healthcare,713.02,Wallet
U056,T00004_U056,2026-06-25 05:55:00,Flipkart,Entertainment,1062.76,Wallet
U056,T00005_U056,2026-08-03 05:56:00,Myntra,Shopping,1194.65,Card
U056,T00006_U056,2026-07-06 11:51:00,Amazon,Healthcare,1876.47,Wallet
U056,T00007_U056,2026-06-06 06:17:00,Myntra,Travel,301.73,UPI
U056,T00008_U056,2026-08-28 10:16:00,Uber,Bills,1328.69,Card
U056,T00009_U056,2026-05-28 05:48:00,Uber,Food,903.09,Card
U056,T00010_U056,2026-07-13 07:32:00,Netflix,Food,279.03,Wallet
U056,T00011_U056,2026-02-26 03:58:00,Uber,Entertainment,2952.48,UPI
U056,T00012_U056,2026-05-09 21:24:00,Myntra,Travel,1507.93,Wallet
U056,T00013_U056,2026-08-15 05:16:00,Flipkart,Entertainment,875.7,Wallet
U056,T00014_U056,2026-09-28 15:23:00,Amazon,Healthcare,1816.06,UPI
U056,T00015_U056,2026-08-26 10:51:00,Uber,Food,984.6,Wallet
U056,T00016_U056,2026-02-08 16:14:00,Clinic,Travel,2220.26,UPI
U056,T00017_U056,2026-05-01 01:21:00,Myntra,Entertainment,2333.93,UPI
U056,T00018_U056,2026-09-15 02:08:00,Local Store,Travel,4247.7,UPI
U056,T00019_U056,2026-09-02 17:40:00,Local Store,Healthcare,3407.93,Wallet
U056,T00020_U056,2026-01-25 20:04:00,Local Store,Travel,131.79,Card
U056,T00021_U056,2026-07-19 03:46:00,Local Store,Food,3096.0,Card
U056,T00022_U056,2026-05-05 23:28:00,Amazon,Travel,4962.29,UPI
U056,T00023_U056,2026-09-23 15:38:00,Swiggy,Healthcare,1025.82,UPI
U056,T00024_U056,2026-08-06 02:54:00,Clinic,Travel,452.77,UPI
U056,T00025_U056,2026-02-25 05:20:00,Spotify,Bills,199.0,Card
U056,T00026_U056,2026-01-23 00:58:00,Swiggy,Travel,982.31,UPI
U056,T00027_U056,2026-08-01 16:14:00,Myntra,Healthcare,496.13,Wallet
U056,T00028_U056,2026-07-20 02:16:00,Uber,Healthcare,493.53,Card
U056,T00029_U056,2026-07-22 12:39:00,Clinic,Bills,1312.61,Card
U056,T00030_U056,2026-03-25 01:59:00,Amazon,Food,1017.96,Card
U056,T00031_U056,2026-03-11 08:25:00,Clinic,Food,634.81,Card
U056,T00032_U056,2026-03-28 07:45:00,Local Store,Bills,520.85,Wallet
U056,T00033_U056,2026-07-08 05:33:00,Netflix,Healthcare,1875.68,Wallet
U056,T00034_U056,2026-05-20 14:20:00,Clinic,Healthcare,1774.07,UPI
U056,T00035_U056,2026-09-08 22:48:00,Myntra,Bills,1523.28,UPI
U056,T00036_U056,2026-06-24 10:31:00,Clinic,Entertainment,1684.19,Wallet
U056,T00037_U056,2026-04-17 12:28:00,Swiggy,Entertainment,1225.71,Wallet
U056,T00038_U056,2026-02-21 01:23:00,Flipkart,Bills,2500.96,Wallet
U056,T00039_U056,2026-02-22 10:00:00,Flipkart,Travel,1467.52,UPI
U056,T00040_U056,2026-06-24 13:47:00,Myntra,Food,1373.77,Wallet
U056,T00041_U056,2026-07-29 19:40:00,Local Store,Entertainment,3428.38,Card
U056,T00042_U056,2026-04-19 11:19:00,Clinic,Healthcare,2277.28,Card
U056,T00043_U056,2026-01-09 15:20:00,Myntra,Food,308.97,UPI
U056,T00044_U056,2026-09-14 09:08:00,Myntra,Entertainment,1691.89,Card
U056,T00045_U056,2026-06-09 20:18:00,Swiggy,Food,2203.48,UPI
U056,T00046_U056,2026-05-23 11:37:00,Swiggy,Travel,1304.1,Wallet
U056,T00047_U056,2026-04-30 10:25:00,Flipkart,Travel,1670.19,Wallet
U056,T00048_U056,2026-05-06 15:49:00,Netflix,Entertainment,191.36,Card
U056,T00049_U056,2026-08-02 21:59:00,Netflix,Travel,1655.94,Card
U056,T00050_U056,2026-06-30 23:58:00,Amazon Prime,Bills,999.0,Card
U056,T00051_U056,2026-01-27 02:42:00,Netflix,Entertainment,3316.36,Card
U056,T00052_U056,2026-03-31 19:17:00,Local Store,Bills,1178.92,Wallet
U056,T00053_U056,2026-07-23 15:16:00,Swiggy,Healthcare,441.3,UPI
U056,T00054_U056,2026-09-22 10:17:00,Clinic,Food,102.21,Wallet
U056,T00055_U056,2026-05-15 02:21:00,Amazon,Bills,3062.3,Card
U056,T00056_U056,2026-06-13 15:56:00,Flipkart,Travel,2109.18,Wallet
U056,T00057_U056,2026-06-24 02:45:00,Amazon,Shopping,1273.72,Wallet
U056,T00058_U056,2026-05-26 13:04:00,Myntra,Travel,1835.24,Wallet
U056,T00059_U056,2026-03-27 00:17:00,Netflix,Food,603.47,UPI
U056,T00060_U056,2026-04-15 08:56:00,Amazon,Entertainment,265.47,Wallet
U056,T00061_U056,2026-09-13 16:31:00,Amazon,Shopping,445.42,Wallet
U056,T00062_U056,2026-07-15 11:38:00,Amazon,Shopping,1759.7,Card
U056,T00063_U056,2026-02-22 22:39:00,Clinic,Food,304.07,Card
U056,T00064_U056,2026-01-25 07:12:00,Flipkart,Healthcare,246.77,Card
U056,T00065_U056,2026-05-30 09:05:00,Uber,Bills,1204.68,Card
U056,T00066_U056,2026-01-28 21:11:00,Swiggy,Healthcare,3120.43,UPI
U056,T00067_U056,2026-04-24 15:58:00,Swiggy,Bills,1854.79,Wallet
U056,T00068_U056,2026-02-04 01:37:00,Myntra,Shopping,4392.33,Card
U056,T00069_U056,2026-08-26 14:15:00,Netflix,Entertainment,1936.59,Card
U056,T00070_U056,2026-07-13 09:22:00,Uber,Travel,893.98,UPI
U056,T00071_U056,2026-04-17 08:57:00,Amazon,Bills,1572.11,Wallet
U056,T00072_U056,2026-05-09 06:22:00,Amazon,Healthcare,358.91,UPI
U056,T00073_U056,2026-03-13 12:39:00,Amazon,Shopping,991.51,UPI
U056,T00074_U056,2026-03-11 06:44:00,Amazon,Shopping,1666.72,UPI
U056,T00075_U056,2026-07-06 21:47:00,Amazon Prime,Bills,499.0,Wallet
U056,T00076_U056,2026-01-15 14:01:00,Myntra,Shopping,700.96,UPI
U056,T00077_U056,2026-08-05 00:24:00,Uber,Entertainment,4771.67,Wallet
U056,T00078_U056,2026-06-02 09:52:00,Clinic,Bills,1477.17,Card
U056,T00079_U056,2026-05-27 17:15:00,Uber,Healthcare,1686.17,Card
U056,T00080_U056,2026-08-21 07:03:00,Flipkart,Shopping,228.83,Card
U056,T00081_U056,2026-09-02 05:22:00,Myntra,Shopping,857.57,Wallet
U056,T00082_U056,2026-04-16 14:29:00,Myntra,Food,998.17,UPI
U056,T00083_U056,2026-05-16 16:49:00,Amazon,Bills,1520.18,Wallet
U056,T00084_U056,2026-06-03 19:22:00,Local Store,Food,2536.35,Wallet
U056,T00085_U056,2026-02-04 23:45:00,Uber,Healthcare,2464.38,Card
U056,T00086_U056,2026-06-02 13:16:00,Myntra,Travel,1120.15,UPI
U056,T00087_U056,2026-05-13 02:23:00,Flipkart,Shopping,3918.1,Wallet
U056,T00088_U056,2026-07-12 15:34:00,Netflix,Travel,713.55,UPI
U056,T00089_U056,2026-02-05 16:37:00,Clinic,Entertainment,2271.94,UPI
U056,T00090_U056,2026-03-05 21:19:00,Clinic,Entertainment,4233.37,Wallet
U056,T00091_U056,2026-04-27 13:31:00,Flipkart,Shopping,2268.87,UPI
U056,T00092_U056,2026-09-15 22:01:00,Uber,Food,1698.48,Card
U056,T00093_U056,2026-09-05 22:02:00,Clinic,Healthcare,1195.88,Card
U056,T00094_U056,2026-01-22 21:15:00,Local Store,Food,334.59,Wallet
U056,T00095_U056,2026-06-02 00:47:00,Myntra,Entertainment,4982.15,Card
U056,T00096_U056,2026-06-29 15:20:00,Flipkart,Shopping,1595.66,Wallet
U056,T00097_U056,2026-04-14 04:48:00,Local Store,Bills,2206.21,Card
U056,T00098_U056,2026-02-16 11:43:00,Local Store,Food,2277.45,Card
U056,T00099_U056,2026-09-24 16:04:00,Netflix,Travel,1882.52,UPI
U057,T00000_U057,2026-06-16 11:53:00,Gym,Bills,999.0,Wallet
U057,T00001_U057,2026-06-04 01:36:00,Flipkart,Shopping,4156.41,UPI
U057,T00002_U057,2026-06-24 18:56:00,Netflix,Travel,386.6,Card
U057,T00003_U057,2026-03-01 02:14:00,Myntra,Shopping,1765.62,UPI
U057,T00004_U057,2026-09-19 04:23:00,Local Store,Entertainment,311.44,UPI
U057,T00005_U057,2026-08-08 18:28:00,Uber,Healthcare,1439.3,Wallet
U057,T00006_U057,2026-07-18 18:31:00,Uber,Bills,1361.43,Wallet
U057,T00007_U057,2026-09-17 20:38:00,Flipkart,Entertainment,304.66,Card
U057,T00008_U057,2026-04-25 01:22:00,Amazon,Shopping,2057.13,Card
U057,T00009_U057,2026-04-04 05:48:00,Amazon,Travel,1453.76,UPI
U057,T00010_U057,2026-03-03 04:30:00,Local Store,Travel,2961.51,Card
U057,T00011_U057,2026-07-19 06:06:00,Amazon,Bills,1469.6,Wallet
U057,T00012_U057,2026-08-06 07:29:00,Swiggy,Healthcare,2108.45,Card
U057,T00013_U057,2026-06-27 07:51:00,Swiggy,Entertainment,1108.15,UPI
U057,T00014_U057,2026-03-30 06:00:00,Flipkart,Entertainment,1475.34,Wallet
U057,T00015_U057,2026-06-30 15:29:00,Local Store,Travel,2274.34,Wallet
U057,T00016_U057,2026-09-24 09:51:00,Swiggy,Food,2018.22,UPI
U057,T00017_U057,2026-01-19 06:54:00,Myntra,Healthcare,1225.06,UPI
U057,T00018_U057,2026-04-22 04:19:00,Myntra,Bills,2367.32,Wallet
U057,T00019_U057,2026-07-15 06:47:00,Myntra,Travel,1740.43,UPI
U057,T00020_U057,2026-06-24 13:05:00,Myntra,Food,130.88,UPI
U057,T00021_U057,2026-01-02 21:53:00,Netflix,Entertainment,2610.97,UPI
U057,T00022_U057,2026-02-04 17:21:00,Amazon,Shopping,2300.82,Wallet
U057,T00023_U057,2026-02-10 14:31:00,Swiggy,Bills,2042.89,UPI
U057,T00024_U057,2026-07-20 13:24:00,Flipkart,Entertainment,1041.48,Wallet
U057,T00025_U057,2026-06-05 15:11:00,Amazon Prime,Bills,499.0,Card
U057,T00026_U057,2026-01-06 06:12:00,Clinic,Healthcare,1566.67,Wallet
U057,T00027_U057,2026-03-30 21:42:00,Uber,Bills,3026.14,UPI
U057,T00028_U057,2026-09-09 11:13:00,Flipkart,Travel,1699.11,UPI
U057,T00029_U057,2026-04-13 04:45:00,Netflix,Travel,637.34,Wallet
U057,T00030_U057,2026-06-18 13:28:00,Netflix,Food,213.85,Wallet
U057,T00031_U057,2026-05-08 01:23:00,Clinic,Entertainment,2033.9,UPI
U057,T00032_U057,2026-03-06 22:54:00,Netflix,Entertainment,464.23,Wallet
U057,T00033_U057,2026-05-30 17:38:00,Netflix,Food,860.72,Wallet
U057,T00034_U057,2026-05-02 16:32:00,Amazon,Shopping,2866.45,Card
U057,T00035_U057,2026-08-28 14:31:00,Uber,Entertainment,2065.17,Wallet
U057,T00036_U057,2026-02-13 13:54:00,Clinic,Travel,1093.43,Card
U057,T00037_U057,2026-03-12 16:57:00,Myntra,Shopping,1787.53,UPI
U057,T00038_U057,2026-06-17 21:17:00,Swiggy,Healthcare,2234.49,UPI
U057,T00039_U057,2026-06-06 17:54:00,Uber,Travel,555.31,Wallet
U057,T00040_U057,2026-05-12 23:54:00,Clinic,Travel,2087.05,Card
U057,T00041_U057,2026-07-22 02:46:00,Flipkart,Shopping,1236.04,UPI
U057,T00042_U057,2026-02-16 22:23:00,Netflix,Bills,1828.63,Wallet
U057,T00043_U057,2026-08-16 16:12:00,Flipkart,Shopping,1454.37,Wallet
U057,T00044_U057,2026-07-06 18:48:00,Amazon,Shopping,2036.96,Wallet
U057,T00045_U057,2026-05-26 02:09:00,Clinic,Healthcare,237.57,Wallet
U057,T00046_U057,2026-06-17 21:14:00,Swiggy,Entertainment,1793.14,Card
U057,T00047_U057,2026-01-22 14:08:00,Myntra,Food,169.76,UPI
U057,T00048_U057,2026-04-20 17:35:00,Amazon,Food,479.06,Wallet
U057,T00049_U057,2026-08-07 12:54:00,Local Store,Entertainment,2448.4,Card
U057,T00050_U057,2026-03-25 00:12:00,Spotify,Bills,999.0,Card
U057,T00051_U057,2026-08-04 15:00:00,Amazon,Entertainment,2618.84,Card
U057,T00052_U057,2026-07-27 21:54:00,Clinic,Travel,2033.27,UPI
U057,T00053_U057,2026-07-28 15:30:00,Netflix,Food,1345.84,UPI
U057,T00054_U057,2026-05-05 02:25:00,Swiggy,Travel,3644.54,Card
U057,T00055_U057,2026-09-11 23:15:00,Swiggy,Healthcare,2795.99,Wallet
U057,T00056_U057,2026-08-08 17:07:00,Myntra,Food,893.24,UPI
U057,T00057_U057,2026-03-11 18:51:00,Myntra,Shopping,2113.89,UPI
U057,T00058_U057,2026-06-11 08:31:00,Swiggy,Bills,1747.41,Wallet
U057,T00059_U057,2026-06-17 16:03:00,Swiggy,Travel,2138.6,Card
U057,T00060_U057,2026-07-17 03:53:00,Clinic,Travel,2156.71,UPI
U057,T00061_U057,2026-02-06 18:42:00,Swiggy,Food,1181.79,Wallet
U057,T00062_U057,2026-09-17 10:16:00,Clinic,Entertainment,2302.42,Wallet
U057,T00063_U057,2026-04-29 20:19:00,Clinic,Healthcare,1461.76,Wallet
U057,T00064_U057,2026-04-29 18:40:00,Uber,Food,451.49,Wallet
U057,T00065_U057,2026-06-12 18:24:00,Amazon,Entertainment,1356.82,UPI
U057,T00066_U057,2026-02-25 06:00:00,Uber,Travel,402.05,Wallet
U057,T00067_U057,2026-05-10 20:50:00,Myntra,Healthcare,960.31,UPI
U057,T00068_U057,2026-02-23 02:57:00,Swiggy,Bills,769.57,Card
U057,T00069_U057,2026-01-08 18:18:00,Amazon,Shopping,251.33,Card
U057,T00070_U057,2026-08-18 19:39:00,Swiggy,Healthcare,1848.88,UPI
U057,T00071_U057,2026-03-13 07:35:00,Clinic,Bills,1730.52,Card
U057,T00072_U057,2026-07-19 13:02:00,Local Store,Healthcare,2095.34,Wallet
U057,T00073_U057,2026-09-26 18:20:00,Flipkart,Food,1974.64,Card
U057,T00074_U057,2026-01-09 20:13:00,Clinic,Bills,1420.27,Wallet
U057,T00075_U057,2026-08-25 09:18:00,Netflix,Bills,299.0,Card
U057,T00076_U057,2026-05-03 05:44:00,Flipkart,Bills,3076.28,Card
U057,T00077_U057,2026-01-05 05:24:00,Flipkart,Entertainment,2517.29,Card
U057,T00078_U057,2026-03-04 11:59:00,Amazon,Travel,1840.05,UPI
U057,T00079_U057,2026-02-23 02:52:00,Local Store,Entertainment,331.28,Card
U057,T00080_U057,2026-07-27 14:31:00,Myntra,Food,2470.09,Wallet
U057,T00081_U057,2026-03-11 01:55:00,Myntra,Shopping,3402.74,Card
U057,T00082_U057,2026-08-13 08:02:00,Myntra,Travel,671.75,UPI
U057,T00083_U057,2026-04-18 13:00:00,Clinic,Entertainment,1273.13,Card
U057,T00084_U057,2026-02-26 19:55:00,Myntra,Healthcare,739.09,Wallet
U057,T00085_U057,2026-08-30 21:59:00,Myntra,Shopping,1578.53,UPI
U057,T00086_U057,2026-04-07 12:18:00,Local Store,Bills,1243.9,Card
U057,T00087_U057,2026-07-06 03:44:00,Uber,Healthcare,1217.41,UPI
U057,T00088_U057,2026-07-01 14:46:00,Uber,Travel,3383.75,Wallet
U057,T00089_U057,2026-03-16 10:08:00,Local Store,Healthcare,1671.27,Wallet
U057,T00090_U057,2026-01-25 22:07:00,Netflix,Bills,2375.87,UPI
U057,T00091_U057,2026-02-27 10:47:00,Clinic,Entertainment,2243.57,UPI
U057,T00092_U057,2026-06-26 02:20:00,Local Store,Entertainment,1099.34,UPI
U057,T00093_U057,2026-07-08 01:42:00,Swiggy,Entertainment,3598.37,Wallet
U057,T00094_U057,2026-04-18 02:55:00,Flipkart,Bills,957.79,UPI
U057,T00095_U057,2026-04-01 15:20:00,Local Store,Bills,433.76,Card
U057,T00096_U057,2026-06-26 12:12:00,Flipkart,Healthcare,2149.86,Wallet
U057,T00097_U057,2026-03-19 07:19:00,Netflix,Bills,432.18,Card
U057,T00098_U057,2026-08-20 01:21:00,Netflix,Food,3718.7,Wallet
U057,T00099_U057,2026-08-29 16:40:00,Flipkart,Shopping,918.47,UPI
U058,T00000_U058,2026-03-27 08:43:00,Gym,Bills,199.0,Wallet
U058,T00001_U058,2026-09-26 23:42:00,Myntra,Entertainment,2873.18,Wallet
U058,T00002_U058,2026-07-13 18:59:00,Uber,Entertainment,1255.36,Wallet
U058,T00003_U058,2026-04-03 06:40:00,Swiggy,Entertainment,990.22,Wallet
U058,T00004_U058,2026-05-23 15:35:00,Myntra,Entertainment,1091.7,UPI
U058,T00005_U058,2026-04-07 03:50:00,Myntra,Bills,794.05,Card
U058,T00006_U058,2026-02-16 22:11:00,Flipkart,Healthcare,434.8,Wallet
U058,T00007_U058,2026-01-01 12:11:00,Flipkart,Travel,2443.27,Wallet
U058,T00008_U058,2026-02-18 16:23:00,Netflix,Travel,983.34,UPI
U058,T00009_U058,2026-03-26 10:34:00,Flipkart,Bills,305.29,UPI
U058,T00010_U058,2026-01-27 07:22:00,Flipkart,Entertainment,167.18,UPI
U058,T00011_U058,2026-09-16 04:27:00,Flipkart,Entertainment,1158.86,Wallet
U058,T00012_U058,2026-01-05 09:28:00,Local Store,Bills,1235.01,Wallet
U058,T00013_U058,2026-08-12 20:08:00,Flipkart,Food,454.62,Wallet
U058,T00014_U058,2026-07-07 01:33:00,Myntra,Entertainment,2966.3,Wallet
U058,T00015_U058,2026-06-10 12:18:00,Flipkart,Healthcare,815.34,Card
U058,T00016_U058,2026-01-26 21:43:00,Myntra,Bills,606.16,Wallet
U058,T00017_U058,2026-03-29 11:34:00,Myntra,Entertainment,2474.0,Wallet
U058,T00018_U058,2026-05-29 12:29:00,Flipkart,Healthcare,1316.76,UPI
U058,T00019_U058,2026-05-05 00:54:00,Uber,Bills,1598.69,Card
U058,T00020_U058,2026-03-19 16:49:00,Flipkart,Food,2367.24,Wallet
U058,T00021_U058,2026-07-27 09:38:00,Uber,Food,1978.93,Wallet
U058,T00022_U058,2026-09-13 09:36:00,Amazon,Food,1139.46,UPI
U058,T00023_U058,2026-05-11 20:45:00,Amazon,Shopping,648.97,UPI
U058,T00024_U058,2026-02-20 12:26:00,Amazon,Shopping,1135.68,Wallet
U058,T00025_U058,2026-05-21 11:53:00,Netflix,Bills,499.0,Card
U058,T00026_U058,2026-07-13 04:10:00,Netflix,Bills,476.01,Wallet
U058,T00027_U058,2026-01-01 16:19:00,Local Store,Bills,439.06,Card
U058,T00028_U058,2026-01-23 23:42:00,Myntra,Food,3756.19,Card
U058,T00029_U058,2026-08-03 18:01:00,Amazon,Healthcare,1962.54,Card
U058,T00030_U058,2026-04-13 16:53:00,Amazon,Healthcare,2281.63,Wallet
U058,T00031_U058,2026-07-14 04:57:00,Uber,Travel,306.23,Card
U058,T00032_U058,2026-09-09 17:34:00,Netflix,Travel,2468.2,UPI
U058,T00033_U058,2026-03-17 02:27:00,Swiggy,Travel,3822.59,Card
U058,T00034_U058,2026-03-20 06:49:00,Flipkart,Bills,931.71,Wallet
U058,T00035_U058,2026-05-11 00:29:00,Amazon,Food,1823.1,Card
U058,T00036_U058,2026-03-29 19:33:00,Swiggy,Travel,873.88,UPI
U058,T00037_U058,2026-06-27 20:59:00,Swiggy,Healthcare,2117.28,Card
U058,T00038_U058,2026-08-16 03:16:00,Netflix,Bills,830.7,UPI
U058,T00039_U058,2026-03-04 15:48:00,Uber,Food,2155.83,Card
U058,T00040_U058,2026-05-11 23:51:00,Myntra,Food,2408.26,Wallet
U058,T00041_U058,2026-03-26 09:48:00,Myntra,Bills,475.87,UPI
U058,T00042_U058,2026-09-17 21:57:00,Amazon,Bills,955.69,Wallet
U058,T00043_U058,2026-04-03 01:32:00,Netflix,Bills,1389.3,Wallet
U058,T00044_U058,2026-01-02 03:52:00,Myntra,Shopping,3685.9,UPI
U058,T00045_U058,2026-09-02 23:14:00,Myntra,Healthcare,1701.28,Wallet
U058,T00046_U058,2026-06-01 07:03:00,Amazon,Shopping,1752.06,Card
U058,T00047_U058,2026-05-09 19:25:00,Flipkart,Shopping,1446.77,Card
U058,T00048_U058,2026-06-01 01:48:00,Flipkart,Healthcare,2435.08,Wallet
U058,T00049_U058,2026-05-17 04:53:00,Netflix,Healthcare,2081.75,UPI
U058,T00050_U058,2026-01-14 16:26:00,Amazon Prime,Bills,999.0,Wallet
U058,T00051_U058,2026-05-06 04:37:00,Swiggy,Healthcare,2230.48,Card
U058,T00052_U058,2026-01-30 08:59:00,Clinic,Healthcare,2474.33,UPI
U058,T00053_U058,2026-06-11 03:35:00,Amazon,Shopping,1487.39,Wallet
U058,T00054_U058,2026-01-27 15:16:00,Uber,Travel,1229.25,Wallet
U058,T00055_U058,2026-04-29 18:06:00,Amazon,Healthcare,1955.85,Card
U058,T00056_U058,2026-01-06 00:12:00,Uber,Healthcare,1404.42,Wallet
U058,T00057_U058,2026-05-22 16:25:00,Clinic,Travel,1910.35,Card
U058,T00058_U058,2026-05-31 08:38:00,Local Store,Entertainment,1209.82,UPI
U058,T00059_U058,2026-04-23 12:24:00,Swiggy,Healthcare,1941.97,Card
U058,T00060_U058,2026-05-15 03:09:00,Amazon,Food,1733.74,Wallet
U058,T00061_U058,2026-04-18 16:40:00,Amazon,Shopping,2116.47,Wallet
U058,T00062_U058,2026-05-25 00:19:00,Amazon,Shopping,2312.83,UPI
U058,T00063_U058,2026-07-22 19:49:00,Netflix,Healthcare,1259.56,Card
U058,T00064_U058,2026-07-11 04:44:00,Local Store,Entertainment,2548.48,UPI
U058,T00065_U058,2026-04-22 21:47:00,Local Store,Food,571.12,Card
U058,T00066_U058,2026-09-25 02:29:00,Myntra,Travel,1130.62,UPI
U058,T00067_U058,2026-05-08 10:15:00,Local Store,Entertainment,2227.37,UPI
U058,T00068_U058,2026-09-21 07:48:00,Flipkart,Bills,127.42,Wallet
U058,T00069_U058,2026-07-03 07:38:00,Myntra,Travel,3577.89,Card
U058,T00070_U058,2026-01-22 16:41:00,Netflix,Bills,551.69,Wallet
U058,T00071_U058,2026-08-28 07:18:00,Swiggy,Healthcare,453.48,Wallet
U058,T00072_U058,2026-09-08 23:19:00,Netflix,Entertainment,1087.16,Wallet
U058,T00073_U058,2026-08-19 14:02:00,Swiggy,Travel,1482.22,Card
U058,T00074_U058,2026-08-23 17:04:00,Uber,Bills,975.03,Card
U058,T00075_U058,2026-06-22 18:30:00,Netflix,Bills,199.0,Wallet
U058,T00076_U058,2026-04-13 21:16:00,Netflix,Food,1228.34,Card
U058,T00077_U058,2026-02-19 01:33:00,Swiggy,Healthcare,946.04,Wallet
U058,T00078_U058,2026-09-12 10:27:00,Uber,Bills,2236.98,UPI
U058,T00079_U058,2026-08-31 22:58:00,Flipkart,Shopping,3612.87,Card
U058,T00080_U058,2026-08-21 02:43:00,Local Store,Healthcare,3588.32,UPI
U058,T00081_U058,2026-07-18 10:32:00,Myntra,Entertainment,655.84,UPI
U058,T00082_U058,2026-06-07 02:07:00,Uber,Food,1853.55,Wallet
U058,T00083_U058,2026-08-03 14:59:00,Myntra,Food,1891.87,Wallet
U058,T00084_U058,2026-03-23 17:53:00,Myntra,Food,2118.44,Wallet
U058,T00085_U058,2026-03-02 05:54:00,Netflix,Entertainment,3047.31,Wallet
U058,T00086_U058,2026-02-02 19:56:00,Swiggy,Entertainment,2339.36,Wallet
U058,T00087_U058,2026-06-28 21:35:00,Netflix,Travel,998.49,UPI
U058,T00088_U058,2026-05-23 06:29:00,Flipkart,Entertainment,397.55,Card
U058,T00089_U058,2026-07-08 18:25:00,Swiggy,Entertainment,1283.32,UPI
U058,T00090_U058,2026-08-11 19:53:00,Uber,Travel,1413.85,UPI
U058,T00091_U058,2026-05-19 23:19:00,Swiggy,Food,390.36,UPI
U058,T00092_U058,2026-08-16 11:26:00,Myntra,Food,672.26,UPI
U058,T00093_U058,2026-01-27 23:27:00,Swiggy,Travel,2093.73,Card
U058,T00094_U058,2026-03-23 18:26:00,Myntra,Bills,523.52,Wallet
U058,T00095_U058,2026-09-15 21:57:00,Uber,Travel,469.29,UPI
U058,T00096_U058,2026-05-17 08:37:00,Clinic,Healthcare,1481.74,Wallet
U058,T00097_U058,2026-03-18 11:07:00,Clinic,Healthcare,1755.17,Card
U058,T00098_U058,2026-07-28 20:52:00,Uber,Travel,2281.27,Wallet
U058,T00099_U058,2026-08-25 17:44:00,Flipkart,Healthcare,2391.4,Card
U059,T00000_U059,2026-02-04 01:53:00,Amazon Prime,Bills,199.0,Card
U059,T00001_U059,2026-09-11 14:07:00,Netflix,Bills,568.09,Card
U059,T00002_U059,2026-01-02 20:06:00,Uber,Entertainment,4098.7,Card
U059,T00003_U059,2026-02-01 05:22:00,Swiggy,Entertainment,275.14,UPI
U059,T00004_U059,2026-07-29 21:25:00,Clinic,Entertainment,1497.25,UPI
U059,T00005_U059,2026-08-13 03:09:00,Clinic,Entertainment,485.03,Wallet
U059,T00006_U059,2026-06-16 00:26:00,Myntra,Travel,3550.98,Wallet
U059,T00007_U059,2026-01-13 22:18:00,Flipkart,Shopping,1268.99,Card
U059,T00008_U059,2026-08-25 12:08:00,Flipkart,Shopping,183.15,Card
U059,T00009_U059,2026-06-09 07:04:00,Flipkart,Entertainment,1478.93,Card
U059,T00010_U059,2026-09-19 09:26:00,Clinic,Travel,402.67,Card
U059,T00011_U059,2026-01-28 09:24:00,Myntra,Entertainment,3033.5,UPI
U059,T00012_U059,2026-08-12 19:01:00,Amazon,Entertainment,868.65,Wallet
U059,T00013_U059,2026-06-29 01:42:00,Flipkart,Shopping,3559.01,Card
U059,T00014_U059,2026-04-26 02:55:00,Flipkart,Shopping,3145.71,Card
U059,T00015_U059,2026-07-16 14:27:00,Netflix,Entertainment,787.57,UPI
U059,T00016_U059,2026-06-16 07:47:00,Myntra,Healthcare,766.52,Wallet
U059,T00017_U059,2026-02-28 22:55:00,Uber,Entertainment,870.12,UPI
U059,T00018_U059,2026-09-14 23:27:00,Clinic,Food,1574.35,Wallet
U059,T00019_U059,2026-02-04 07:33:00,Netflix,Food,1602.32,UPI
U059,T00020_U059,2026-07-13 14:54:00,Local Store,Bills,811.87,Card
U059,T00021_U059,2026-07-10 04:26:00,Netflix,Food,543.53,Wallet
U059,T00022_U059,2026-06-28 21:23:00,Swiggy,Entertainment,1914.46,Wallet
U059,T00023_U059,2026-07-11 01:35:00,Clinic,Entertainment,2875.81,UPI
U059,T00024_U059,2026-03-06 06:21:00,Local Store,Healthcare,1673.92,Card
U059,T00025_U059,2026-07-23 19:09:00,Netflix,Bills,199.0,Card
U059,T00026_U059,2026-04-06 10:42:00,Amazon,Travel,978.89,Card
U059,T00027_U059,2026-08-17 22:23:00,Flipkart,Food,1239.09,Wallet
U059,T00028_U059,2026-05-09 18:21:00,Amazon,Shopping,2104.27,Card
U059,T00029_U059,2026-04-12 08:48:00,Netflix,Travel,1371.9,UPI
U059,T00030_U059,2026-02-03 19:31:00,Myntra,Entertainment,719.28,Card
U059,T00031_U059,2026-02-15 12:17:00,Local Store,Healthcare,284.67,UPI
U059,T00032_U059,2026-08-09 10:15:00,Flipkart,Shopping,406.02,Card
U059,T00033_U059,2026-08-19 01:47:00,Amazon,Healthcare,2701.93,Card
U059,T00034_U059,2026-09-28 22:06:00,Myntra,Shopping,450.41,UPI
U059,T00035_U059,2026-05-09 07:28:00,Amazon,Travel,2042.79,Card
U059,T00036_U059,2026-09-21 03:31:00,Flipkart,Bills,133.07,UPI
U059,T00037_U059,2026-06-15 16:34:00,Swiggy,Bills,891.28,Wallet
U059,T00038_U059,2026-09-18 01:34:00,Uber,Food,173.46,Wallet
U059,T00039_U059,2026-01-13 10:02:00,Amazon,Bills,1767.71,UPI
U059,T00040_U059,2026-06-23 12:45:00,Flipkart,Shopping,2397.27,Wallet
U059,T00041_U059,2026-08-10 18:37:00,Myntra,Food,2407.43,UPI
U059,T00042_U059,2026-02-05 03:26:00,Local Store,Healthcare,3870.46,Wallet
U059,T00043_U059,2026-02-08 05:58:00,Local Store,Travel,2410.7,Card
U059,T00044_U059,2026-05-13 04:32:00,Myntra,Food,2882.01,Card
U059,T00045_U059,2026-09-26 06:25:00,Myntra,Shopping,1196.89,Wallet
U059,T00046_U059,2026-09-18 17:50:00,Netflix,Travel,1537.16,UPI
U059,T00047_U059,2026-07-19 00:55:00,Myntra,Bills,127.16,Wallet
U059,T00048_U059,2026-05-13 23:27:00,Local Store,Travel,3267.91,Wallet
U059,T00049_U059,2026-03-03 13:25:00,Clinic,Travel,4144.24,Wallet
U059,T00050_U059,2026-02-19 06:01:00,Amazon Prime,Bills,299.0,Wallet
U059,T00051_U059,2026-07-22 09:41:00,Local Store,Food,749.61,UPI
U059,T00052_U059,2026-09-28 12:09:00,Netflix,Healthcare,1062.18,UPI
U059,T00053_U059,2026-04-26 00:30:00,Flipkart,Shopping,4006.24,Card
U059,T00054_U059,2026-07-17 08:06:00,Amazon,Shopping,336.97,Wallet
U059,T00055_U059,2026-07-06 11:31:00,Netflix,Travel,1405.81,UPI
U059,T00056_U059,2026-09-16 23:00:00,Netflix,Healthcare,2669.31,UPI
U059,T00057_U059,2026-06-09 01:33:00,Myntra,Shopping,1255.03,UPI
U059,T00058_U059,2026-08-31 16:33:00,Amazon,Travel,1836.19,Wallet
U059,T00059_U059,2026-07-16 11:24:00,Flipkart,Bills,526.67,Wallet
U059,T00060_U059,2026-08-01 04:29:00,Myntra,Entertainment,839.45,UPI
U059,T00061_U059,2026-08-29 10:14:00,Amazon,Travel,2329.08,Wallet
U059,T00062_U059,2026-06-26 10:40:00,Swiggy,Entertainment,486.4,UPI
U059,T00063_U059,2026-09-21 00:05:00,Clinic,Entertainment,522.96,Card
U059,T00064_U059,2026-03-08 18:18:00,Swiggy,Travel,420.45,Card
U059,T00065_U059,2026-05-27 08:29:00,Myntra,Shopping,1700.67,UPI
U059,T00066_U059,2026-05-25 22:15:00,Amazon,Bills,173.56,UPI
U059,T00067_U059,2026-04-06 07:47:00,Amazon,Healthcare,2084.76,Card
U059,T00068_U059,2026-08-07 14:54:00,Swiggy,Bills,2232.25,Card
U059,T00069_U059,2026-09-07 23:16:00,Clinic,Entertainment,1971.97,UPI
U059,T00070_U059,2026-02-19 02:42:00,Uber,Food,130.78,Card
U059,T00071_U059,2026-05-07 23:29:00,Myntra,Bills,1731.22,Wallet
U059,T00072_U059,2026-08-17 15:45:00,Netflix,Entertainment,1646.44,UPI
U059,T00073_U059,2026-05-25 04:08:00,Flipkart,Travel,2672.59,UPI
U059,T00074_U059,2026-03-10 08:08:00,Clinic,Travel,1244.54,UPI
U059,T00075_U059,2026-08-22 14:16:00,Netflix,Bills,299.0,UPI
U059,T00076_U059,2026-09-24 16:56:00,Myntra,Travel,323.76,Card
U059,T00077_U059,2026-09-27 09:27:00,Flipkart,Food,1806.34,UPI
U059,T00078_U059,2026-04-28 18:52:00,Clinic,Entertainment,2247.52,Card
U059,T00079_U059,2026-04-01 00:48:00,Uber,Healthcare,3570.95,Wallet
U059,T00080_U059,2026-05-07 11:42:00,Uber,Bills,1172.98,Card
U059,T00081_U059,2026-01-29 12:36:00,Flipkart,Healthcare,2332.52,Card
U059,T00082_U059,2026-05-04 04:41:00,Swiggy,Healthcare,1204.67,Card
U059,T00083_U059,2026-02-11 13:45:00,Clinic,Healthcare,1520.93,Card
U059,T00084_U059,2026-07-30 23:28:00,Clinic,Healthcare,3654.4,Wallet
U059,T00085_U059,2026-09-22 13:13:00,Local Store,Healthcare,1891.1,UPI
U059,T00086_U059,2026-04-26 18:20:00,Uber,Bills,1972.64,Card
U059,T00087_U059,2026-03-11 22:04:00,Netflix,Food,1895.97,UPI
U059,T00088_U059,2026-04-28 20:21:00,Swiggy,Healthcare,441.24,UPI
U059,T00089_U059,2026-09-11 15:36:00,Myntra,Entertainment,1062.47,UPI
U059,T00090_U059,2026-09-16 18:24:00,Uber,Travel,1937.9,Wallet
U059,T00091_U059,2026-09-10 21:29:00,Amazon,Bills,1799.2,Wallet
U059,T00092_U059,2026-03-20 04:01:00,Amazon,Food,174.65,Wallet
U059,T00093_U059,2026-05-11 05:32:00,Local Store,Entertainment,1530.76,Card
U059,T00094_U059,2026-04-04 10:05:00,Clinic,Travel,1289.71,Card
U059,T00095_U059,2026-01-22 18:44:00,Clinic,Entertainment,335.57,Wallet
U059,T00096_U059,2026-01-08 21:32:00,Swiggy,Food,1811.61,Wallet
U059,T00097_U059,2026-06-30 16:44:00,Myntra,Entertainment,1303.93,Card
U059,T00098_U059,2026-05-31 23:44:00,Local Store,Bills,2342.31,Card
U059,T00099_U059,2026-09-22 06:54:00,Netflix,Food,375.92,UPI
U060,T00000_U060,2026-08-26 04:47:00,Amazon Prime,Bills,299.0,UPI
U060,T00001_U060,2026-06-17 07:27:00,Netflix,Entertainment,1721.23,Wallet
U060,T00002_U060,2026-09-05 15:28:00,Amazon,Shopping,4148.98,Card
U060,T00003_U060,2026-06-21 17:54:00,Netflix,Entertainment,215.41,Wallet
U060,T00004_U060,2026-02-05 00:19:00,Clinic,Healthcare,3089.76,Card
U060,T00005_U060,2026-02-08 20:57:00,Myntra,Healthcare,2181.88,UPI
U060,T00006_U060,2026-07-31 02:42:00,Swiggy,Bills,2437.86,Wallet
U060,T00007_U060,2026-07-31 19:48:00,Uber,Entertainment,2273.4,Wallet
U060,T00008_U060,2026-02-16 14:07:00,Myntra,Shopping,1943.31,Card
U060,T00009_U060,2026-08-05 16:42:00,Amazon,Shopping,921.56,Card
U060,T00010_U060,2026-07-10 22:09:00,Netflix,Travel,1376.85,Wallet
U060,T00011_U060,2026-07-14 15:13:00,Swiggy,Travel,1238.92,Wallet
U060,T00012_U060,2026-02-17 23:03:00,Clinic,Healthcare,825.9,Wallet
U060,T00013_U060,2026-06-02 14:53:00,Uber,Entertainment,3636.56,Wallet
U060,T00014_U060,2026-02-06 05:43:00,Amazon,Entertainment,724.74,Wallet
U060,T00015_U060,2026-04-15 21:25:00,Flipkart,Healthcare,357.56,Wallet
U060,T00016_U060,2026-07-22 05:55:00,Netflix,Entertainment,1046.71,Card
U060,T00017_U060,2026-05-11 07:37:00,Netflix,Food,252.72,Wallet
U060,T00018_U060,2026-06-22 12:56:00,Flipkart,Entertainment,2497.21,UPI
U060,T00019_U060,2026-07-21 06:24:00,Amazon,Shopping,2002.1,Card
U060,T00020_U060,2026-02-09 12:16:00,Clinic,Food,1325.0,Wallet
U060,T00021_U060,2026-01-29 09:53:00,Amazon,Bills,568.24,Card
U060,T00022_U060,2026-04-11 22:46:00,Flipkart,Entertainment,1550.44,Card
U060,T00023_U060,2026-03-23 15:59:00,Myntra,Healthcare,1937.01,Wallet
U060,T00024_U060,2026-06-12 18:47:00,Local Store,Bills,1157.6,Card
U060,T00025_U060,2026-02-01 10:23:00,Gym,Bills,199.0,Card
U060,T00026_U060,2026-05-30 22:35:00,Flipkart,Shopping,211.75,UPI
U060,T00027_U060,2026-04-22 22:52:00,Flipkart,Food,2453.46,Card
U060,T00028_U060,2026-09-18 18:12:00,Uber,Entertainment,1109.66,UPI
U060,T00029_U060,2026-02-02 07:27:00,Uber,Bills,450.79,UPI
U060,T00030_U060,2026-03-11 23:38:00,Uber,Food,791.46,Card
U060,T00031_U060,2026-02-02 23:37:00,Local Store,Travel,4714.83,Card
U060,T00032_U060,2026-06-22 17:38:00,Myntra,Shopping,628.27,Card
U060,T00033_U060,2026-03-08 22:34:00,Clinic,Travel,1703.63,Card
U060,T00034_U060,2026-04-10 00:50:00,Myntra,Healthcare,2880.7,Wallet
U060,T00035_U060,2026-04-01 19:59:00,Myntra,Shopping,1257.58,Wallet
U060,T00036_U060,2026-09-12 03:23:00,Flipkart,Healthcare,1632.91,Wallet
U060,T00037_U060,2026-07-29 09:31:00,Flipkart,Shopping,1973.4,Card
U060,T00038_U060,2026-05-17 13:17:00,Netflix,Healthcare,870.3,Card
U060,T00039_U060,2026-03-19 16:15:00,Swiggy,Food,2315.92,UPI
U060,T00040_U060,2026-06-30 23:43:00,Swiggy,Food,5130.44,Card
U060,T00041_U060,2026-06-29 00:47:00,Netflix,Healthcare,3195.99,UPI
U060,T00042_U060,2026-02-25 00:35:00,Local Store,Healthcare,1830.7,Card
U060,T00043_U060,2026-05-10 15:27:00,Flipkart,Food,1171.69,Wallet
U060,T00044_U060,2026-08-07 12:12:00,Uber,Entertainment,1032.79,Card
U060,T00045_U060,2026-05-05 07:14:00,Clinic,Travel,2086.59,Card
U060,T00046_U060,2026-04-28 06:30:00,Myntra,Bills,898.67,Wallet
U060,T00047_U060,2026-08-09 05:32:00,Amazon,Food,927.83,UPI
U060,T00048_U060,2026-04-22 15:18:00,Myntra,Shopping,687.7,UPI
U060,T00049_U060,2026-06-15 05:07:00,Uber,Bills,120.82,Wallet
U060,T00050_U060,2026-01-02 08:30:00,Gym,Bills,299.0,Wallet
U060,T00051_U060,2026-02-08 08:22:00,Clinic,Bills,1182.15,Card
U060,T00052_U060,2026-07-13 00:36:00,Netflix,Bills,2276.82,UPI
U060,T00053_U060,2026-08-13 09:31:00,Flipkart,Healthcare,1033.28,Card
U060,T00054_U060,2026-04-15 19:28:00,Netflix,Healthcare,1357.53,Card
U060,T00055_U060,2026-09-17 23:38:00,Netflix,Healthcare,3878.61,Card
U060,T00056_U060,2026-03-01 07:07:00,Uber,Healthcare,3389.68,Wallet
U060,T00057_U060,2026-07-19 02:58:00,Flipkart,Entertainment,2815.3,Card
U060,T00058_U060,2026-09-03 08:30:00,Clinic,Entertainment,1188.59,UPI
U060,T00059_U060,2026-02-10 04:14:00,Uber,Bills,1885.9,Card
U060,T00060_U060,2026-02-07 19:05:00,Clinic,Bills,897.06,Card
U060,T00061_U060,2026-04-24 04:46:00,Amazon,Shopping,1830.19,Card
U060,T00062_U060,2026-01-07 10:18:00,Amazon,Travel,1151.56,Card
U060,T00063_U060,2026-06-14 17:23:00,Swiggy,Travel,874.05,Wallet
U060,T00064_U060,2026-02-04 18:14:00,Uber,Travel,3324.99,UPI
U060,T00065_U060,2026-08-29 03:08:00,Myntra,Shopping,1504.0,Card
U060,T00066_U060,2026-05-02 06:23:00,Flipkart,Shopping,2477.34,Wallet
U060,T00067_U060,2026-01-11 18:25:00,Amazon,Shopping,1852.57,Wallet
U060,T00068_U060,2026-07-26 00:33:00,Clinic,Entertainment,2566.85,Card
U060,T00069_U060,2026-09-16 20:55:00,Myntra,Bills,1967.84,Card
U060,T00070_U060,2026-04-08 14:54:00,Flipkart,Entertainment,213.77,Card
U060,T00071_U060,2026-08-22 07:37:00,Flipkart,Healthcare,2182.33,Card
U060,T00072_U060,2026-07-30 00:36:00,Clinic,Entertainment,2549.28,UPI
U060,T00073_U060,2026-01-29 21:41:00,Uber,Travel,4306.72,Card
U060,T00074_U060,2026-03-13 19:25:00,Amazon,Shopping,1747.04,Card
U060,T00075_U060,2026-04-29 22:11:00,Spotify,Bills,499.0,Card
U060,T00076_U060,2026-07-17 07:01:00,Uber,Travel,1709.71,Wallet
U060,T00077_U060,2026-06-29 13:31:00,Amazon,Food,1748.38,Wallet
U060,T00078_U060,2026-08-15 05:17:00,Netflix,Healthcare,1428.68,Wallet
U060,T00079_U060,2026-08-24 21:02:00,Uber,Bills,117.15,Card
U060,T00080_U060,2026-06-11 06:44:00,Swiggy,Bills,974.96,Wallet
U060,T00081_U060,2026-07-20 10:39:00,Clinic,Healthcare,440.64,Wallet
U060,T00082_U060,2026-04-22 19:23:00,Clinic,Food,1877.82,UPI
U060,T00083_U060,2026-06-28 02:51:00,Amazon,Shopping,2032.72,Wallet
U060,T00084_U060,2026-02-24 10:24:00,Flipkart,Bills,1426.7,UPI
U060,T00085_U060,2026-04-04 15:55:00,Netflix,Bills,1057.01,Wallet
U060,T00086_U060,2026-03-21 03:18:00,Myntra,Healthcare,1060.51,UPI
U060,T00087_U060,2026-09-03 07:00:00,Flipkart,Entertainment,2718.75,Wallet
U060,T00088_U060,2026-07-10 16:13:00,Local Store,Food,1442.24,Wallet
U060,T00089_U060,2026-09-14 06:55:00,Amazon,Entertainment,1116.12,UPI
U060,T00090_U060,2026-04-12 17:25:00,Netflix,Entertainment,1700.1,UPI
U060,T00091_U060,2026-07-24 15:30:00,Netflix,Travel,1453.89,Card
U060,T00092_U060,2026-05-05 23:58:00,Uber,Travel,722.14,Wallet
U060,T00093_U060,2026-08-15 15:57:00,Myntra,Healthcare,949.1,UPI
U060,T00094_U060,2026-05-31 01:11:00,Amazon,Travel,349.95,Card
U060,T00095_U060,2026-09-28 14:09:00,Myntra,Shopping,1810.07,Card
U060,T00096_U060,2026-03-18 01:33:00,Myntra,Food,933.9,Card
U060,T00097_U060,2026-02-13 11:03:00,Uber,Entertainment,1491.65,UPI
U060,T00098_U060,2026-07-27 12:00:00,Amazon,Bills,1127.49,Wallet
U060,T00099_U060,2026-02-28 02:21:00,Netflix,Healthcare,3700.11,Wallet
U061,T00000_U061,2026-05-26 00:45:00,Netflix,Bills,199.0,Card
U061,T00001_U061,2026-06-21 17:19:00,Myntra,Food,412.3,Card
U061,T00002_U061,2026-01-12 12:55:00,Swiggy,Bills,2324.45,Card
U061,T00003_U061,2026-06-08 19:50:00,Flipkart,Travel,896.88,Wallet
U061,T00004_U061,2026-06-28 23:44:00,Swiggy,Healthcare,4967.19,UPI
U061,T00005_U061,2026-04-22 12:18:00,Myntra,Entertainment,2189.99,Card
U061,T00006_U061,2026-07-05 10:49:00,Amazon,Bills,2044.75,UPI
U061,T00007_U061,2026-05-01 11:04:00,Myntra,Travel,1246.1,Wallet
U061,T00008_U061,2026-07-28 12:44:00,Myntra,Shopping,3476.43,Card
U061,T00009_U061,2026-04-19 18:58:00,Swiggy,Healthcare,755.74,Wallet
U061,T00010_U061,2026-08-02 15:40:00,Flipkart,Shopping,423.81,Card
U061,T00011_U061,2026-02-26 23:28:00,Clinic,Food,877.51,UPI
U061,T00012_U061,2026-09-14 03:56:00,Local Store,Entertainment,4174.34,UPI
U061,T00013_U061,2026-04-25 00:14:00,Uber,Healthcare,1189.35,UPI
U061,T00014_U061,2026-02-19 11:03:00,Local Store,Food,705.72,Card
U061,T00015_U061,2026-07-29 12:09:00,Clinic,Travel,868.33,Card
U061,T00016_U061,2026-04-23 13:06:00,Flipkart,Shopping,1065.84,Card
U061,T00017_U061,2026-07-22 05:49:00,Flipkart,Shopping,2326.92,Wallet
U061,T00018_U061,2026-06-08 15:17:00,Swiggy,Travel,1432.9,Wallet
U061,T00019_U061,2026-09-16 19:50:00,Amazon,Entertainment,1218.99,UPI
U061,T00020_U061,2026-04-23 02:48:00,Clinic,Travel,455.03,Card
U061,T00021_U061,2026-03-30 12:52:00,Uber,Food,3817.71,Card
U061,T00022_U061,2026-02-14 13:21:00,Uber,Food,729.98,UPI
U061,T00023_U061,2026-07-09 05:27:00,Uber,Travel,2424.51,Wallet
U061,T00024_U061,2026-09-14 23:40:00,Myntra,Shopping,2434.37,Card
U061,T00025_U061,2026-02-14 21:43:00,Gym,Bills,199.0,Card
U061,T00026_U061,2026-09-17 15:53:00,Myntra,Entertainment,150.2,UPI
U061,T00027_U061,2026-04-09 14:15:00,Local Store,Bills,2334.18,Wallet
U061,T00028_U061,2026-03-26 09:57:00,Amazon,Shopping,1708.28,Wallet
U061,T00029_U061,2026-09-06 09:42:00,Amazon,Healthcare,846.38,Card
U061,T00030_U061,2026-05-19 00:50:00,Amazon,Shopping,2176.78,Card
U061,T00031_U061,2026-03-21 10:22:00,Local Store,Travel,307.15,UPI
U061,T00032_U061,2026-03-15 13:46:00,Myntra,Shopping,598.77,UPI
U061,T00033_U061,2026-07-04 11:04:00,Netflix,Food,986.84,Wallet
U061,T00034_U061,2026-07-05 04:55:00,Netflix,Entertainment,260.81,Wallet
U061,T00035_U061,2026-02-01 16:57:00,Myntra,Travel,2749.86,Card
U061,T00036_U061,2026-02-06 04:25:00,Amazon,Shopping,1325.42,Wallet
U061,T00037_U061,2026-04-19 15:33:00,Flipkart,Food,463.47,Card
U061,T00038_U061,2026-03-23 14:15:00,Amazon,Shopping,2208.16,Card
U061,T00039_U061,2026-08-17 23:27:00,Uber,Entertainment,1748.28,Wallet
U061,T00040_U061,2026-09-18 03:37:00,Uber,Healthcare,2848.41,Card
U061,T00041_U061,2026-08-23 09:37:00,Myntra,Healthcare,2441.51,Card
U061,T00042_U061,2026-05-18 19:39:00,Myntra,Shopping,583.01,Card
U061,T00043_U061,2026-09-11 05:55:00,Local Store,Healthcare,1081.29,Card
U061,T00044_U061,2026-01-03 21:21:00,Flipkart,Shopping,3179.98,Wallet
U061,T00045_U061,2026-04-18 05:02:00,Flipkart,Shopping,1052.4,Wallet
U061,T00046_U061,2026-04-16 03:30:00,Swiggy,Entertainment,1206.36,UPI
U061,T00047_U061,2026-04-24 06:12:00,Netflix,Food,2009.17,Wallet
U061,T00048_U061,2026-02-19 16:01:00,Local Store,Food,1066.76,Wallet
U061,T00049_U061,2026-01-06 05:15:00,Myntra,Entertainment,1390.59,UPI
U061,T00050_U061,2026-04-24 16:33:00,Netflix,Bills,199.0,Card
U061,T00051_U061,2026-05-22 21:57:00,Amazon,Shopping,1406.03,Card
U061,T00052_U061,2026-09-06 07:16:00,Netflix,Food,1491.52,UPI
U061,T00053_U061,2026-01-12 21:24:00,Swiggy,Entertainment,1300.26,UPI
U061,T00054_U061,2026-05-01 22:24:00,Swiggy,Travel,978.44,UPI
U061,T00055_U061,2026-07-30 20:11:00,Flipkart,Shopping,3463.62,Wallet
U061,T00056_U061,2026-03-09 04:59:00,Amazon,Travel,2423.8,Wallet
U061,T00057_U061,2026-03-16 13:41:00,Flipkart,Food,909.64,Card
U061,T00058_U061,2026-03-06 02:03:00,Uber,Bills,238.17,Card
U061,T00059_U061,2026-09-12 20:01:00,Myntra,Entertainment,1801.83,Wallet
U061,T00060_U061,2026-02-02 01:36:00,Clinic,Bills,3913.91,Wallet
U061,T00061_U061,2026-07-22 13:59:00,Swiggy,Travel,2453.49,UPI
U061,T00062_U061,2026-08-03 17:05:00,Myntra,Entertainment,460.01,UPI
U061,T00063_U061,2026-08-30 06:03:00,Clinic,Bills,425.37,UPI
U061,T00064_U061,2026-01-10 06:39:00,Myntra,Food,162.8,UPI
U061,T00065_U061,2026-06-24 23:42:00,Myntra,Entertainment,1189.41,UPI
U061,T00066_U061,2026-04-01 20:59:00,Clinic,Travel,1460.3,Wallet
U061,T00067_U061,2026-08-18 19:33:00,Myntra,Healthcare,251.47,UPI
U061,T00068_U061,2026-08-25 07:34:00,Netflix,Food,2354.28,UPI
U061,T00069_U061,2026-04-17 05:08:00,Clinic,Bills,1709.49,UPI
U061,T00070_U061,2026-06-17 08:02:00,Uber,Food,1522.38,Wallet
U061,T00071_U061,2026-05-08 17:43:00,Clinic,Travel,1950.05,Card
U061,T00072_U061,2026-05-30 07:41:00,Local Store,Food,2962.41,Card
U061,T00073_U061,2026-08-21 17:03:00,Clinic,Food,2053.58,Wallet
U061,T00074_U061,2026-03-30 23:17:00,Flipkart,Entertainment,3552.05,UPI
U061,T00075_U061,2026-09-02 11:23:00,Amazon Prime,Bills,299.0,Wallet
U061,T00076_U061,2026-09-10 11:02:00,Clinic,Food,1894.42,UPI
U061,T00077_U061,2026-01-28 23:12:00,Clinic,Food,4365.94,UPI
U061,T00078_U061,2026-07-05 18:45:00,Swiggy,Bills,1064.81,UPI
U061,T00079_U061,2026-07-11 21:26:00,Local Store,Bills,735.14,UPI
U061,T00080_U061,2026-01-25 02:19:00,Swiggy,Entertainment,486.66,UPI
U061,T00081_U061,2026-04-17 10:11:00,Local Store,Food,499.31,UPI
U061,T00082_U061,2026-07-16 01:43:00,Flipkart,Bills,391.44,Card
U061,T00083_U061,2026-03-08 12:25:00,Amazon,Shopping,380.73,Card
U061,T00084_U061,2026-01-27 17:09:00,Myntra,Shopping,118.72,UPI
U061,T00085_U061,2026-08-18 03:38:00,Uber,Bills,1499.62,Card
U061,T00086_U061,2026-01-24 10:48:00,Netflix,Food,169.22,UPI
U061,T00087_U061,2026-01-06 00:53:00,Local Store,Travel,3236.24,UPI
U061,T00088_U061,2026-07-03 05:51:00,Flipkart,Entertainment,1458.67,Card
U061,T00089_U061,2026-08-10 07:23:00,Flipkart,Shopping,362.63,UPI
U061,T00090_U061,2026-03-18 22:11:00,Local Store,Bills,1249.45,UPI
U061,T00091_U061,2026-01-28 12:26:00,Local Store,Travel,218.38,UPI
U061,T00092_U061,2026-04-09 11:56:00,Clinic,Entertainment,1165.11,UPI
U061,T00093_U061,2026-06-04 18:02:00,Clinic,Travel,448.38,UPI
U061,T00094_U061,2026-03-07 22:31:00,Clinic,Healthcare,1765.84,Wallet
U061,T00095_U061,2026-06-28 05:25:00,Netflix,Food,2667.96,Wallet
U061,T00096_U061,2026-09-26 19:51:00,Amazon,Healthcare,1062.51,Wallet
U061,T00097_U061,2026-05-08 03:30:00,Netflix,Food,2568.39,UPI
U061,T00098_U061,2026-05-13 05:46:00,Amazon,Travel,477.31,Wallet
U061,T00099_U061,2026-09-14 09:23:00,Local Store,Travel,1155.04,UPI
U062,T00000_U062,2026-04-15 14:04:00,Amazon Prime,Bills,199.0,Wallet
U062,T00001_U062,2026-01-01 21:26:00,Netflix,Entertainment,1651.39,Wallet
U062,T00002_U062,2026-01-28 17:22:00,Swiggy,Entertainment,676.46,UPI
U062,T00003_U062,2026-02-16 15:25:00,Clinic,Food,169.43,UPI
U062,T00004_U062,2026-04-16 20:56:00,Amazon,Food,348.47,UPI
U062,T00005_U062,2026-08-20 06:34:00,Flipkart,Shopping,1695.2,Wallet
U062,T00006_U062,2026-02-14 14:10:00,Flipkart,Food,2415.54,Card
U062,T00007_U062,2026-07-14 11:53:00,Uber,Entertainment,129.32,UPI
U062,T00008_U062,2026-02-02 21:49:00,Netflix,Healthcare,1040.32,Card
U062,T00009_U062,2026-01-30 22:57:00,Myntra,Entertainment,2702.05,Card
U062,T00010_U062,2026-05-24 06:17:00,Myntra,Healthcare,827.1,Wallet
U062,T00011_U062,2026-02-05 03:16:00,Netflix,Entertainment,6706.07,UPI
U062,T00012_U062,2026-05-21 16:09:00,Amazon,Shopping,2385.6,Wallet
U062,T00013_U062,2026-08-06 09:08:00,Amazon,Healthcare,2011.83,Card
U062,T00014_U062,2026-09-19 08:25:00,Flipkart,Food,1344.45,Wallet
U062,T00015_U062,2026-06-28 03:40:00,Netflix,Healthcare,3811.31,Card
U062,T00016_U062,2026-07-20 10:09:00,Clinic,Food,787.9,Card
U062,T00017_U062,2026-06-16 06:48:00,Myntra,Shopping,2371.75,Wallet
U062,T00018_U062,2026-06-11 00:27:00,Netflix,Food,2146.82,UPI
U062,T00019_U062,2026-04-20 15:59:00,Amazon,Healthcare,2335.24,Wallet
U062,T00020_U062,2026-05-29 20:27:00,Flipkart,Healthcare,2922.37,UPI
U062,T00021_U062,2026-09-12 17:38:00,Swiggy,Healthcare,1633.54,Wallet
U062,T00022_U062,2026-08-08 18:53:00,Netflix,Healthcare,1186.89,Card
U062,T00023_U062,2026-01-28 03:35:00,Flipkart,Bills,5544.17,Card
U062,T00024_U062,2026-05-23 20:18:00,Uber,Entertainment,2110.75,UPI
U062,T00025_U062,2026-05-02 08:44:00,Gym,Bills,299.0,Card
U062,T00026_U062,2026-09-02 01:06:00,Local Store,Healthcare,3272.24,Card
U062,T00027_U062,2026-05-04 02:42:00,Clinic,Healthcare,3744.61,UPI
U062,T00028_U062,2026-04-20 15:01:00,Amazon,Food,1344.02,Wallet
U062,T00029_U062,2026-07-23 17:36:00,Clinic,Healthcare,744.8,UPI
U062,T00030_U062,2026-07-03 05:36:00,Netflix,Food,3172.34,Card
U062,T00031_U062,2026-01-17 19:22:00,Myntra,Entertainment,1305.26,Wallet
U062,T00032_U062,2026-05-17 14:46:00,Amazon,Shopping,1055.73,Card
U062,T00033_U062,2026-04-16 23:56:00,Myntra,Bills,1106.33,Wallet
U062,T00034_U062,2026-02-18 02:38:00,Uber,Travel,292.16,Wallet
U062,T00035_U062,2026-07-15 05:47:00,Swiggy,Entertainment,1325.25,Wallet
U062,T00036_U062,2026-01-28 12:32:00,Flipkart,Shopping,2546.6,UPI
U062,T00037_U062,2026-08-24 18:21:00,Myntra,Bills,2207.67,UPI
U062,T00038_U062,2026-03-24 06:15:00,Myntra,Food,890.38,Card
U062,T00039_U062,2026-09-13 04:22:00,Flipkart,Food,1804.54,Card
U062,T00040_U062,2026-03-05 13:11:00,Clinic,Healthcare,3496.87,Card
U062,T00041_U062,2026-02-17 06:17:00,Myntra,Shopping,1666.5,UPI
U062,T00042_U062,2026-03-15 06:20:00,Clinic,Healthcare,658.06,Card
U062,T00043_U062,2026-05-11 05:58:00,Uber,Food,1833.83,UPI
U062,T00044_U062,2026-05-10 05:02:00,Flipkart,Entertainment,2251.32,Card
U062,T00045_U062,2026-02-27 11:41:00,Clinic,Bills,257.21,Wallet
U062,T00046_U062,2026-05-28 04:21:00,Netflix,Food,5775.9,Card
U062,T00047_U062,2026-04-26 20:51:00,Netflix,Food,961.35,Wallet
U062,T00048_U062,2026-09-09 15:38:00,Flipkart,Healthcare,1048.91,Wallet
U062,T00049_U062,2026-04-04 15:13:00,Netflix,Entertainment,1638.74,Wallet
U062,T00050_U062,2026-02-20 13:43:00,Netflix,Bills,299.0,Card
U062,T00051_U062,2026-02-23 03:42:00,Amazon,Healthcare,839.92,UPI
U062,T00052_U062,2026-01-16 15:21:00,Flipkart,Shopping,2369.29,UPI
U062,T00053_U062,2026-04-02 08:25:00,Uber,Bills,4461.62,Card
U062,T00054_U062,2026-02-23 05:13:00,Amazon,Shopping,535.26,UPI
U062,T00055_U062,2026-09-05 07:33:00,Clinic,Travel,439.41,Wallet
U062,T00056_U062,2026-06-05 06:37:00,Flipkart,Food,2488.14,Card
U062,T00057_U062,2026-08-14 16:13:00,Myntra,Entertainment,397.35,UPI
U062,T00058_U062,2026-08-06 23:35:00,Amazon,Shopping,1140.0,Wallet
U062,T00059_U062,2026-04-18 14:04:00,Amazon,Travel,1599.03,UPI
U062,T00060_U062,2026-08-18 17:19:00,Flipkart,Travel,1396.75,UPI
U062,T00061_U062,2026-08-16 20:17:00,Clinic,Healthcare,2230.95,UPI
U062,T00062_U062,2026-03-05 03:14:00,Amazon,Shopping,444.75,Card
U062,T00063_U062,2026-07-07 10:19:00,Clinic,Food,2155.17,UPI
U062,T00064_U062,2026-01-08 10:58:00,Flipkart,Shopping,872.58,Wallet
U062,T00065_U062,2026-03-08 06:58:00,Amazon,Travel,1701.13,Wallet
U062,T00066_U062,2026-01-15 21:35:00,Myntra,Shopping,1341.94,UPI
U062,T00067_U062,2026-03-11 23:58:00,Uber,Bills,1939.81,Wallet
U062,T00068_U062,2026-03-26 10:32:00,Netflix,Entertainment,626.04,UPI
U062,T00069_U062,2026-07-10 13:49:00,Amazon,Travel,870.71,UPI
U062,T00070_U062,2026-04-21 23:02:00,Swiggy,Entertainment,1412.39,Card
U062,T00071_U062,2026-02-01 20:56:00,Local Store,Healthcare,1176.91,UPI
U062,T00072_U062,2026-02-21 18:50:00,Local Store,Food,1772.71,UPI
U062,T00073_U062,2026-06-20 10:47:00,Myntra,Shopping,1527.93,UPI
U062,T00074_U062,2026-02-28 06:16:00,Swiggy,Healthcare,1040.89,UPI
U062,T00075_U062,2026-08-27 00:49:00,Gym,Bills,199.0,Wallet
U062,T00076_U062,2026-03-12 01:57:00,Uber,Food,3350.31,UPI
U062,T00077_U062,2026-01-24 15:09:00,Local Store,Food,538.03,Card
U062,T00078_U062,2026-08-18 22:19:00,Myntra,Shopping,1135.84,Card
U062,T00079_U062,2026-05-05 04:23:00,Swiggy,Travel,6399.48,Wallet
U062,T00080_U062,2026-01-13 10:45:00,Myntra,Shopping,2036.96,Wallet
U062,T00081_U062,2026-03-03 04:01:00,Myntra,Entertainment,4599.87,Card
U062,T00082_U062,2026-09-02 17:52:00,Swiggy,Healthcare,3095.11,Wallet
U062,T00083_U062,2026-06-14 00:58:00,Amazon,Bills,2382.76,Card
U062,T00084_U062,2026-05-15 08:20:00,Netflix,Entertainment,2383.51,Card
U062,T00085_U062,2026-02-10 23:28:00,Uber,Travel,2798.19,Card
U062,T00086_U062,2026-05-14 01:59:00,Netflix,Healthcare,4044.36,Card
U062,T00087_U062,2026-06-16 13:30:00,Swiggy,Travel,1453.54,UPI
U062,T00088_U062,2026-01-25 03:46:00,Clinic,Entertainment,3068.36,Wallet
U062,T00089_U062,2026-05-05 01:59:00,Amazon,Food,1380.39,Card
U062,T00090_U062,2026-01-18 11:47:00,Swiggy,Healthcare,1030.24,Card
U062,T00091_U062,2026-01-10 18:04:00,Uber,Travel,2388.24,Card
U062,T00092_U062,2026-06-08 16:16:00,Swiggy,Food,132.52,Card
U062,T00093_U062,2026-01-20 00:18:00,Local Store,Healthcare,961.6,Wallet
U062,T00094_U062,2026-08-25 12:33:00,Flipkart,Shopping,1856.31,Card
U062,T00095_U062,2026-06-29 05:23:00,Swiggy,Entertainment,1488.71,Wallet
U062,T00096_U062,2026-03-14 09:25:00,Myntra,Entertainment,859.01,Card
U062,T00097_U062,2026-01-31 02:12:00,Swiggy,Bills,4819.23,UPI
U062,T00098_U062,2026-09-17 03:10:00,Amazon,Healthcare,2740.81,UPI
U062,T00099_U062,2026-07-10 01:35:00,Amazon,Healthcare,1309.0,UPI
U063,T00000_U063,2026-06-07 07:06:00,Netflix,Bills,999.0,Card
U063,T00001_U063,2026-02-06 20:27:00,Uber,Healthcare,1254.47,Card
U063,T00002_U063,2026-07-18 06:52:00,Swiggy,Food,1757.87,UPI
U063,T00003_U063,2026-03-22 22:15:00,Clinic,Food,1064.8,UPI
U063,T00004_U063,2026-03-25 11:19:00,Amazon,Entertainment,1091.91,Card
U063,T00005_U063,2026-05-30 08:24:00,Local Store,Bills,1408.84,Wallet
U063,T00006_U063,2026-09-16 19:57:00,Amazon,Shopping,1739.64,Wallet
U063,T00007_U063,2026-04-27 05:32:00,Amazon,Food,2154.82,UPI
U063,T00008_U063,2026-08-16 20:08:00,Uber,Travel,1941.82,Wallet
U063,T00009_U063,2026-03-22 18:29:00,Netflix,Healthcare,2449.92,UPI
U063,T00010_U063,2026-05-17 09:33:00,Uber,Bills,148.04,UPI
U063,T00011_U063,2026-06-08 12:21:00,Uber,Bills,2252.9,UPI
U063,T00012_U063,2026-03-21 20:47:00,Clinic,Travel,1444.36,Wallet
U063,T00013_U063,2026-09-02 07:30:00,Clinic,Entertainment,1548.79,Wallet
U063,T00014_U063,2026-08-29 06:28:00,Swiggy,Bills,1237.54,UPI
U063,T00015_U063,2026-06-29 03:36:00,Clinic,Food,757.78,Card
U063,T00016_U063,2026-06-06 14:27:00,Local Store,Entertainment,1120.25,Card
U063,T00017_U063,2026-01-30 22:39:00,Amazon,Food,2955.95,UPI
U063,T00018_U063,2026-07-14 08:08:00,Flipkart,Travel,371.74,Card
U063,T00019_U063,2026-09-12 00:33:00,Local Store,Travel,2692.04,Wallet
U063,T00020_U063,2026-03-01 00:40:00,Local Store,Travel,4394.4,Wallet
U063,T00021_U063,2026-08-01 15:02:00,Uber,Healthcare,3937.19,Card
U063,T00022_U063,2026-09-04 03:17:00,Netflix,Food,5444.0,UPI
U063,T00023_U063,2026-03-11 11:47:00,Amazon,Food,963.94,Card
U063,T00024_U063,2026-05-12 19:18:00,Netflix,Food,1199.9,Card
U063,T00025_U063,2026-03-09 11:24:00,Amazon Prime,Bills,499.0,Card
U063,T00026_U063,2026-06-22 23:21:00,Clinic,Healthcare,1745.54,Wallet
U063,T00027_U063,2026-07-29 06:15:00,Uber,Travel,2924.36,Card
U063,T00028_U063,2026-01-14 18:57:00,Flipkart,Travel,1972.83,Wallet
U063,T00029_U063,2026-08-19 05:30:00,Clinic,Healthcare,413.78,Wallet
U063,T00030_U063,2026-03-15 15:24:00,Netflix,Bills,1713.4,Wallet
U063,T00031_U063,2026-09-12 01:45:00,Uber,Bills,3612.51,Wallet
U063,T00032_U063,2026-08-07 12:01:00,Flipkart,Shopping,2320.3,Wallet
U063,T00033_U063,2026-01-16 20:11:00,Local Store,Entertainment,1735.23,Card
U063,T00034_U063,2026-05-16 17:11:00,Uber,Healthcare,571.71,Card
U063,T00035_U063,2026-01-24 01:30:00,Local Store,Bills,2839.97,UPI
U063,T00036_U063,2026-09-02 15:55:00,Uber,Entertainment,692.79,Card
U063,T00037_U063,2026-05-28 18:04:00,Amazon,Bills,2024.37,Card
U063,T00038_U063,2026-06-20 00:54:00,Clinic,Healthcare,2716.21,UPI
U063,T00039_U063,2026-06-26 01:06:00,Amazon,Entertainment,1432.55,Wallet
U063,T00040_U063,2026-02-01 15:39:00,Myntra,Bills,948.9,UPI
U063,T00041_U063,2026-01-11 16:04:00,Flipkart,Shopping,1910.11,Card
U063,T00042_U063,2026-01-10 04:13:00,Uber,Entertainment,1103.42,Card
U063,T00043_U063,2026-03-31 08:39:00,Amazon,Travel,1813.29,Card
U063,T00044_U063,2026-06-30 19:39:00,Amazon,Food,2207.27,Card
U063,T00045_U063,2026-08-04 08:02:00,Flipkart,Shopping,4049.19,Card
U063,T00046_U063,2026-02-18 08:27:00,Netflix,Travel,330.13,UPI
U063,T00047_U063,2026-03-16 00:51:00,Amazon,Shopping,2516.11,Card
U063,T00048_U063,2026-07-17 13:43:00,Uber,Entertainment,470.04,Wallet
U063,T00049_U063,2026-05-29 06:35:00,Flipkart,Healthcare,2719.64,Wallet
U063,T00050_U063,2026-05-27 05:33:00,Gym,Bills,999.0,UPI
U063,T00051_U063,2026-06-06 20:35:00,Netflix,Healthcare,228.91,UPI
U063,T00052_U063,2026-01-05 23:11:00,Clinic,Entertainment,4031.05,Card
U063,T00053_U063,2026-04-15 02:25:00,Myntra,Shopping,357.73,UPI
U063,T00054_U063,2026-03-22 13:28:00,Myntra,Bills,767.01,Wallet
U063,T00055_U063,2026-06-06 21:49:00,Flipkart,Healthcare,1758.34,UPI
U063,T00056_U063,2026-07-22 17:45:00,Clinic,Entertainment,1514.04,UPI
U063,T00057_U063,2026-09-19 21:33:00,Uber,Bills,2165.47,UPI
U063,T00058_U063,2026-03-29 16:27:00,Myntra,Entertainment,2083.76,Card
U063,T00059_U063,2026-07-16 19:05:00,Uber,Food,143.23,Card
U063,T00060_U063,2026-03-26 19:24:00,Local Store,Bills,852.39,Wallet
U063,T00061_U063,2026-05-25 03:47:00,Clinic,Travel,984.96,UPI
U063,T00062_U063,2026-03-14 00:18:00,Uber,Food,493.91,Card
U063,T00063_U063,2026-02-22 18:04:00,Flipkart,Shopping,698.45,UPI
U063,T00064_U063,2026-08-22 01:59:00,Amazon,Shopping,1433.02,Card
U063,T00065_U063,2026-07-22 07:51:00,Netflix,Travel,171.91,Wallet
U063,T00066_U063,2026-04-18 11:13:00,Amazon,Food,172.84,UPI
U063,T00067_U063,2026-06-15 16:19:00,Local Store,Travel,1163.01,UPI
U063,T00068_U063,2026-02-16 07:30:00,Swiggy,Food,1837.36,Wallet
U063,T00069_U063,2026-02-03 21:44:00,Uber,Entertainment,1861.49,Card
U063,T00070_U063,2026-07-04 13:01:00,Flipkart,Entertainment,227.46,Wallet
U063,T00071_U063,2026-08-16 06:29:00,Myntra,Shopping,2101.16,Wallet
U063,T00072_U063,2026-01-23 02:53:00,Amazon,Food,2967.53,Wallet
U063,T00073_U063,2026-03-29 13:10:00,Myntra,Food,3061.61,Wallet
U063,T00074_U063,2026-05-14 00:00:00,Amazon,Entertainment,821.39,Card
U063,T00075_U063,2026-08-07 12:03:00,Spotify,Bills,499.0,Wallet
U063,T00076_U063,2026-01-22 08:53:00,Amazon,Entertainment,253.95,Wallet
U063,T00077_U063,2026-01-16 01:19:00,Swiggy,Travel,394.97,UPI
U063,T00078_U063,2026-02-05 22:07:00,Netflix,Bills,3022.81,Wallet
U063,T00079_U063,2026-07-28 01:53:00,Flipkart,Shopping,3253.88,Card
U063,T00080_U063,2026-09-11 15:38:00,Local Store,Entertainment,219.24,Card
U063,T00081_U063,2026-05-12 16:53:00,Local Store,Travel,459.21,Card
U063,T00082_U063,2026-06-29 00:53:00,Myntra,Travel,1035.08,UPI
U063,T00083_U063,2026-07-18 18:56:00,Local Store,Travel,1916.49,Wallet
U063,T00084_U063,2026-09-09 10:54:00,Amazon,Travel,1872.95,UPI
U063,T00085_U063,2026-09-13 15:06:00,Uber,Food,1448.22,UPI
U063,T00086_U063,2026-07-15 01:23:00,Swiggy,Bills,3553.61,Wallet
U063,T00087_U063,2026-06-19 11:58:00,Swiggy,Entertainment,1435.98,Card
U063,T00088_U063,2026-09-09 23:35:00,Netflix,Entertainment,2863.26,Wallet
U063,T00089_U063,2026-05-29 02:57:00,Uber,Travel,5616.44,UPI
U063,T00090_U063,2026-07-27 15:50:00,Swiggy,Healthcare,1372.08,UPI
U063,T00091_U063,2026-06-27 01:04:00,Amazon,Travel,1012.52,Wallet
U063,T00092_U063,2026-08-01 05:26:00,Uber,Bills,4320.36,Card
U063,T00093_U063,2026-01-23 09:09:00,Amazon,Travel,1086.35,Wallet
U063,T00094_U063,2026-09-16 03:18:00,Flipkart,Shopping,1598.18,UPI
U063,T00095_U063,2026-08-13 20:00:00,Local Store,Food,1383.7,Card
U063,T00096_U063,2026-04-23 13:23:00,Clinic,Bills,469.99,UPI
U063,T00097_U063,2026-08-28 12:26:00,Amazon,Healthcare,2522.97,UPI
U063,T00098_U063,2026-08-24 02:20:00,Swiggy,Food,2821.77,UPI
U063,T00099_U063,2026-08-23 11:48:00,Swiggy,Food,113.07,Card
U064,T00000_U064,2026-08-31 17:16:00,Netflix,Bills,999.0,Card
U064,T00001_U064,2026-09-04 01:27:00,Clinic,Entertainment,850.12,UPI
U064,T00002_U064,2026-04-30 09:37:00,Uber,Food,1162.06,Wallet
U064,T00003_U064,2026-03-19 03:23:00,Flipkart,Shopping,3867.7,Card
U064,T00004_U064,2026-04-24 06:27:00,Uber,Entertainment,1984.35,UPI
U064,T00005_U064,2026-09-26 21:36:00,Myntra,Food,1748.74,UPI
U064,T00006_U064,2026-06-26 18:37:00,Uber,Travel,1751.38,Wallet
U064,T00007_U064,2026-07-20 18:47:00,Swiggy,Bills,317.45,Wallet
U064,T00008_U064,2026-03-26 10:48:00,Myntra,Entertainment,245.99,UPI
U064,T00009_U064,2026-08-01 03:47:00,Swiggy,Food,1135.84,UPI
U064,T00010_U064,2026-07-26 20:10:00,Swiggy,Healthcare,1864.54,Card
U064,T00011_U064,2026-05-04 14:03:00,Flipkart,Shopping,3941.42,UPI
U064,T00012_U064,2026-06-12 03:25:00,Local Store,Entertainment,2680.39,Card
U064,T00013_U064,2026-03-19 18:25:00,Local Store,Travel,2316.86,Wallet
U064,T00014_U064,2026-04-09 12:54:00,Myntra,Food,1973.32,UPI
U064,T00015_U064,2026-07-12 16:31:00,Flipkart,Shopping,2042.52,UPI
U064,T00016_U064,2026-04-02 10:55:00,Netflix,Travel,344.99,UPI
U064,T00017_U064,2026-07-18 19:17:00,Clinic,Food,1441.96,Card
U064,T00018_U064,2026-04-15 20:55:00,Clinic,Bills,2287.27,Wallet
U064,T00019_U064,2026-04-13 20:56:00,Amazon,Travel,1911.21,UPI
U064,T00020_U064,2026-01-03 13:24:00,Uber,Travel,2665.08,UPI
U064,T00021_U064,2026-04-29 00:48:00,Uber,Food,2609.74,Wallet
U064,T00022_U064,2026-08-01 00:45:00,Clinic,Bills,5026.96,Wallet
U064,T00023_U064,2026-05-06 15:23:00,Swiggy,Bills,783.11,Card
U064,T00024_U064,2026-01-27 20:53:00,Flipkart,Travel,238.44,Card
U064,T00025_U064,2026-01-08 04:31:00,Amazon Prime,Bills,499.0,UPI
U064,T00026_U064,2026-04-07 00:43:00,Netflix,Food,3827.82,UPI
U064,T00027_U064,2026-06-17 15:21:00,Clinic,Travel,603.4,Wallet
U064,T00028_U064,2026-09-18 00:34:00,Myntra,Travel,1411.19,UPI
U064,T00029_U064,2026-09-19 05:32:00,Swiggy,Travel,1166.59,Card
U064,T00030_U064,2026-06-11 07:11:00,Netflix,Food,1764.32,Wallet
U064,T00031_U064,2026-07-04 02:20:00,Swiggy,Travel,712.02,UPI
U064,T00032_U064,2026-02-17 14:35:00,Clinic,Bills,1713.97,Card
U064,T00033_U064,2026-01-07 23:23:00,Flipkart,Food,3777.9,Wallet
U064,T00034_U064,2026-03-03 16:40:00,Amazon,Travel,1979.19,UPI
U064,T00035_U064,2026-05-29 03:08:00,Swiggy,Food,2469.55,Card
U064,T00036_U064,2026-07-11 02:21:00,Flipkart,Entertainment,1015.35,Card
U064,T00037_U064,2026-07-28 22:39:00,Flipkart,Shopping,2772.79,Card
U064,T00038_U064,2026-08-18 07:32:00,Flipkart,Entertainment,200.9,UPI
U064,T00039_U064,2026-07-09 05:54:00,Amazon,Shopping,1001.14,Card
U064,T00040_U064,2026-07-31 06:26:00,Clinic,Food,424.17,UPI
U064,T00041_U064,2026-04-15 15:13:00,Uber,Bills,1577.56,UPI
U064,T00042_U064,2026-06-10 17:52:00,Flipkart,Food,2244.61,Card
U064,T00043_U064,2026-05-28 06:27:00,Flipkart,Travel,3585.95,Wallet
U064,T00044_U064,2026-04-10 02:42:00,Netflix,Travel,2675.29,Card
U064,T00045_U064,2026-07-10 13:35:00,Netflix,Food,176.15,Wallet
U064,T00046_U064,2026-06-13 03:58:00,Local Store,Travel,2946.98,UPI
U064,T00047_U064,2026-08-18 19:35:00,Clinic,Bills,2205.78,UPI
U064,T00048_U064,2026-05-03 21:48:00,Myntra,Food,821.26,UPI
U064,T00049_U064,2026-05-04 07:44:00,Flipkart,Bills,577.52,UPI
U064,T00050_U064,2026-03-16 10:01:00,Amazon Prime,Bills,199.0,UPI
U064,T00051_U064,2026-06-08 07:49:00,Local Store,Bills,2329.31,Card
U064,T00052_U064,2026-09-21 09:29:00,Clinic,Food,1665.56,Card
U064,T00053_U064,2026-01-22 23:10:00,Netflix,Entertainment,1809.11,Card
U064,T00054_U064,2026-08-07 06:26:00,Swiggy,Bills,956.62,Card
U064,T00055_U064,2026-04-10 16:03:00,Myntra,Bills,582.99,UPI
U064,T00056_U064,2026-08-24 00:05:00,Myntra,Bills,1170.22,Wallet
U064,T00057_U064,2026-08-27 11:06:00,Local Store,Bills,432.66,UPI
U064,T00058_U064,2026-09-17 21:40:00,Local Store,Healthcare,2114.79,Card
U064,T00059_U064,2026-08-24 16:59:00,Myntra,Healthcare,1313.17,Wallet
U064,T00060_U064,2026-02-04 13:34:00,Local Store,Bills,190.93,Card
U064,T00061_U064,2026-09-16 21:58:00,Amazon,Bills,2200.58,UPI
U064,T00062_U064,2026-09-07 18:03:00,Myntra,Travel,986.76,Wallet
U064,T00063_U064,2026-05-17 12:20:00,Swiggy,Bills,1113.5,UPI
U064,T00064_U064,2026-08-19 19:08:00,Flipkart,Shopping,342.07,Wallet
U064,T00065_U064,2026-08-22 19:28:00,Flipkart,Food,395.95,Wallet
U064,T00066_U064,2026-02-01 16:13:00,Swiggy,Travel,3056.7,Card
U064,T00067_U064,2026-05-13 08:58:00,Clinic,Bills,1422.35,UPI
U064,T00068_U064,2026-05-20 17:15:00,Myntra,Shopping,1099.55,Wallet
U064,T00069_U064,2026-07-13 22:29:00,Myntra,Healthcare,1028.54,UPI
U064,T00070_U064,2026-02-21 06:04:00,Swiggy,Healthcare,1113.66,Card
U064,T00071_U064,2026-08-01 09:03:00,Clinic,Travel,2344.79,Wallet
U064,T00072_U064,2026-01-13 16:31:00,Swiggy,Healthcare,2120.47,UPI
U064,T00073_U064,2026-08-16 16:11:00,Netflix,Healthcare,1794.49,UPI
U064,T00074_U064,2026-08-13 03:08:00,Clinic,Entertainment,279.13,UPI
U064,T00075_U064,2026-06-20 10:31:00,Gym,Bills,299.0,Wallet
U064,T00076_U064,2026-02-09 09:52:00,Flipkart,Shopping,2117.76,Card
U064,T00077_U064,2026-07-18 04:17:00,Uber,Entertainment,3085.3,UPI
U064,T00078_U064,2026-02-26 15:34:00,Amazon,Shopping,642.48,Card
U064,T00079_U064,2026-09-02 13:27:00,Myntra,Shopping,2542.35,Wallet
U064,T00080_U064,2026-05-21 22:58:00,Uber,Entertainment,2252.51,UPI
U064,T00081_U064,2026-06-20 14:28:00,Local Store,Travel,2429.26,UPI
U064,T00082_U064,2026-03-01 19:39:00,Clinic,Healthcare,1927.64,Card
U064,T00083_U064,2026-06-25 20:08:00,Netflix,Travel,1693.57,Card
U064,T00084_U064,2026-03-18 08:21:00,Local Store,Bills,1064.56,UPI
U064,T00085_U064,2026-04-02 18:38:00,Clinic,Food,970.91,Card
U064,T00086_U064,2026-08-30 19:17:00,Local Store,Food,2173.08,Card
U064,T00087_U064,2026-02-23 07:33:00,Amazon,Shopping,1821.45,Wallet
U064,T00088_U064,2026-07-28 21:34:00,Flipkart,Bills,4187.69,UPI
U064,T00089_U064,2026-09-26 12:08:00,Myntra,Shopping,1652.56,Card
U064,T00090_U064,2026-09-14 23:26:00,Amazon,Shopping,4012.89,UPI
U064,T00091_U064,2026-07-04 12:23:00,Uber,Entertainment,2035.25,Card
U064,T00092_U064,2026-04-13 15:41:00,Uber,Food,2097.84,Wallet
U064,T00093_U064,2026-03-24 13:09:00,Flipkart,Entertainment,1604.55,UPI
U064,T00094_U064,2026-07-24 01:03:00,Amazon,Healthcare,639.25,Card
U064,T00095_U064,2026-07-19 20:52:00,Local Store,Food,281.13,Wallet
U064,T00096_U064,2026-01-19 18:58:00,Swiggy,Food,212.7,UPI
U064,T00097_U064,2026-08-09 12:22:00,Netflix,Healthcare,841.37,Card
U064,T00098_U064,2026-05-08 01:03:00,Clinic,Food,3800.06,Card
U064,T00099_U064,2026-03-08 20:47:00,Uber,Entertainment,2169.27,Wallet
U065,T00000_U065,2026-03-22 00:58:00,Amazon Prime,Bills,999.0,Wallet
U065,T00001_U065,2026-04-12 01:31:00,Myntra,Shopping,648.85,Card
U065,T00002_U065,2026-02-24 01:47:00,Swiggy,Entertainment,2528.52,Card
U065,T00003_U065,2026-02-03 03:52:00,Amazon,Entertainment,1300.57,UPI
U065,T00004_U065,2026-07-03 01:01:00,Uber,Entertainment,1861.49,Card
U065,T00005_U065,2026-05-06 09:53:00,Uber,Bills,1930.69,Card
U065,T00006_U065,2026-06-23 04:58:00,Netflix,Entertainment,325.81,UPI
U065,T00007_U065,2026-05-26 15:56:00,Uber,Entertainment,290.88,Card
U065,T00008_U065,2026-01-08 05:32:00,Netflix,Travel,561.39,Wallet
U065,T00009_U065,2026-09-13 10:22:00,Clinic,Bills,2315.29,Wallet
U065,T00010_U065,2026-04-06 01:16:00,Amazon,Healthcare,2945.64,UPI
U065,T00011_U065,2026-03-26 07:03:00,Local Store,Food,2316.72,Card
U065,T00012_U065,2026-04-29 00:58:00,Flipkart,Healthcare,4879.58,Card
U065,T00013_U065,2026-08-23 22:17:00,Uber,Travel,645.43,Wallet
U065,T00014_U065,2026-03-16 18:44:00,Netflix,Travel,1729.85,Wallet
U065,T00015_U065,2026-08-08 15:44:00,Uber,Healthcare,2207.57,UPI
U065,T00016_U065,2026-06-01 15:29:00,Flipkart,Shopping,2947.67,Card
U065,T00017_U065,2026-09-04 04:50:00,Flipkart,Healthcare,3622.29,UPI
U065,T00018_U065,2026-07-29 14:40:00,Amazon,Healthcare,255.4,Card
U065,T00019_U065,2026-05-30 09:11:00,Myntra,Bills,2082.42,Card
U065,T00020_U065,2026-05-13 04:07:00,Flipkart,Shopping,1624.0,Card
U065,T00021_U065,2026-01-26 05:18:00,Amazon,Bills,104.24,Wallet
U065,T00022_U065,2026-07-06 15:36:00,Amazon,Bills,967.99,Wallet
U065,T00023_U065,2026-05-14 07:16:00,Netflix,Healthcare,2241.37,Card
U065,T00024_U065,2026-03-01 20:09:00,Amazon,Shopping,834.58,Wallet
U065,T00025_U065,2026-08-28 22:01:00,Netflix,Bills,299.0,Wallet
U065,T00026_U065,2026-06-18 19:41:00,Flipkart,Travel,874.43,Card
U065,T00027_U065,2026-05-18 10:39:00,Clinic,Food,602.25,Wallet
U065,T00028_U065,2026-03-05 04:33:00,Myntra,Shopping,3671.12,Wallet
U065,T00029_U065,2026-03-19 03:42:00,Amazon,Bills,1112.3,Card
U065,T00030_U065,2026-09-16 18:13:00,Clinic,Entertainment,224.44,UPI
U065,T00031_U065,2026-07-09 00:28:00,Netflix,Food,3808.53,Wallet
U065,T00032_U065,2026-07-25 04:24:00,Flipkart,Healthcare,754.16,Card
U065,T00033_U065,2026-04-14 04:27:00,Clinic,Travel,826.82,Card
U065,T00034_U065,2026-09-26 01:16:00,Clinic,Healthcare,286.37,Wallet
U065,T00035_U065,2026-05-04 14:38:00,Clinic,Bills,1883.12,Wallet
U065,T00036_U065,2026-04-08 19:37:00,Local Store,Bills,2105.93,UPI
U065,T00037_U065,2026-07-19 18:51:00,Uber,Food,968.68,Card
U065,T00038_U065,2026-02-25 21:51:00,Flipkart,Bills,2456.32,Card
U065,T00039_U065,2026-08-20 22:56:00,Myntra,Bills,1365.54,Card
U065,T00040_U065,2026-03-17 23:38:00,Amazon,Food,1928.28,UPI
U065,T00041_U065,2026-06-11 19:46:00,Netflix,Bills,498.27,Card
U065,T00042_U065,2026-08-17 17:53:00,Clinic,Healthcare,2398.58,Card
U065,T00043_U065,2026-06-19 23:14:00,Flipkart,Shopping,418.81,UPI
U065,T00044_U065,2026-02-06 21:13:00,Uber,Healthcare,2061.48,Card
U065,T00045_U065,2026-07-16 02:39:00,Amazon,Entertainment,2953.14,Wallet
U065,T00046_U065,2026-01-26 04:07:00,Swiggy,Food,2423.24,Wallet
U065,T00047_U065,2026-08-06 09:42:00,Netflix,Bills,2230.73,Wallet
U065,T00048_U065,2026-08-26 01:49:00,Netflix,Food,462.59,Card
U065,T00049_U065,2026-04-27 16:57:00,Swiggy,Healthcare,2199.01,Card
U065,T00050_U065,2026-04-09 03:39:00,Gym,Bills,999.0,Wallet
U065,T00051_U065,2026-04-17 05:46:00,Clinic,Bills,1620.87,Wallet
U065,T00052_U065,2026-03-27 22:55:00,Uber,Entertainment,1721.26,Card
U065,T00053_U065,2026-04-06 05:25:00,Clinic,Bills,861.42,UPI
U065,T00054_U065,2026-02-09 23:56:00,Myntra,Travel,2780.52,UPI
U065,T00055_U065,2026-09-09 04:54:00,Swiggy,Healthcare,1647.72,UPI
U065,T00056_U065,2026-02-19 09:55:00,Uber,Healthcare,702.63,Wallet
U065,T00057_U065,2026-05-18 03:37:00,Local Store,Healthcare,2223.64,Wallet
U065,T00058_U065,2026-07-16 05:40:00,Flipkart,Travel,1426.87,UPI
U065,T00059_U065,2026-03-14 15:28:00,Amazon,Healthcare,2125.11,Card
U065,T00060_U065,2026-04-28 21:40:00,Netflix,Entertainment,176.26,Card
U065,T00061_U065,2026-02-26 17:09:00,Amazon,Travel,1651.15,UPI
U065,T00062_U065,2026-01-16 06:05:00,Local Store,Healthcare,1187.03,UPI
U065,T00063_U065,2026-09-02 11:37:00,Uber,Food,1375.18,Card
U065,T00064_U065,2026-08-08 02:39:00,Local Store,Entertainment,2920.08,UPI
U065,T00065_U065,2026-02-17 23:21:00,Uber,Food,1191.02,UPI
U065,T00066_U065,2026-01-01 05:25:00,Netflix,Healthcare,1384.37,Card
U065,T00067_U065,2026-08-25 11:26:00,Local Store,Healthcare,970.61,Card
U065,T00068_U065,2026-04-09 23:08:00,Clinic,Bills,1639.91,UPI
U065,T00069_U065,2026-06-22 00:27:00,Netflix,Bills,2604.89,Wallet
U065,T00070_U065,2026-03-19 07:15:00,Uber,Food,2238.88,Card
U065,T00071_U065,2026-04-06 03:19:00,Clinic,Healthcare,2774.39,UPI
U065,T00072_U065,2026-07-12 10:14:00,Flipkart,Entertainment,2107.27,UPI
U065,T00073_U065,2026-06-14 06:49:00,Myntra,Travel,1403.61,UPI
U065,T00074_U065,2026-09-09 22:33:00,Local Store,Food,457.44,UPI
U065,T00075_U065,2026-02-01 18:51:00,Gym,Bills,199.0,UPI
U065,T00076_U065,2026-08-10 12:07:00,Swiggy,Entertainment,628.61,Card
U065,T00077_U065,2026-01-30 10:36:00,Uber,Food,602.45,Wallet
U065,T00078_U065,2026-08-29 14:38:00,Flipkart,Entertainment,580.05,Card
U065,T00079_U065,2026-07-31 14:02:00,Local Store,Bills,2812.64,Card
U065,T00080_U065,2026-08-04 02:55:00,Flipkart,Shopping,3782.04,Wallet
U065,T00081_U065,2026-09-08 17:33:00,Clinic,Travel,1185.56,Wallet
U065,T00082_U065,2026-09-18 16:09:00,Flipkart,Travel,1192.65,Wallet
U065,T00083_U065,2026-07-26 16:47:00,Local Store,Entertainment,2490.96,Card
U065,T00084_U065,2026-05-10 16:11:00,Flipkart,Healthcare,129.3,UPI
U065,T00085_U065,2026-08-14 02:57:00,Uber,Travel,1695.0,Card
U065,T00086_U065,2026-01-09 03:51:00,Flipkart,Shopping,1739.89,Wallet
U065,T00087_U065,2026-02-14 02:53:00,Local Store,Travel,1887.35,UPI
U065,T00088_U065,2026-05-22 00:34:00,Myntra,Shopping,3861.44,Card
U065,T00089_U065,2026-03-02 20:15:00,Amazon,Entertainment,1619.11,Wallet
U065,T00090_U065,2026-05-23 21:40:00,Myntra,Shopping,1685.59,Wallet
U065,T00091_U065,2026-07-29 20:15:00,Amazon,Entertainment,2603.48,Wallet
U065,T00092_U065,2026-02-02 11:06:00,Amazon,Bills,2711.93,Wallet
U065,T00093_U065,2026-01-12 00:17:00,Swiggy,Entertainment,1338.08,Card
U065,T00094_U065,2026-05-15 01:49:00,Amazon,Travel,1353.78,UPI
U065,T00095_U065,2026-05-11 04:31:00,Amazon,Bills,3979.51,UPI
U065,T00096_U065,2026-03-24 13:50:00,Swiggy,Bills,150.66,Wallet
U065,T00097_U065,2026-08-07 21:03:00,Local Store,Healthcare,2084.48,Wallet
U065,T00098_U065,2026-02-07 09:19:00,Local Store,Food,2251.55,Card
U065,T00099_U065,2026-07-19 03:06:00,Clinic,Entertainment,2937.42,Card
U066,T00000_U066,2026-03-25 00:26:00,Amazon Prime,Bills,299.0,Card
U066,T00001_U066,2026-01-06 08:39:00,Clinic,Healthcare,1262.87,Wallet
U066,T00002_U066,2026-06-15 22:30:00,Amazon,Shopping,2496.32,UPI
U066,T00003_U066,2026-01-31 06:05:00,Amazon,Travel,3056.38,Card
U066,T00004_U066,2026-02-17 14:22:00,Local Store,Bills,527.38,UPI
U066,T00005_U066,2026-06-08 19:19:00,Clinic,Healthcare,1106.43,Wallet
U066,T00006_U066,2026-02-21 19:17:00,Netflix,Bills,2173.23,UPI
U066,T00007_U066,2026-04-03 11:04:00,Swiggy,Bills,390.88,Card
U066,T00008_U066,2026-04-29 06:16:00,Myntra,Bills,3823.87,Card
U066,T00009_U066,2026-08-31 01:34:00,Uber,Travel,4148.09,UPI
U066,T00010_U066,2026-07-04 23:23:00,Flipkart,Travel,4097.06,UPI
U066,T00011_U066,2026-05-04 16:40:00,Amazon,Food,669.67,Card
U066,T00012_U066,2026-09-02 12:38:00,Amazon,Travel,2563.97,UPI
U066,T00013_U066,2026-04-18 19:34:00,Netflix,Travel,2034.36,UPI
U066,T00014_U066,2026-03-22 06:30:00,Swiggy,Travel,1310.18,UPI
U066,T00015_U066,2026-09-11 07:07:00,Netflix,Entertainment,2253.35,Card
U066,T00016_U066,2026-03-18 21:45:00,Myntra,Shopping,769.02,Wallet
U066,T00017_U066,2026-03-16 03:47:00,Flipkart,Shopping,2896.33,Card
U066,T00018_U066,2026-06-16 13:10:00,Swiggy,Bills,1278.0,UPI
U066,T00019_U066,2026-07-11 00:00:00,Uber,Entertainment,2863.2,Card
U066,T00020_U066,2026-09-25 01:57:00,Myntra,Travel,2050.45,Card
U066,T00021_U066,2026-03-23 16:24:00,Flipkart,Shopping,1863.21,Card
U066,T00022_U066,2026-04-03 18:12:00,Clinic,Healthcare,240.46,UPI
U066,T00023_U066,2026-07-04 16:29:00,Flipkart,Healthcare,1640.34,Card
U066,T00024_U066,2026-06-30 17:08:00,Myntra,Healthcare,1991.1,Wallet
U066,T00025_U066,2026-02-12 13:29:00,Amazon Prime,Bills,299.0,UPI
U066,T00026_U066,2026-08-19 23:01:00,Myntra,Shopping,3261.62,Card
U066,T00027_U066,2026-09-02 10:48:00,Local Store,Entertainment,966.28,UPI
U066,T00028_U066,2026-08-14 18:37:00,Clinic,Bills,118.96,UPI
U066,T00029_U066,2026-06-20 07:32:00,Flipkart,Shopping,2015.43,UPI
U066,T00030_U066,2026-04-25 21:55:00,Local Store,Bills,2022.52,Card
U066,T00031_U066,2026-08-20 22:47:00,Flipkart,Travel,1922.72,Card
U066,T00032_U066,2026-07-19 08:51:00,Netflix,Travel,373.05,Wallet
U066,T00033_U066,2026-06-17 12:09:00,Flipkart,Shopping,128.86,UPI
U066,T00034_U066,2026-05-24 13:53:00,Uber,Travel,2019.96,UPI
U066,T00035_U066,2026-07-17 03:13:00,Swiggy,Bills,1751.03,Card
U066,T00036_U066,2026-01-23 23:27:00,Flipkart,Bills,1993.57,UPI
U066,T00037_U066,2026-01-19 12:42:00,Flipkart,Bills,1344.88,UPI
U066,T00038_U066,2026-03-14 02:24:00,Myntra,Shopping,214.57,Wallet
U066,T00039_U066,2026-07-11 22:31:00,Swiggy,Food,689.12,Wallet
U066,T00040_U066,2026-04-08 20:00:00,Local Store,Travel,1536.39,Wallet
U066,T00041_U066,2026-08-01 05:20:00,Swiggy,Healthcare,2633.32,Card
U066,T00042_U066,2026-02-07 04:13:00,Myntra,Travel,2094.76,Wallet
U066,T00043_U066,2026-01-01 21:35:00,Local Store,Bills,3127.14,UPI
U066,T00044_U066,2026-01-02 14:06:00,Myntra,Travel,3127.54,Card
U066,T00045_U066,2026-01-14 07:49:00,Swiggy,Entertainment,1318.22,Card
U066,T00046_U066,2026-09-16 09:16:00,Flipkart,Travel,2025.32,Card
U066,T00047_U066,2026-03-10 03:53:00,Flipkart,Shopping,1877.51,Card
U066,T00048_U066,2026-09-11 13:13:00,Flipkart,Bills,1961.86,UPI
U066,T00049_U066,2026-02-08 21:59:00,Swiggy,Bills,2022.48,UPI
U066,T00050_U066,2026-09-20 09:44:00,Gym,Bills,499.0,Card
U066,T00051_U066,2026-09-20 22:50:00,Myntra,Travel,381.39,UPI
U066,T00052_U066,2026-01-17 02:51:00,Clinic,Bills,936.86,UPI
U066,T00053_U066,2026-04-27 03:07:00,Myntra,Shopping,1515.05,Card
U066,T00054_U066,2026-01-04 06:03:00,Flipkart,Shopping,448.42,UPI
U066,T00055_U066,2026-08-18 00:19:00,Myntra,Shopping,3158.66,Wallet
U066,T00056_U066,2026-02-17 02:34:00,Myntra,Travel,198.01,Card
U066,T00057_U066,2026-03-01 12:22:00,Flipkart,Shopping,761.4,Wallet
U066,T00058_U066,2026-02-22 00:36:00,Flipkart,Travel,375.62,UPI
U066,T00059_U066,2026-08-24 19:42:00,Myntra,Shopping,254.65,Wallet
U066,T00060_U066,2026-03-28 04:12:00,Swiggy,Bills,857.85,UPI
U066,T00061_U066,2026-01-16 18:41:00,Amazon,Bills,2098.05,Card
U066,T00062_U066,2026-01-03 02:55:00,Local Store,Travel,3183.9,Card
U066,T00063_U066,2026-01-19 14:31:00,Flipkart,Shopping,476.13,Wallet
U066,T00064_U066,2026-05-25 11:03:00,Swiggy,Healthcare,1141.37,UPI
U066,T00065_U066,2026-06-29 07:15:00,Flipkart,Shopping,324.68,UPI
U066,T00066_U066,2026-08-04 04:20:00,Swiggy,Food,2046.63,UPI
U066,T00067_U066,2026-09-06 07:02:00,Amazon,Travel,2044.33,Card
U066,T00068_U066,2026-02-21 06:14:00,Myntra,Healthcare,170.36,Card
U066,T00069_U066,2026-08-15 06:03:00,Myntra,Bills,804.2,UPI
U066,T00070_U066,2026-09-02 09:05:00,Flipkart,Healthcare,1553.84,Card
U066,T00071_U066,2026-08-01 10:15:00,Flipkart,Shopping,954.77,Wallet
U066,T00072_U066,2026-07-05 15:17:00,Flipkart,Shopping,2592.56,UPI
U066,T00073_U066,2026-01-06 00:50:00,Uber,Bills,413.38,Card
U066,T00074_U066,2026-09-07 11:02:00,Uber,Food,1133.26,UPI
U066,T00075_U066,2026-03-04 08:25:00,Spotify,Bills,499.0,Wallet
U066,T00076_U066,2026-07-09 11:32:00,Uber,Healthcare,1032.42,Wallet
U066,T00077_U066,2026-05-28 20:10:00,Amazon,Food,2362.0,Wallet
U066,T00078_U066,2026-01-11 04:13:00,Amazon,Shopping,584.91,Wallet
U066,T00079_U066,2026-09-25 17:59:00,Swiggy,Bills,1074.32,UPI
U066,T00080_U066,2026-02-27 15:49:00,Swiggy,Travel,1195.45,Card
U066,T00081_U066,2026-03-03 23:37:00,Amazon,Shopping,4979.24,Card
U066,T00082_U066,2026-07-25 03:56:00,Myntra,Entertainment,2653.56,Wallet
U066,T00083_U066,2026-05-26 06:46:00,Local Store,Bills,929.86,Wallet
U066,T00084_U066,2026-09-13 05:00:00,Flipkart,Shopping,717.02,Card
U066,T00085_U066,2026-02-11 00:53:00,Myntra,Shopping,2647.27,Card
U066,T00086_U066,2026-07-12 09:05:00,Uber,Travel,1984.47,Wallet
U066,T00087_U066,2026-08-29 03:43:00,Clinic,Bills,3955.57,Card
U066,T00088_U066,2026-07-06 18:23:00,Swiggy,Travel,2397.26,UPI
U066,T00089_U066,2026-01-26 04:40:00,Swiggy,Bills,3931.36,Card
U066,T00090_U066,2026-06-06 15:12:00,Local Store,Travel,2287.05,Card
U066,T00091_U066,2026-03-11 14:44:00,Flipkart,Shopping,587.51,UPI
U066,T00092_U066,2026-01-20 19:01:00,Myntra,Bills,726.57,UPI
U066,T00093_U066,2026-09-25 03:16:00,Local Store,Healthcare,2390.33,UPI
U066,T00094_U066,2026-04-12 13:00:00,Uber,Entertainment,369.63,UPI
U066,T00095_U066,2026-08-08 00:10:00,Amazon,Shopping,673.02,Wallet
U066,T00096_U066,2026-02-11 06:16:00,Amazon,Healthcare,1180.26,UPI
U066,T00097_U066,2026-04-06 17:01:00,Netflix,Bills,818.0,UPI
U066,T00098_U066,2026-09-09 11:17:00,Swiggy,Healthcare,330.92,UPI
U066,T00099_U066,2026-08-18 19:02:00,Uber,Travel,1430.72,Wallet
U067,T00000_U067,2026-02-28 14:12:00,Gym,Bills,199.0,UPI
U067,T00001_U067,2026-03-25 18:27:00,Netflix,Healthcare,1141.76,UPI
U067,T00002_U067,2026-03-11 01:50:00,Uber,Entertainment,1648.74,Card
U067,T00003_U067,2026-07-12 08:29:00,Netflix,Bills,1017.79,Card
U067,T00004_U067,2026-01-25 17:16:00,Swiggy,Travel,1887.23,UPI
U067,T00005_U067,2026-06-06 07:50:00,Myntra,Bills,954.84,UPI
U067,T00006_U067,2026-03-29 16:27:00,Swiggy,Food,658.38,Card
U067,T00007_U067,2026-02-24 08:15:00,Myntra,Bills,873.6,Card
U067,T00008_U067,2026-03-14 00:15:00,Flipkart,Shopping,1359.99,UPI
U067,T00009_U067,2026-09-28 01:49:00,Myntra,Travel,2851.42,UPI
U067,T00010_U067,2026-06-23 06:00:00,Clinic,Entertainment,626.35,UPI
U067,T00011_U067,2026-04-26 01:14:00,Uber,Bills,233.63,Wallet
U067,T00012_U067,2026-09-01 14:50:00,Myntra,Entertainment,3358.32,Wallet
U067,T00013_U067,2026-03-04 23:01:00,Swiggy,Travel,6098.21,UPI
U067,T00014_U067,2026-07-01 15:18:00,Netflix,Travel,3337.0,Card
U067,T00015_U067,2026-03-01 09:15:00,Clinic,Bills,3179.11,Wallet
U067,T00016_U067,2026-06-06 07:07:00,Netflix,Healthcare,1888.27,Card
U067,T00017_U067,2026-07-31 15:27:00,Netflix,Bills,2414.97,UPI
U067,T00018_U067,2026-07-13 05:47:00,Flipkart,Entertainment,493.76,Card
U067,T00019_U067,2026-04-22 05:16:00,Amazon,Shopping,1914.51,Wallet
U067,T00020_U067,2026-02-10 18:42:00,Netflix,Food,1081.77,Card
U067,T00021_U067,2026-02-25 08:04:00,Flipkart,Healthcare,839.66,UPI
U067,T00022_U067,2026-08-18 12:33:00,Flipkart,Healthcare,460.75,Wallet
U067,T00023_U067,2026-09-17 14:24:00,Amazon,Healthcare,1638.26,Wallet
U067,T00024_U067,2026-08-09 01:59:00,Amazon,Travel,2143.23,UPI
U067,T00025_U067,2026-03-23 21:17:00,Gym,Bills,499.0,Wallet
U067,T00026_U067,2026-04-21 14:15:00,Swiggy,Bills,261.72,UPI
U067,T00027_U067,2026-09-27 08:12:00,Amazon,Travel,552.26,Wallet
U067,T00028_U067,2026-09-04 22:07:00,Myntra,Entertainment,1369.68,Wallet
U067,T00029_U067,2026-05-27 14:24:00,Myntra,Shopping,1168.56,Card
U067,T00030_U067,2026-09-04 07:46:00,Uber,Travel,726.27,Card
U067,T00031_U067,2026-06-28 13:55:00,Clinic,Travel,4514.57,UPI
U067,T00032_U067,2026-02-20 12:32:00,Netflix,Bills,1521.89,Card
U067,T00033_U067,2026-07-26 07:30:00,Swiggy,Healthcare,133.11,Wallet
U067,T00034_U067,2026-09-25 19:17:00,Myntra,Shopping,208.83,Wallet
U067,T00035_U067,2026-07-07 15:32:00,Amazon,Healthcare,1071.04,Card
U067,T00036_U067,2026-01-06 16:33:00,Uber,Food,2252.95,Wallet
U067,T00037_U067,2026-01-20 21:08:00,Uber,Travel,2375.21,Wallet
U067,T00038_U067,2026-04-05 17:33:00,Flipkart,Shopping,351.2,Card
U067,T00039_U067,2026-01-18 17:29:00,Amazon,Shopping,2102.8,Card
U067,T00040_U067,2026-04-10 22:05:00,Amazon,Bills,555.96,UPI
U067,T00041_U067,2026-03-19 18:47:00,Amazon,Shopping,833.27,Wallet
U067,T00042_U067,2026-04-28 00:49:00,Flipkart,Healthcare,1141.39,Card
U067,T00043_U067,2026-09-08 13:16:00,Myntra,Bills,1840.85,UPI
U067,T00044_U067,2026-07-28 17:51:00,Flipkart,Food,4282.47,Card
U067,T00045_U067,2026-03-09 22:10:00,Clinic,Healthcare,2043.59,Wallet
U067,T00046_U067,2026-02-22 17:04:00,Netflix,Travel,2255.38,Wallet
U067,T00047_U067,2026-04-05 11:44:00,Flipkart,Bills,243.9,UPI
U067,T00048_U067,2026-07-23 15:04:00,Swiggy,Entertainment,1663.99,UPI
U067,T00049_U067,2026-09-15 09:04:00,Clinic,Healthcare,1922.14,Card
U067,T00050_U067,2026-07-26 00:09:00,Gym,Bills,299.0,Card
U067,T00051_U067,2026-05-09 16:32:00,Swiggy,Food,912.41,UPI
U067,T00052_U067,2026-05-08 18:05:00,Clinic,Entertainment,1388.86,UPI
U067,T00053_U067,2026-09-19 21:15:00,Flipkart,Entertainment,1544.17,Wallet
U067,T00054_U067,2026-06-18 20:36:00,Amazon,Shopping,1965.03,UPI
U067,T00055_U067,2026-08-18 20:33:00,Uber,Food,1121.68,Card
U067,T00056_U067,2026-05-08 18:20:00,Flipkart,Shopping,1516.14,UPI
U067,T00057_U067,2026-05-05 05:02:00,Myntra,Entertainment,2994.81,Card
U067,T00058_U067,2026-02-20 21:05:00,Local Store,Travel,2019.45,Wallet
U067,T00059_U067,2026-03-23 07:03:00,Local Store,Healthcare,1295.91,UPI
U067,T00060_U067,2026-02-03 21:36:00,Local Store,Travel,2552.68,Card
U067,T00061_U067,2026-02-09 04:35:00,Uber,Food,947.89,UPI
U067,T00062_U067,2026-01-20 17:12:00,Myntra,Entertainment,783.92,Card
U067,T00063_U067,2026-06-07 16:21:00,Myntra,Entertainment,613.76,Card
U067,T00064_U067,2026-08-06 22:04:00,Flipkart,Entertainment,2027.16,UPI
U067,T00065_U067,2026-08-20 14:26:00,Local Store,Food,2438.15,UPI
U067,T00066_U067,2026-06-19 20:04:00,Flipkart,Healthcare,1078.33,Wallet
U067,T00067_U067,2026-01-26 13:23:00,Uber,Entertainment,278.69,Card
U067,T00068_U067,2026-05-09 20:14:00,Local Store,Entertainment,2335.57,UPI
U067,T00069_U067,2026-05-07 15:47:00,Local Store,Travel,1974.54,Wallet
U067,T00070_U067,2026-05-20 11:14:00,Clinic,Travel,1186.93,Wallet
U067,T00071_U067,2026-09-11 16:23:00,Myntra,Bills,1751.18,Card
U067,T00072_U067,2026-06-23 16:14:00,Amazon,Entertainment,1385.74,Wallet
U067,T00073_U067,2026-09-20 22:12:00,Uber,Entertainment,848.93,Wallet
U067,T00074_U067,2026-03-27 06:48:00,Local Store,Bills,190.08,UPI
U067,T00075_U067,2026-05-18 08:20:00,Gym,Bills,999.0,Wallet
U067,T00076_U067,2026-02-01 04:07:00,Myntra,Entertainment,4381.7,Wallet
U067,T00077_U067,2026-02-06 12:48:00,Swiggy,Food,2410.08,Card
U067,T00078_U067,2026-07-30 06:48:00,Flipkart,Shopping,198.17,Wallet
U067,T00079_U067,2026-01-16 09:13:00,Uber,Entertainment,316.06,UPI
U067,T00080_U067,2026-08-12 19:57:00,Swiggy,Bills,1330.02,Card
U067,T00081_U067,2026-06-13 10:54:00,Swiggy,Food,1357.62,UPI
U067,T00082_U067,2026-08-25 00:55:00,Flipkart,Entertainment,1990.36,UPI
U067,T00083_U067,2026-05-01 04:39:00,Swiggy,Travel,1068.81,Card
U067,T00084_U067,2026-04-03 11:57:00,Amazon,Food,3395.36,Card
U067,T00085_U067,2026-07-06 11:20:00,Uber,Entertainment,1351.43,UPI
U067,T00086_U067,2026-03-18 17:04:00,Clinic,Food,1707.13,UPI
U067,T00087_U067,2026-06-24 12:03:00,Netflix,Travel,1249.23,Wallet
U067,T00088_U067,2026-05-26 03:03:00,Local Store,Bills,129.83,Card
U067,T00089_U067,2026-07-14 03:26:00,Amazon,Healthcare,2080.68,UPI
U067,T00090_U067,2026-08-14 12:25:00,Myntra,Food,803.88,Wallet
U067,T00091_U067,2026-07-11 12:38:00,Amazon,Entertainment,1324.64,Card
U067,T00092_U067,2026-04-20 07:48:00,Local Store,Healthcare,2180.34,Card
U067,T00093_U067,2026-06-18 14:21:00,Uber,Travel,1043.68,UPI
U067,T00094_U067,2026-07-16 17:12:00,Myntra,Travel,1103.01,Card
U067,T00095_U067,2026-04-10 07:55:00,Myntra,Bills,2050.89,Card
U067,T00096_U067,2026-08-11 18:25:00,Swiggy,Entertainment,1412.16,Wallet
U067,T00097_U067,2026-03-01 16:29:00,Swiggy,Travel,1133.98,UPI
U067,T00098_U067,2026-04-09 13:14:00,Clinic,Travel,724.24,UPI
U067,T00099_U067,2026-03-12 23:24:00,Flipkart,Food,3332.3,UPI
U068,T00000_U068,2026-03-22 20:47:00,Amazon Prime,Bills,499.0,UPI
U068,T00001_U068,2026-02-05 21:10:00,Flipkart,Food,1427.26,Card
U068,T00002_U068,2026-06-19 14:38:00,Swiggy,Bills,2307.27,Card
U068,T00003_U068,2026-04-05 10:25:00,Clinic,Entertainment,580.41,Card
U068,T00004_U068,2026-04-18 13:22:00,Flipkart,Entertainment,1160.95,UPI
U068,T00005_U068,2026-07-09 03:50:00,Uber,Food,465.78,Card
U068,T00006_U068,2026-09-05 12:31:00,Netflix,Bills,3503.59,Wallet
U068,T00007_U068,2026-04-14 23:08:00,Myntra,Healthcare,1142.51,Card
U068,T00008_U068,2026-04-22 14:05:00,Local Store,Bills,1231.97,Card
U068,T00009_U068,2026-08-20 18:07:00,Myntra,Shopping,2109.96,Card
U068,T00010_U068,2026-05-16 21:01:00,Amazon,Shopping,2265.18,Wallet
U068,T00011_U068,2026-09-28 04:24:00,Clinic,Bills,1802.05,Wallet
U068,T00012_U068,2026-07-18 12:31:00,Local Store,Travel,2118.83,Wallet
U068,T00013_U068,2026-07-20 19:55:00,Clinic,Food,1343.72,UPI
U068,T00014_U068,2026-02-10 09:07:00,Flipkart,Bills,876.53,UPI
U068,T00015_U068,2026-05-27 19:03:00,Uber,Healthcare,1995.89,Card
U068,T00016_U068,2026-08-27 08:11:00,Swiggy,Entertainment,1186.56,Card
U068,T00017_U068,2026-06-03 08:21:00,Myntra,Healthcare,1916.58,UPI
U068,T00018_U068,2026-06-21 08:29:00,Myntra,Healthcare,1419.06,Card
U068,T00019_U068,2026-01-29 14:20:00,Flipkart,Food,3046.83,Card
U068,T00020_U068,2026-01-04 07:28:00,Myntra,Bills,4794.95,UPI
U068,T00021_U068,2026-04-27 10:26:00,Amazon,Bills,1722.31,UPI
U068,T00022_U068,2026-07-10 17:31:00,Clinic,Entertainment,101.02,Wallet
U068,T00023_U068,2026-08-29 11:01:00,Flipkart,Food,2575.06,UPI
U068,T00024_U068,2026-03-30 10:25:00,Clinic,Entertainment,2540.52,Wallet
U068,T00025_U068,2026-07-21 07:05:00,Gym,Bills,299.0,Card
U068,T00026_U068,2026-07-28 23:28:00,Local Store,Healthcare,853.3,Wallet
U068,T00027_U068,2026-07-20 06:50:00,Amazon,Bills,680.3,UPI
U068,T00028_U068,2026-03-14 23:51:00,Myntra,Entertainment,1384.49,Wallet
U068,T00029_U068,2026-08-04 09:01:00,Uber,Bills,1591.19,Card
U068,T00030_U068,2026-09-07 14:01:00,Flipkart,Travel,1045.95,Card
U068,T00031_U068,2026-05-08 08:36:00,Netflix,Healthcare,789.43,UPI
U068,T00032_U068,2026-02-25 20:29:00,Myntra,Entertainment,216.15,Wallet
U068,T00033_U068,2026-01-17 02:44:00,Amazon,Shopping,3924.44,Wallet
U068,T00034_U068,2026-01-05 00:50:00,Myntra,Healthcare,5238.11,Card
U068,T00035_U068,2026-01-14 09:40:00,Local Store,Travel,1359.13,Wallet
U068,T00036_U068,2026-08-03 19:02:00,Amazon,Food,2932.98,UPI
U068,T00037_U068,2026-02-15 10:08:00,Swiggy,Travel,2379.03,UPI
U068,T00038_U068,2026-06-10 20:29:00,Uber,Travel,1768.46,UPI
U068,T00039_U068,2026-08-25 13:33:00,Amazon,Entertainment,1663.97,UPI
U068,T00040_U068,2026-09-03 14:52:00,Flipkart,Healthcare,2803.88,Card
U068,T00041_U068,2026-08-12 19:19:00,Myntra,Shopping,324.83,Card
U068,T00042_U068,2026-06-14 14:25:00,Amazon,Entertainment,1094.01,Wallet
U068,T00043_U068,2026-03-31 18:53:00,Netflix,Healthcare,348.15,UPI
U068,T00044_U068,2026-01-08 06:04:00,Uber,Bills,251.19,Wallet
U068,T00045_U068,2026-09-07 07:42:00,Amazon,Shopping,984.64,UPI
U068,T00046_U068,2026-05-11 20:27:00,Netflix,Travel,775.46,Wallet
U068,T00047_U068,2026-02-02 04:52:00,Swiggy,Healthcare,1473.56,Card
U068,T00048_U068,2026-08-21 21:11:00,Uber,Entertainment,826.52,UPI
U068,T00049_U068,2026-02-08 19:52:00,Myntra,Bills,1792.87,Wallet
U068,T00050_U068,2026-02-28 09:43:00,Amazon Prime,Bills,299.0,Card
U068,T00051_U068,2026-08-09 04:53:00,Local Store,Bills,3158.92,Card
U068,T00052_U068,2026-09-19 02:53:00,Myntra,Shopping,3439.51,UPI
U068,T00053_U068,2026-05-06 23:48:00,Swiggy,Travel,1564.57,UPI
U068,T00054_U068,2026-09-15 23:20:00,Netflix,Food,2621.21,UPI
U068,T00055_U068,2026-05-14 01:48:00,Netflix,Travel,2708.46,Card
U068,T00056_U068,2026-02-09 04:03:00,Swiggy,Entertainment,2619.32,UPI
U068,T00057_U068,2026-02-19 19:50:00,Netflix,Healthcare,1951.12,Card
U068,T00058_U068,2026-04-22 20:28:00,Amazon,Shopping,672.16,UPI
U068,T00059_U068,2026-03-02 10:34:00,Local Store,Travel,1662.03,Wallet
U068,T00060_U068,2026-05-09 08:57:00,Myntra,Shopping,1751.09,Wallet
U068,T00061_U068,2026-01-09 01:37:00,Amazon,Shopping,482.63,Card
U068,T00062_U068,2026-09-12 07:00:00,Flipkart,Travel,1496.39,UPI
U068,T00063_U068,2026-05-03 08:40:00,Flipkart,Healthcare,4257.4,UPI
U068,T00064_U068,2026-07-18 04:01:00,Netflix,Travel,2640.84,Card
U068,T00065_U068,2026-07-15 04:56:00,Uber,Bills,2117.29,Card
U068,T00066_U068,2026-08-15 17:44:00,Flipkart,Shopping,1526.32,Wallet
U068,T00067_U068,2026-05-29 06:04:00,Netflix,Food,474.26,Wallet
U068,T00068_U068,2026-06-30 14:35:00,Myntra,Entertainment,3221.81,UPI
U068,T00069_U068,2026-06-24 15:11:00,Flipkart,Healthcare,1549.6,Wallet
U068,T00070_U068,2026-04-12 00:43:00,Local Store,Food,3164.87,Wallet
U068,T00071_U068,2026-09-25 09:25:00,Swiggy,Healthcare,2098.19,Card
U068,T00072_U068,2026-06-24 13:10:00,Netflix,Healthcare,1729.4,Card
U068,T00073_U068,2026-08-28 00:57:00,Flipkart,Shopping,3814.71,Card
U068,T00074_U068,2026-07-02 16:28:00,Swiggy,Travel,3295.3,UPI
U068,T00075_U068,2026-03-09 01:31:00,Netflix,Bills,999.0,Card
U068,T00076_U068,2026-04-17 18:01:00,Local Store,Healthcare,2082.12,Wallet
U068,T00077_U068,2026-05-09 15:31:00,Myntra,Shopping,199.44,Wallet
U068,T00078_U068,2026-05-11 08:00:00,Clinic,Healthcare,665.26,UPI
U068,T00079_U068,2026-09-05 02:58:00,Swiggy,Bills,854.67,Card
U068,T00080_U068,2026-09-08 05:39:00,Amazon,Healthcare,1863.94,Wallet
U068,T00081_U068,2026-05-10 04:57:00,Amazon,Entertainment,4025.46,Card
U068,T00082_U068,2026-08-01 21:26:00,Clinic,Travel,316.94,Wallet
U068,T00083_U068,2026-04-23 11:11:00,Netflix,Entertainment,1108.72,UPI
U068,T00084_U068,2026-01-13 17:15:00,Flipkart,Food,127.45,UPI
U068,T00085_U068,2026-02-08 23:24:00,Flipkart,Food,703.41,Wallet
U068,T00086_U068,2026-01-24 01:53:00,Uber,Entertainment,431.24,Card
U068,T00087_U068,2026-05-18 06:02:00,Local Store,Bills,158.08,Card
U068,T00088_U068,2026-03-17 17:54:00,Flipkart,Healthcare,331.41,Card
U068,T00089_U068,2026-03-13 06:08:00,Local Store,Travel,2108.26,Card
U068,T00090_U068,2026-05-24 15:07:00,Local Store,Food,215.79,Card
U068,T00091_U068,2026-02-01 13:29:00,Flipkart,Healthcare,1999.17,Wallet
U068,T00092_U068,2026-03-26 02:16:00,Amazon,Food,276.39,Wallet
U068,T00093_U068,2026-01-14 16:42:00,Clinic,Travel,1589.57,Wallet
U068,T00094_U068,2026-01-24 23:06:00,Amazon,Healthcare,1928.62,Card
U068,T00095_U068,2026-05-19 14:40:00,Local Store,Healthcare,1876.48,Wallet
U068,T00096_U068,2026-07-09 14:48:00,Clinic,Travel,1522.16,UPI
U068,T00097_U068,2026-04-26 12:40:00,Netflix,Entertainment,1619.75,Wallet
U068,T00098_U068,2026-05-24 15:59:00,Amazon,Bills,2100.3,UPI
U068,T00099_U068,2026-04-22 23:52:00,Uber,Entertainment,2368.99,Card
U069,T00000_U069,2026-03-25 06:49:00,Spotify,Bills,299.0,Card
U069,T00001_U069,2026-04-19 00:16:00,Myntra,Bills,231.41,UPI
U069,T00002_U069,2026-01-02 00:09:00,Clinic,Entertainment,1777.26,Wallet
U069,T00003_U069,2026-08-11 09:50:00,Amazon,Healthcare,2376.35,UPI
U069,T00004_U069,2026-09-28 04:21:00,Amazon,Food,3821.57,Wallet
U069,T00005_U069,2026-04-14 01:12:00,Myntra,Travel,523.82,UPI
U069,T00006_U069,2026-07-18 07:43:00,Amazon,Shopping,1405.8,Wallet
U069,T00007_U069,2026-05-13 17:59:00,Swiggy,Healthcare,1384.64,Wallet
U069,T00008_U069,2026-09-21 22:27:00,Amazon,Healthcare,357.55,Card
U069,T00009_U069,2026-09-15 00:19:00,Flipkart,Travel,436.38,Wallet
U069,T00010_U069,2026-08-26 15:08:00,Amazon,Food,420.49,UPI
U069,T00011_U069,2026-07-27 16:06:00,Amazon,Food,2414.93,Wallet
U069,T00012_U069,2026-08-21 13:57:00,Flipkart,Entertainment,2290.86,UPI
U069,T00013_U069,2026-02-13 10:09:00,Clinic,Entertainment,584.74,Wallet
U069,T00014_U069,2026-08-20 03:04:00,Clinic,Food,3397.34,Wallet
U069,T00015_U069,2026-07-30 16:41:00,Uber,Entertainment,1980.41,Card
U069,T00016_U069,2026-02-21 09:30:00,Myntra,Shopping,2199.68,Card
U069,T00017_U069,2026-06-21 06:40:00,Uber,Entertainment,2444.81,Card
U069,T00018_U069,2026-03-30 10:29:00,Local Store,Entertainment,2599.97,Wallet
U069,T00019_U069,2026-09-09 22:30:00,Flipkart,Shopping,312.25,Card
U069,T00020_U069,2026-01-18 07:46:00,Flipkart,Shopping,1675.81,UPI
U069,T00021_U069,2026-02-21 08:43:00,Swiggy,Healthcare,2216.43,Card
U069,T00022_U069,2026-02-01 21:28:00,Amazon,Healthcare,1882.18,UPI
U069,T00023_U069,2026-07-14 23:42:00,Flipkart,Healthcare,499.57,Card
U069,T00024_U069,2026-09-07 15:09:00,Local Store,Travel,280.72,UPI
U069,T00025_U069,2026-07-05 20:41:00,Spotify,Bills,299.0,Wallet
U069,T00026_U069,2026-05-30 02:25:00,Amazon,Shopping,3059.59,Card
U069,T00027_U069,2026-07-29 12:03:00,Flipkart,Healthcare,319.04,Wallet
U069,T00028_U069,2026-01-30 11:05:00,Flipkart,Healthcare,994.64,Wallet
U069,T00029_U069,2026-04-15 13:15:00,Local Store,Travel,1365.88,Wallet
U069,T00030_U069,2026-09-25 15:28:00,Flipkart,Bills,782.5,UPI
U069,T00031_U069,2026-05-31 22:16:00,Local Store,Food,1595.62,Wallet
U069,T00032_U069,2026-09-09 23:18:00,Myntra,Shopping,2056.14,UPI
U069,T00033_U069,2026-04-13 04:25:00,Flipkart,Bills,2712.33,UPI
U069,T00034_U069,2026-03-30 18:54:00,Amazon,Travel,1481.22,Wallet
U069,T00035_U069,2026-01-21 17:19:00,Uber,Travel,1362.91,UPI
U069,T00036_U069,2026-07-13 04:28:00,Flipkart,Entertainment,1082.8,UPI
U069,T00037_U069,2026-06-22 16:06:00,Myntra,Shopping,1044.04,UPI
U069,T00038_U069,2026-05-17 00:16:00,Clinic,Food,3950.77,Card
U069,T00039_U069,2026-08-28 13:21:00,Myntra,Healthcare,2788.26,Card
U069,T00040_U069,2026-07-25 16:51:00,Amazon,Travel,1089.34,UPI
U069,T00041_U069,2026-02-04 15:23:00,Clinic,Food,524.56,Wallet
U069,T00042_U069,2026-03-15 20:35:00,Netflix,Travel,725.32,Card
U069,T00043_U069,2026-01-15 22:40:00,Swiggy,Travel,1601.48,Card
U069,T00044_U069,2026-08-14 08:43:00,Swiggy,Travel,1263.27,Card
U069,T00045_U069,2026-06-09 17:29:00,Uber,Bills,376.08,Wallet
U069,T00046_U069,2026-05-08 03:11:00,Local Store,Entertainment,311.99,UPI
U069,T00047_U069,2026-04-11 11:38:00,Myntra,Travel,1629.29,UPI
U069,T00048_U069,2026-05-12 11:08:00,Amazon,Travel,1028.56,UPI
U069,T00049_U069,2026-04-07 11:51:00,Myntra,Shopping,358.92,Wallet
U069,T00050_U069,2026-06-30 09:26:00,Netflix,Bills,199.0,Wallet
U069,T00051_U069,2026-02-21 09:43:00,Flipkart,Entertainment,1463.61,Wallet
U069,T00052_U069,2026-02-10 20:10:00,Flipkart,Bills,2357.57,Card
U069,T00053_U069,2026-09-24 08:18:00,Swiggy,Bills,1718.08,UPI
U069,T00054_U069,2026-08-23 15:04:00,Flipkart,Shopping,2451.15,UPI
U069,T00055_U069,2026-06-14 12:41:00,Netflix,Bills,567.13,Wallet
U069,T00056_U069,2026-01-03 18:06:00,Clinic,Healthcare,1234.26,Card
U069,T00057_U069,2026-01-08 16:00:00,Flipkart,Healthcare,169.11,Wallet
U069,T00058_U069,2026-03-23 05:36:00,Swiggy,Healthcare,2169.31,Card
U069,T00059_U069,2026-02-19 19:39:00,Netflix,Entertainment,1434.04,Card
U069,T00060_U069,2026-01-17 04:44:00,Flipkart,Bills,1550.68,UPI
U069,T00061_U069,2026-08-01 20:20:00,Clinic,Bills,3917.86,UPI
U069,T00062_U069,2026-05-02 17:56:00,Netflix,Entertainment,2206.7,UPI
U069,T00063_U069,2026-01-07 17:00:00,Swiggy,Travel,1705.91,UPI
U069,T00064_U069,2026-09-27 17:32:00,Swiggy,Food,1777.61,UPI
U069,T00065_U069,2026-01-01 10:59:00,Myntra,Shopping,2277.6,Wallet
U069,T00066_U069,2026-09-03 20:10:00,Myntra,Healthcare,401.85,UPI
U069,T00067_U069,2026-01-06 14:04:00,Amazon,Food,2259.12,Card
U069,T00068_U069,2026-03-29 05:13:00,Clinic,Healthcare,1732.3,UPI
U069,T00069_U069,2026-02-27 11:17:00,Netflix,Food,2142.93,Wallet
U069,T00070_U069,2026-02-04 18:35:00,Clinic,Food,193.7,UPI
U069,T00071_U069,2026-08-21 23:08:00,Myntra,Bills,3325.21,Card
U069,T00072_U069,2026-03-21 21:35:00,Flipkart,Entertainment,897.12,UPI
U069,T00073_U069,2026-06-06 18:10:00,Local Store,Healthcare,580.56,Wallet
U069,T00074_U069,2026-09-07 20:41:00,Netflix,Travel,942.75,UPI
U069,T00075_U069,2026-01-28 19:09:00,Amazon Prime,Bills,999.0,UPI
U069,T00076_U069,2026-09-21 20:14:00,Local Store,Travel,1671.51,Wallet
U069,T00077_U069,2026-09-22 19:06:00,Amazon,Entertainment,1690.27,UPI
U069,T00078_U069,2026-06-29 10:58:00,Clinic,Bills,1187.66,Wallet
U069,T00079_U069,2026-03-18 18:26:00,Uber,Food,1826.98,Wallet
U069,T00080_U069,2026-01-30 21:54:00,Uber,Bills,401.1,Card
U069,T00081_U069,2026-03-22 20:02:00,Flipkart,Shopping,1529.92,Wallet
U069,T00082_U069,2026-02-19 08:21:00,Amazon,Travel,2043.03,Wallet
U069,T00083_U069,2026-03-03 15:40:00,Flipkart,Shopping,1466.5,Wallet
U069,T00084_U069,2026-09-05 08:37:00,Swiggy,Travel,3521.44,UPI
U069,T00085_U069,2026-08-04 05:35:00,Local Store,Bills,1520.79,UPI
U069,T00086_U069,2026-09-10 21:11:00,Swiggy,Food,1437.87,Wallet
U069,T00087_U069,2026-01-12 11:29:00,Amazon,Food,1467.63,Card
U069,T00088_U069,2026-05-27 06:48:00,Netflix,Healthcare,1171.27,Wallet
U069,T00089_U069,2026-03-17 21:58:00,Myntra,Bills,892.42,Wallet
U069,T00090_U069,2026-07-11 20:26:00,Swiggy,Bills,1785.29,Wallet
U069,T00091_U069,2026-05-18 13:52:00,Swiggy,Bills,103.45,Card
U069,T00092_U069,2026-02-26 04:49:00,Amazon,Shopping,2785.53,Card
U069,T00093_U069,2026-05-27 15:43:00,Swiggy,Food,425.01,Card
U069,T00094_U069,2026-03-01 18:44:00,Local Store,Food,3508.9,UPI
U069,T00095_U069,2026-06-07 22:17:00,Swiggy,Entertainment,1591.58,Card
U069,T00096_U069,2026-08-31 22:31:00,Myntra,Shopping,2188.2,Card
U069,T00097_U069,2026-05-05 01:43:00,Flipkart,Bills,1733.79,UPI
U069,T00098_U069,2026-02-18 21:03:00,Local Store,Food,699.63,Wallet
U069,T00099_U069,2026-08-24 09:40:00,Amazon,Healthcare,1311.74,Card
U070,T00000_U070,2026-03-10 01:43:00,Gym,Bills,499.0,Card
U070,T00001_U070,2026-05-08 06:49:00,Myntra,Entertainment,2333.83,Card
U070,T00002_U070,2026-07-13 11:28:00,Netflix,Travel,932.91,Card
U070,T00003_U070,2026-09-18 13:35:00,Local Store,Travel,2204.32,Card
U070,T00004_U070,2026-01-13 23:27:00,Uber,Entertainment,3577.11,Wallet
U070,T00005_U070,2026-03-27 21:25:00,Clinic,Travel,367.76,UPI
U070,T00006_U070,2026-01-27 01:11:00,Netflix,Travel,1125.73,Card
U070,T00007_U070,2026-05-08 07:18:00,Netflix,Entertainment,426.96,Card
U070,T00008_U070,2026-09-18 09:18:00,Swiggy,Entertainment,787.95,UPI
U070,T00009_U070,2026-06-09 11:02:00,Local Store,Travel,608.82,UPI
U070,T00010_U070,2026-09-04 01:27:00,Netflix,Bills,4571.62,Wallet
U070,T00011_U070,2026-07-21 20:07:00,Myntra,Shopping,2153.21,Wallet
U070,T00012_U070,2026-06-28 10:36:00,Myntra,Travel,854.49,UPI
U070,T00013_U070,2026-04-08 07:56:00,Myntra,Healthcare,793.15,Wallet
U070,T00014_U070,2026-08-24 14:46:00,Amazon,Food,1347.53,UPI
U070,T00015_U070,2026-07-13 14:44:00,Uber,Entertainment,2358.0,UPI
U070,T00016_U070,2026-07-14 01:53:00,Swiggy,Travel,3189.06,Wallet
U070,T00017_U070,2026-03-21 14:06:00,Flipkart,Travel,1742.68,Wallet
U070,T00018_U070,2026-05-19 15:16:00,Flipkart,Bills,2426.29,Card
U070,T00019_U070,2026-09-03 12:44:00,Flipkart,Bills,2787.55,Card
U070,T00020_U070,2026-02-16 22:59:00,Clinic,Bills,2032.42,Card
U070,T00021_U070,2026-06-07 23:20:00,Swiggy,Bills,1719.36,Wallet
U070,T00022_U070,2026-08-01 20:20:00,Flipkart,Shopping,3539.62,Wallet
U070,T00023_U070,2026-01-19 20:50:00,Netflix,Food,564.92,UPI
U070,T00024_U070,2026-03-10 13:01:00,Netflix,Travel,1772.59,Card
U070,T00025_U070,2026-06-03 01:08:00,Gym,Bills,999.0,Wallet
U070,T00026_U070,2026-06-14 11:36:00,Myntra,Food,1097.83,UPI
U070,T00027_U070,2026-04-27 01:31:00,Flipkart,Bills,1474.27,Wallet
U070,T00028_U070,2026-05-04 11:37:00,Amazon,Travel,708.98,Wallet
U070,T00029_U070,2026-05-14 10:37:00,Myntra,Healthcare,584.37,Card
U070,T00030_U070,2026-09-22 01:47:00,Amazon,Shopping,1574.55,UPI
U070,T00031_U070,2026-07-16 05:51:00,Clinic,Healthcare,747.98,UPI
U070,T00032_U070,2026-06-20 03:58:00,Myntra,Travel,1852.33,UPI
U070,T00033_U070,2026-09-11 22:03:00,Myntra,Shopping,339.12,Wallet
U070,T00034_U070,2026-01-18 04:33:00,Amazon,Healthcare,282.45,Wallet
U070,T00035_U070,2026-09-06 12:14:00,Uber,Travel,598.81,Card
U070,T00036_U070,2026-08-01 00:11:00,Local Store,Healthcare,5334.86,Card
U070,T00037_U070,2026-05-23 02:45:00,Myntra,Entertainment,2256.98,Card
U070,T00038_U070,2026-01-20 05:21:00,Flipkart,Shopping,963.97,UPI
U070,T00039_U070,2026-05-18 21:40:00,Flipkart,Healthcare,2373.06,UPI
U070,T00040_U070,2026-09-01 04:41:00,Flipkart,Shopping,4438.2,Wallet
U070,T00041_U070,2026-06-09 17:23:00,Amazon,Shopping,223.1,Wallet
U070,T00042_U070,2026-05-06 10:18:00,Clinic,Healthcare,469.04,UPI
U070,T00043_U070,2026-05-12 01:57:00,Netflix,Travel,3501.24,UPI
U070,T00044_U070,2026-07-27 02:07:00,Flipkart,Shopping,149.48,Wallet
U070,T00045_U070,2026-03-11 15:23:00,Myntra,Healthcare,571.17,UPI
U070,T00046_U070,2026-09-17 15:02:00,Local Store,Travel,1449.78,Wallet
U070,T00047_U070,2026-04-26 07:21:00,Netflix,Travel,1064.43,Wallet
U070,T00048_U070,2026-07-09 18:35:00,Myntra,Food,1435.71,UPI
U070,T00049_U070,2026-08-13 09:33:00,Swiggy,Entertainment,205.11,Card
U070,T00050_U070,2026-07-04 15:45:00,Spotify,Bills,999.0,Wallet
U070,T00051_U070,2026-07-18 00:36:00,Uber,Healthcare,158.39,Card
U070,T00052_U070,2026-01-14 03:29:00,Swiggy,Travel,1417.32,Card
U070,T00053_U070,2026-06-27 10:33:00,Swiggy,Bills,1649.26,Card
U070,T00054_U070,2026-07-23 18:31:00,Myntra,Healthcare,493.13,UPI
U070,T00055_U070,2026-05-29 05:02:00,Flipkart,Travel,218.11,Wallet
U070,T00056_U070,2026-02-02 18:06:00,Local Store,Food,3381.24,UPI
U070,T00057_U070,2026-05-07 12:48:00,Flipkart,Shopping,1520.16,UPI
U070,T00058_U070,2026-06-04 22:09:00,Myntra,Food,1820.16,UPI
U070,T00059_U070,2026-04-21 05:35:00,Amazon,Entertainment,746.97,Wallet
U070,T00060_U070,2026-03-09 20:18:00,Uber,Travel,427.28,Card
U070,T00061_U070,2026-03-21 05:18:00,Flipkart,Shopping,456.79,UPI
U070,T00062_U070,2026-01-29 00:01:00,Flipkart,Food,1013.43,Wallet
U070,T00063_U070,2026-03-24 08:42:00,Flipkart,Shopping,247.29,Card
U070,T00064_U070,2026-02-19 22:59:00,Amazon,Shopping,652.61,Wallet
U070,T00065_U070,2026-06-15 12:07:00,Clinic,Healthcare,2493.81,UPI
U070,T00066_U070,2026-05-24 23:44:00,Uber,Bills,1555.57,Card
U070,T00067_U070,2026-05-27 01:57:00,Clinic,Bills,2104.67,UPI
U070,T00068_U070,2026-07-12 02:57:00,Swiggy,Travel,1567.09,Card
U070,T00069_U070,2026-01-21 19:03:00,Flipkart,Entertainment,2250.7,UPI
U070,T00070_U070,2026-07-12 01:08:00,Flipkart,Entertainment,3665.25,Card
U070,T00071_U070,2026-08-05 15:53:00,Myntra,Healthcare,1769.17,UPI
U070,T00072_U070,2026-08-08 05:37:00,Flipkart,Shopping,871.0,Wallet
U070,T00073_U070,2026-08-29 22:28:00,Flipkart,Entertainment,2519.77,Wallet
U070,T00074_U070,2026-06-03 06:32:00,Amazon,Shopping,1026.99,UPI
U070,T00075_U070,2026-04-06 05:33:00,Spotify,Bills,499.0,UPI
U070,T00076_U070,2026-03-25 06:21:00,Swiggy,Bills,1023.48,Card
U070,T00077_U070,2026-01-15 18:55:00,Uber,Healthcare,2306.49,UPI
U070,T00078_U070,2026-02-19 08:19:00,Myntra,Food,847.6,UPI
U070,T00079_U070,2026-04-05 18:09:00,Netflix,Travel,1794.04,Wallet
U070,T00080_U070,2026-04-23 18:45:00,Myntra,Shopping,183.05,UPI
U070,T00081_U070,2026-04-07 06:41:00,Uber,Entertainment,371.05,UPI
U070,T00082_U070,2026-06-25 17:52:00,Flipkart,Healthcare,597.33,Wallet
U070,T00083_U070,2026-08-17 16:41:00,Netflix,Bills,1990.63,UPI
U070,T00084_U070,2026-01-12 10:15:00,Uber,Food,916.67,Card
U070,T00085_U070,2026-07-05 18:22:00,Myntra,Food,1790.22,UPI
U070,T00086_U070,2026-04-26 05:47:00,Flipkart,Healthcare,133.62,Card
U070,T00087_U070,2026-01-03 17:26:00,Local Store,Food,2232.32,Card
U070,T00088_U070,2026-07-21 21:29:00,Clinic,Travel,1825.83,Card
U070,T00089_U070,2026-03-28 23:39:00,Uber,Food,4481.16,Card
U070,T00090_U070,2026-07-05 01:35:00,Local Store,Healthcare,3051.18,Wallet
U070,T00091_U070,2026-01-01 23:11:00,Myntra,Travel,4287.06,Wallet
U070,T00092_U070,2026-05-16 20:06:00,Swiggy,Food,2241.18,Card
U070,T00093_U070,2026-07-01 23:26:00,Myntra,Shopping,5025.43,Card
U070,T00094_U070,2026-09-17 00:50:00,Uber,Healthcare,3847.82,Wallet
U070,T00095_U070,2026-07-25 09:30:00,Flipkart,Food,580.91,Card
U070,T00096_U070,2026-03-29 09:53:00,Flipkart,Travel,3243.13,Card
U070,T00097_U070,2026-06-13 08:54:00,Flipkart,Healthcare,436.56,Card
U070,T00098_U070,2026-02-04 09:14:00,Swiggy,Travel,3404.86,UPI
U070,T00099_U070,2026-09-02 02:22:00,Myntra,Shopping,1099.81,Wallet
U071,T00000_U071,2026-07-30 17:15:00,Amazon Prime,Bills,299.0,Wallet
U071,T00001_U071,2026-02-09 23:11:00,Myntra,Shopping,837.76,Card
U071,T00002_U071,2026-08-16 09:28:00,Clinic,Bills,248.17,Card
U071,T00003_U071,2026-07-15 09:18:00,Amazon,Shopping,1605.41,UPI
U071,T00004_U071,2026-08-27 21:47:00,Clinic,Food,1358.08,Wallet
U071,T00005_U071,2026-01-21 23:04:00,Swiggy,Healthcare,472.69,Card
U071,T00006_U071,2026-09-26 00:23:00,Uber,Entertainment,2771.3,Wallet
U071,T00007_U071,2026-09-18 15:19:00,Swiggy,Healthcare,161.24,Card
U071,T00008_U071,2026-02-05 01:42:00,Swiggy,Healthcare,3210.92,Wallet
U071,T00009_U071,2026-05-31 18:11:00,Uber,Food,2000.76,Wallet
U071,T00010_U071,2026-08-01 09:03:00,Amazon,Travel,514.12,UPI
U071,T00011_U071,2026-05-21 21:13:00,Swiggy,Food,2021.72,Card
U071,T00012_U071,2026-01-05 06:05:00,Clinic,Travel,1747.11,Card
U071,T00013_U071,2026-01-08 13:28:00,Amazon,Travel,741.46,Card
U071,T00014_U071,2026-09-25 07:22:00,Netflix,Food,1067.53,Wallet
U071,T00015_U071,2026-06-29 03:17:00,Myntra,Healthcare,5825.94,UPI
U071,T00016_U071,2026-06-25 07:34:00,Amazon,Entertainment,351.32,Card
U071,T00017_U071,2026-03-04 03:05:00,Local Store,Healthcare,1560.25,Card
U071,T00018_U071,2026-04-17 11:39:00,Myntra,Shopping,368.47,UPI
U071,T00019_U071,2026-08-04 10:00:00,Uber,Healthcare,4535.91,UPI
U071,T00020_U071,2026-06-12 11:13:00,Swiggy,Food,1292.27,Card
U071,T00021_U071,2026-02-08 05:09:00,Clinic,Food,448.08,Wallet
U071,T00022_U071,2026-01-17 17:41:00,Netflix,Travel,2052.84,Wallet
U071,T00023_U071,2026-04-01 09:59:00,Local Store,Food,2241.7,Wallet
U071,T00024_U071,2026-08-08 21:37:00,Amazon,Shopping,1937.8,UPI
U071,T00025_U071,2026-07-28 01:06:00,Spotify,Bills,199.0,Wallet
U071,T00026_U071,2026-02-20 22:53:00,Swiggy,Travel,161.78,Wallet
U071,T00027_U071,2026-09-16 03:10:00,Clinic,Healthcare,2778.21,Wallet
U071,T00028_U071,2026-03-11 21:44:00,Myntra,Healthcare,1339.24,Card
U071,T00029_U071,2026-06-06 23:04:00,Uber,Travel,2647.11,Card
U071,T00030_U071,2026-04-09 09:45:00,Swiggy,Travel,456.76,Card
U071,T00031_U071,2026-05-14 20:11:00,Flipkart,Entertainment,1378.11,Wallet
U071,T00032_U071,2026-08-10 20:38:00,Local Store,Entertainment,2246.17,Wallet
U071,T00033_U071,2026-02-02 02:02:00,Amazon,Travel,4937.38,UPI
U071,T00034_U071,2026-08-28 04:52:00,Flipkart,Travel,321.93,Wallet
U071,T00035_U071,2026-09-22 07:42:00,Clinic,Entertainment,1201.05,UPI
U071,T00036_U071,2026-01-06 15:00:00,Myntra,Bills,703.47,UPI
U071,T00037_U071,2026-09-15 19:50:00,Flipkart,Shopping,299.79,UPI
U071,T00038_U071,2026-04-08 23:48:00,Netflix,Food,1458.32,Wallet
U071,T00039_U071,2026-04-03 21:15:00,Local Store,Entertainment,532.91,Wallet
U071,T00040_U071,2026-03-25 00:05:00,Myntra,Entertainment,2692.38,Wallet
U071,T00041_U071,2026-03-01 21:08:00,Local Store,Entertainment,417.32,Card
U071,T00042_U071,2026-08-05 03:05:00,Uber,Food,161.84,Wallet
U071,T00043_U071,2026-04-03 21:41:00,Clinic,Healthcare,1647.96,Card
U071,T00044_U071,2026-01-11 16:26:00,Flipkart,Shopping,624.51,Wallet
U071,T00045_U071,2026-06-27 01:25:00,Local Store,Entertainment,2374.04,UPI
U071,T00046_U071,2026-06-24 11:01:00,Swiggy,Bills,1656.65,Card
U071,T00047_U071,2026-01-25 21:38:00,Flipkart,Food,203.32,Wallet
U071,T00048_U071,2026-04-06 11:03:00,Swiggy,Healthcare,943.56,Card
U071,T00049_U071,2026-08-09 09:19:00,Uber,Food,1959.61,UPI
U071,T00050_U071,2026-05-14 06:26:00,Netflix,Bills,299.0,Wallet
U071,T00051_U071,2026-01-22 14:25:00,Amazon,Food,1929.57,Wallet
U071,T00052_U071,2026-02-26 23:57:00,Flipkart,Travel,1599.15,Wallet
U071,T00053_U071,2026-01-08 07:08:00,Clinic,Food,1161.87,Wallet
U071,T00054_U071,2026-02-17 03:49:00,Local Store,Entertainment,1568.46,Wallet
U071,T00055_U071,2026-01-21 08:12:00,Netflix,Entertainment,1640.05,UPI
U071,T00056_U071,2026-02-23 10:52:00,Netflix,Entertainment,1647.1,Wallet
U071,T00057_U071,2026-03-09 05:39:00,Swiggy,Travel,1818.85,UPI
U071,T00058_U071,2026-07-21 01:58:00,Flipkart,Shopping,884.08,Card
U071,T00059_U071,2026-08-15 11:56:00,Clinic,Entertainment,2383.64,UPI
U071,T00060_U071,2026-06-16 02:56:00,Flipkart,Travel,1145.6,Card
U071,T00061_U071,2026-05-26 06:38:00,Amazon,Shopping,102.49,UPI
U071,T00062_U071,2026-01-30 14:34:00,Swiggy,Food,975.78,UPI
U071,T00063_U071,2026-03-01 00:15:00,Myntra,Healthcare,2943.15,UPI
U071,T00064_U071,2026-05-12 03:52:00,Swiggy,Entertainment,2346.46,Wallet
U071,T00065_U071,2026-08-26 11:31:00,Netflix,Healthcare,373.05,Card
U071,T00066_U071,2026-07-24 02:36:00,Clinic,Food,2837.07,Card
U071,T00067_U071,2026-01-25 08:14:00,Uber,Bills,1887.65,Wallet
U071,T00068_U071,2026-07-24 22:04:00,Myntra,Entertainment,400.33,UPI
U071,T00069_U071,2026-08-27 22:53:00,Myntra,Entertainment,1135.67,UPI
U071,T00070_U071,2026-06-24 08:49:00,Swiggy,Healthcare,506.5,Card
U071,T00071_U071,2026-01-10 23:54:00,Flipkart,Shopping,2976.33,Card
U071,T00072_U071,2026-03-14 02:45:00,Netflix,Bills,1483.14,Card
U071,T00073_U071,2026-05-09 19:36:00,Myntra,Shopping,1704.82,Card
U071,T00074_U071,2026-06-30 06:56:00,Amazon,Bills,1847.04,Wallet
U071,T00075_U071,2026-05-31 17:28:00,Amazon Prime,Bills,299.0,Wallet
U071,T00076_U071,2026-04-25 21:43:00,Flipkart,Entertainment,1006.58,Wallet
U071,T00077_U071,2026-01-19 19:54:00,Netflix,Food,1152.06,UPI
U071,T00078_U071,2026-08-28 19:19:00,Local Store,Entertainment,2450.69,Wallet
U071,T00079_U071,2026-04-22 20:16:00,Myntra,Shopping,131.27,Wallet
U071,T00080_U071,2026-03-26 20:31:00,Netflix,Bills,476.97,UPI
U071,T00081_U071,2026-06-01 12:46:00,Amazon,Healthcare,1578.15,UPI
U071,T00082_U071,2026-02-27 13:31:00,Swiggy,Entertainment,2069.45,Wallet
U071,T00083_U071,2026-07-29 01:05:00,Local Store,Food,4829.07,Wallet
U071,T00084_U071,2026-08-17 16:43:00,Myntra,Shopping,410.64,Card
U071,T00085_U071,2026-07-04 17:08:00,Flipkart,Bills,2102.34,Wallet
U071,T00086_U071,2026-01-22 20:42:00,Uber,Travel,1602.42,UPI
U071,T00087_U071,2026-04-30 18:35:00,Flipkart,Entertainment,2626.08,Wallet
U071,T00088_U071,2026-05-10 12:24:00,Swiggy,Bills,1355.62,Card
U071,T00089_U071,2026-05-31 19:33:00,Swiggy,Entertainment,760.4,Card
U071,T00090_U071,2026-04-26 05:43:00,Flipkart,Bills,2177.89,Card
U071,T00091_U071,2026-04-14 00:30:00,Clinic,Food,3716.56,UPI
U071,T00092_U071,2026-01-22 09:45:00,Clinic,Bills,1339.33,UPI
U071,T00093_U071,2026-02-08 11:03:00,Flipkart,Bills,2288.87,UPI
U071,T00094_U071,2026-05-22 10:04:00,Flipkart,Shopping,1546.95,Wallet
U071,T00095_U071,2026-05-09 11:17:00,Flipkart,Food,578.32,Card
U071,T00096_U071,2026-09-24 03:19:00,Clinic,Healthcare,3042.86,UPI
U071,T00097_U071,2026-06-29 00:29:00,Flipkart,Travel,2982.1,Wallet
U071,T00098_U071,2026-07-02 21:03:00,Swiggy,Healthcare,1794.99,Card
U071,T00099_U071,2026-06-20 10:00:00,Netflix,Food,556.26,Wallet
U072,T00000_U072,2026-06-13 15:50:00,Spotify,Bills,999.0,Card
U072,T00001_U072,2026-04-17 06:24:00,Uber,Food,533.83,Card
U072,T00002_U072,2026-08-30 08:05:00,Amazon,Travel,3743.98,UPI
U072,T00003_U072,2026-06-11 13:26:00,Amazon,Healthcare,1639.04,Wallet
U072,T00004_U072,2026-03-22 22:16:00,Flipkart,Healthcare,1099.78,Wallet
U072,T00005_U072,2026-06-25 02:28:00,Myntra,Bills,2789.31,Wallet
U072,T00006_U072,2026-09-11 15:12:00,Local Store,Food,263.96,Card
U072,T00007_U072,2026-01-16 02:31:00,Uber,Healthcare,2939.81,Card
U072,T00008_U072,2026-01-14 23:03:00,Myntra,Food,1393.87,UPI
U072,T00009_U072,2026-06-18 19:41:00,Myntra,Entertainment,1170.66,UPI
U072,T00010_U072,2026-08-31 15:30:00,Netflix,Entertainment,948.67,Card
U072,T00011_U072,2026-08-30 03:18:00,Amazon,Travel,5426.37,UPI
U072,T00012_U072,2026-03-07 17:41:00,Flipkart,Shopping,2064.28,Card
U072,T00013_U072,2026-06-25 05:36:00,Myntra,Shopping,1248.83,UPI
U072,T00014_U072,2026-08-21 11:48:00,Netflix,Travel,1718.1,Card
U072,T00015_U072,2026-01-08 07:49:00,Flipkart,Travel,1552.14,Card
U072,T00016_U072,2026-07-03 10:15:00,Uber,Entertainment,2147.81,Wallet
U072,T00017_U072,2026-01-26 18:16:00,Swiggy,Entertainment,896.06,Card
U072,T00018_U072,2026-09-11 12:22:00,Flipkart,Bills,1564.8,Wallet
U072,T00019_U072,2026-01-06 02:35:00,Clinic,Healthcare,1622.22,Wallet
U072,T00020_U072,2026-03-26 14:03:00,Flipkart,Travel,1327.46,Card
U072,T00021_U072,2026-03-17 16:28:00,Netflix,Food,1946.34,Wallet
U072,T00022_U072,2026-04-30 08:41:00,Uber,Healthcare,834.4,Wallet
U072,T00023_U072,2026-08-27 22:15:00,Netflix,Bills,845.76,UPI
U072,T00024_U072,2026-05-24 01:09:00,Uber,Bills,3050.62,UPI
U072,T00025_U072,2026-06-04 22:27:00,Netflix,Bills,999.0,Card
U072,T00026_U072,2026-04-13 08:42:00,Myntra,Shopping,497.34,Card
U072,T00027_U072,2026-02-23 03:22:00,Clinic,Entertainment,929.93,Wallet
U072,T00028_U072,2026-02-13 10:56:00,Amazon,Entertainment,2113.35,Card
U072,T00029_U072,2026-03-22 02:47:00,Flipkart,Entertainment,1442.2,UPI
U072,T00030_U072,2026-05-01 23:33:00,Clinic,Healthcare,1307.4,UPI
U072,T00031_U072,2026-02-08 18:44:00,Local Store,Food,1120.39,Wallet
U072,T00032_U072,2026-03-03 13:10:00,Local Store,Travel,2588.16,Wallet
U072,T00033_U072,2026-08-09 15:56:00,Myntra,Entertainment,2345.71,UPI
U072,T00034_U072,2026-09-15 04:11:00,Clinic,Travel,2259.48,UPI
U072,T00035_U072,2026-03-06 08:31:00,Local Store,Entertainment,1155.9,Wallet
U072,T00036_U072,2026-08-22 03:25:00,Amazon,Entertainment,2386.25,Wallet
U072,T00037_U072,2026-07-03 14:39:00,Amazon,Shopping,1787.77,UPI
U072,T00038_U072,2026-06-11 04:38:00,Swiggy,Bills,2744.56,Wallet
U072,T00039_U072,2026-04-07 09:48:00,Flipkart,Food,1965.56,UPI
U072,T00040_U072,2026-05-09 10:17:00,Amazon,Shopping,1248.0,UPI
U072,T00041_U072,2026-06-27 10:33:00,Flipkart,Shopping,2376.72,UPI
U072,T00042_U072,2026-06-20 02:28:00,Swiggy,Food,1322.03,Card
U072,T00043_U072,2026-08-30 20:27:00,Flipkart,Healthcare,2695.94,UPI
U072,T00044_U072,2026-07-20 09:20:00,Myntra,Shopping,563.59,UPI
U072,T00045_U072,2026-06-28 10:00:00,Flipkart,Shopping,1207.05,Wallet
U072,T00046_U072,2026-03-31 23:05:00,Amazon,Food,1509.52,Card
U072,T00047_U072,2026-06-17 19:04:00,Netflix,Travel,2137.78,Card
U072,T00048_U072,2026-08-30 01:14:00,Clinic,Food,251.54,UPI
U072,T00049_U072,2026-07-09 17:12:00,Myntra,Shopping,260.74,UPI
U072,T00050_U072,2026-06-18 09:23:00,Gym,Bills,299.0,Card
U072,T00051_U072,2026-09-14 13:15:00,Uber,Entertainment,2459.13,Card
U072,T00052_U072,2026-06-08 18:32:00,Swiggy,Food,1688.07,UPI
U072,T00053_U072,2026-03-09 13:55:00,Flipkart,Entertainment,1454.89,Wallet
U072,T00054_U072,2026-01-14 12:52:00,Swiggy,Healthcare,759.41,Wallet
U072,T00055_U072,2026-05-31 04:39:00,Myntra,Bills,4093.29,Card
U072,T00056_U072,2026-08-17 08:13:00,Netflix,Healthcare,220.32,Wallet
U072,T00057_U072,2026-09-05 17:57:00,Flipkart,Shopping,2653.29,Card
U072,T00058_U072,2026-03-10 03:06:00,Flipkart,Shopping,744.26,Wallet
U072,T00059_U072,2026-09-16 06:37:00,Swiggy,Bills,351.65,UPI
U072,T00060_U072,2026-07-08 19:22:00,Clinic,Travel,2462.23,UPI
U072,T00061_U072,2026-08-11 17:48:00,Local Store,Food,1330.86,UPI
U072,T00062_U072,2026-01-20 09:46:00,Swiggy,Food,2174.64,Card
U072,T00063_U072,2026-05-19 13:33:00,Amazon,Food,2029.25,UPI
U072,T00064_U072,2026-03-02 08:13:00,Myntra,Shopping,152.09,UPI
U072,T00065_U072,2026-04-06 03:47:00,Amazon,Food,3062.51,Wallet
U072,T00066_U072,2026-06-20 19:40:00,Myntra,Healthcare,1487.02,Wallet
U072,T00067_U072,2026-08-31 19:47:00,Local Store,Food,4231.64,Wallet
U072,T00068_U072,2026-01-25 19:55:00,Flipkart,Food,1010.26,UPI
U072,T00069_U072,2026-09-08 20:26:00,Myntra,Travel,143.37,Card
U072,T00070_U072,2026-06-04 17:40:00,Amazon,Shopping,265.2,UPI
U072,T00071_U072,2026-08-04 16:00:00,Amazon,Food,1820.48,Wallet
U072,T00072_U072,2026-04-21 23:26:00,Local Store,Food,1221.92,Card
U072,T00073_U072,2026-04-11 20:17:00,Clinic,Bills,598.18,UPI
U072,T00074_U072,2026-01-02 18:26:00,Amazon,Food,1455.89,Wallet
U072,T00075_U072,2026-01-15 11:14:00,Spotify,Bills,499.0,Wallet
U072,T00076_U072,2026-01-09 09:38:00,Swiggy,Entertainment,735.35,Card
U072,T00077_U072,2026-06-19 10:22:00,Local Store,Food,1468.41,UPI
U072,T00078_U072,2026-03-25 22:18:00,Netflix,Food,2241.42,Wallet
U072,T00079_U072,2026-08-19 21:50:00,Amazon,Travel,293.32,Wallet
U072,T00080_U072,2026-04-15 11:12:00,Amazon,Bills,1604.24,UPI
U072,T00081_U072,2026-09-20 20:49:00,Amazon,Bills,1764.67,Card
U072,T00082_U072,2026-09-12 14:43:00,Netflix,Food,472.42,Wallet
U072,T00083_U072,2026-06-20 21:32:00,Swiggy,Entertainment,726.79,UPI
U072,T00084_U072,2026-05-14 04:37:00,Swiggy,Food,3639.01,Wallet
U072,T00085_U072,2026-03-15 10:49:00,Netflix,Bills,1261.76,UPI
U072,T00086_U072,2026-01-24 06:30:00,Flipkart,Food,1185.27,UPI
U072,T00087_U072,2026-02-12 04:03:00,Local Store,Travel,2309.69,Wallet
U072,T00088_U072,2026-07-01 06:44:00,Clinic,Food,1104.46,Wallet
U072,T00089_U072,2026-02-09 06:16:00,Netflix,Food,1759.27,UPI
U072,T00090_U072,2026-05-21 00:20:00,Amazon,Food,1814.12,Wallet
U072,T00091_U072,2026-07-17 02:31:00,Swiggy,Food,244.81,Card
U072,T00092_U072,2026-06-05 23:42:00,Myntra,Food,4376.15,UPI
U072,T00093_U072,2026-01-05 23:37:00,Netflix,Travel,925.57,Wallet
U072,T00094_U072,2026-07-17 04:20:00,Local Store,Travel,370.97,UPI
U072,T00095_U072,2026-08-17 01:04:00,Flipkart,Food,1999.03,UPI
U072,T00096_U072,2026-05-11 03:31:00,Amazon,Entertainment,628.67,Card
U072,T00097_U072,2026-09-21 07:10:00,Swiggy,Travel,1537.39,Wallet
U072,T00098_U072,2026-06-25 04:59:00,Local Store,Healthcare,2446.5,Card
U072,T00099_U072,2026-07-31 22:36:00,Amazon,Travel,4316.29,UPI
U073,T00000_U073,2026-01-01 02:04:00,Gym,Bills,499.0,Card
U073,T00001_U073,2026-07-19 20:29:00,Flipkart,Shopping,631.35,Wallet
U073,T00002_U073,2026-04-09 12:32:00,Amazon,Travel,804.23,Card
U073,T00003_U073,2026-05-25 12:57:00,Amazon,Shopping,2024.69,Wallet
U073,T00004_U073,2026-09-07 08:42:00,Swiggy,Bills,853.08,UPI
U073,T00005_U073,2026-09-20 21:55:00,Swiggy,Healthcare,922.57,Wallet
U073,T00006_U073,2026-07-08 00:39:00,Uber,Healthcare,756.33,Card
U073,T00007_U073,2026-04-29 12:09:00,Clinic,Travel,1624.36,Wallet
U073,T00008_U073,2026-09-14 15:11:00,Uber,Entertainment,2388.39,UPI
U073,T00009_U073,2026-01-26 11:37:00,Netflix,Food,1878.78,Wallet
U073,T00010_U073,2026-09-18 23:53:00,Amazon,Healthcare,1329.3,Wallet
U073,T00011_U073,2026-06-09 18:22:00,Netflix,Healthcare,501.92,Card
U073,T00012_U073,2026-05-12 07:40:00,Myntra,Travel,430.55,Card
U073,T00013_U073,2026-04-12 04:35:00,Myntra,Travel,1078.02,Wallet
U073,T00014_U073,2026-03-29 18:34:00,Myntra,Food,203.87,UPI
U073,T00015_U073,2026-08-23 05:24:00,Amazon,Travel,1669.05,UPI
U073,T00016_U073,2026-05-15 04:02:00,Netflix,Travel,3094.98,UPI
U073,T00017_U073,2026-05-06 03:18:00,Local Store,Travel,584.21,UPI
U073,T00018_U073,2026-04-22 01:56:00,Amazon,Shopping,2682.54,UPI
U073,T00019_U073,2026-02-27 06:04:00,Local Store,Travel,825.68,Card
U073,T00020_U073,2026-04-05 02:18:00,Amazon,Shopping,4501.82,Card
U073,T00021_U073,2026-06-21 21:58:00,Myntra,Bills,1873.56,Card
U073,T00022_U073,2026-08-31 00:42:00,Flipkart,Shopping,468.56,Wallet
U073,T00023_U073,2026-08-31 19:37:00,Clinic,Healthcare,2621.77,Wallet
U073,T00024_U073,2026-08-12 20:49:00,Amazon,Travel,252.73,Card
U073,T00025_U073,2026-01-08 14:44:00,Gym,Bills,999.0,UPI
U073,T00026_U073,2026-08-17 22:25:00,Flipkart,Shopping,1455.37,UPI
U073,T00027_U073,2026-01-21 14:07:00,Uber,Food,1297.85,UPI
U073,T00028_U073,2026-07-02 20:11:00,Myntra,Shopping,431.87,UPI
U073,T00029_U073,2026-05-25 04:08:00,Netflix,Healthcare,3756.12,UPI
U073,T00030_U073,2026-03-12 06:48:00,Amazon,Bills,2039.67,UPI
U073,T00031_U073,2026-04-19 03:26:00,Local Store,Food,3983.8,Wallet
U073,T00032_U073,2026-08-30 09:43:00,Local Store,Travel,1844.3,UPI
U073,T00033_U073,2026-02-27 19:33:00,Netflix,Healthcare,2254.04,UPI
U073,T00034_U073,2026-03-02 11:31:00,Clinic,Bills,680.06,UPI
U073,T00035_U073,2026-09-11 03:20:00,Netflix,Healthcare,3427.43,UPI
U073,T00036_U073,2026-04-04 12:19:00,Myntra,Shopping,1433.06,Card
U073,T00037_U073,2026-09-18 17:46:00,Local Store,Travel,1877.84,UPI
U073,T00038_U073,2026-08-17 02:51:00,Clinic,Travel,2392.76,UPI
U073,T00039_U073,2026-09-23 21:01:00,Clinic,Travel,1604.97,UPI
U073,T00040_U073,2026-09-12 16:16:00,Uber,Healthcare,769.82,UPI
U073,T00041_U073,2026-03-21 23:31:00,Uber,Travel,667.87,UPI
U073,T00042_U073,2026-08-15 19:52:00,Amazon,Shopping,1035.35,Card
U073,T00043_U073,2026-06-08 17:48:00,Clinic,Entertainment,380.15,Wallet
U073,T00044_U073,2026-09-26 02:26:00,Myntra,Food,3004.3,Wallet
U073,T00045_U073,2026-04-23 09:52:00,Clinic,Entertainment,791.74,Card
U073,T00046_U073,2026-08-13 16:47:00,Netflix,Travel,1780.63,Card
U073,T00047_U073,2026-05-01 22:15:00,Amazon,Healthcare,3051.52,Wallet
U073,T00048_U073,2026-02-23 10:26:00,Netflix,Entertainment,2151.91,UPI
U073,T00049_U073,2026-04-20 10:17:00,Netflix,Healthcare,924.45,Card
U073,T00050_U073,2026-08-22 20:51:00,Netflix,Bills,999.0,Card
U073,T00051_U073,2026-01-29 09:40:00,Netflix,Healthcare,1244.86,UPI
U073,T00052_U073,2026-02-06 15:12:00,Uber,Food,350.39,Card
U073,T00053_U073,2026-03-30 11:37:00,Flipkart,Shopping,2708.65,Card
U073,T00054_U073,2026-07-15 14:44:00,Myntra,Shopping,225.44,Card
U073,T00055_U073,2026-03-25 10:54:00,Clinic,Food,1225.95,Wallet
U073,T00056_U073,2026-07-01 13:20:00,Flipkart,Shopping,1111.68,Card
U073,T00057_U073,2026-04-21 14:19:00,Amazon,Shopping,1977.06,UPI
U073,T00058_U073,2026-03-07 01:17:00,Swiggy,Food,1913.64,Card
U073,T00059_U073,2026-01-22 14:10:00,Netflix,Entertainment,475.32,UPI
U073,T00060_U073,2026-02-24 23:17:00,Clinic,Bills,1699.62,Card
U073,T00061_U073,2026-04-29 14:10:00,Swiggy,Travel,322.51,UPI
U073,T00062_U073,2026-03-02 23:36:00,Local Store,Travel,4506.83,UPI
U073,T00063_U073,2026-01-31 11:46:00,Local Store,Food,2279.08,Wallet
U073,T00064_U073,2026-07-18 20:07:00,Netflix,Healthcare,2296.66,Wallet
U073,T00065_U073,2026-05-10 08:42:00,Myntra,Travel,621.81,Card
U073,T00066_U073,2026-05-16 02:06:00,Swiggy,Healthcare,3347.31,Wallet
U073,T00067_U073,2026-03-29 01:34:00,Local Store,Bills,3009.85,Card
U073,T00068_U073,2026-03-15 07:11:00,Netflix,Food,387.57,Card
U073,T00069_U073,2026-06-11 03:38:00,Clinic,Entertainment,1858.09,Wallet
U073,T00070_U073,2026-07-28 00:21:00,Local Store,Bills,1546.91,UPI
U073,T00071_U073,2026-05-19 05:11:00,Clinic,Food,2084.34,Card
U073,T00072_U073,2026-04-22 02:50:00,Swiggy,Healthcare,3317.92,UPI
U073,T00073_U073,2026-03-15 17:29:00,Netflix,Travel,2290.08,Wallet
U073,T00074_U073,2026-04-09 23:25:00,Uber,Entertainment,795.89,UPI
U073,T00075_U073,2026-02-12 15:49:00,Gym,Bills,299.0,Wallet
U073,T00076_U073,2026-09-22 01:07:00,Amazon,Food,2286.43,Card
U073,T00077_U073,2026-03-30 21:59:00,Myntra,Bills,3844.85,Card
U073,T00078_U073,2026-03-26 04:13:00,Clinic,Entertainment,1166.42,Wallet
U073,T00079_U073,2026-01-16 12:41:00,Flipkart,Shopping,733.47,Wallet
U073,T00080_U073,2026-07-24 17:16:00,Swiggy,Entertainment,768.98,UPI
U073,T00081_U073,2026-03-28 13:06:00,Netflix,Entertainment,1274.53,Card
U073,T00082_U073,2026-05-07 06:42:00,Clinic,Bills,233.66,UPI
U073,T00083_U073,2026-06-02 21:24:00,Local Store,Food,2819.48,UPI
U073,T00084_U073,2026-06-09 15:42:00,Amazon,Entertainment,221.1,Wallet
U073,T00085_U073,2026-08-07 21:48:00,Netflix,Healthcare,732.49,UPI
U073,T00086_U073,2026-01-23 08:12:00,Clinic,Entertainment,2180.49,UPI
U073,T00087_U073,2026-08-01 14:59:00,Netflix,Food,182.82,UPI
U073,T00088_U073,2026-05-02 14:52:00,Myntra,Shopping,1489.49,Card
U073,T00089_U073,2026-01-05 09:34:00,Amazon,Travel,509.17,Card
U073,T00090_U073,2026-06-13 12:46:00,Flipkart,Shopping,2167.53,Card
U073,T00091_U073,2026-09-06 19:04:00,Amazon,Food,2054.14,Wallet
U073,T00092_U073,2026-06-22 03:11:00,Myntra,Travel,2126.28,Wallet
U073,T00093_U073,2026-02-09 12:38:00,Myntra,Travel,1930.62,UPI
U073,T00094_U073,2026-03-14 11:15:00,Uber,Bills,269.65,Card
U073,T00095_U073,2026-06-19 15:59:00,Amazon,Entertainment,1275.9,Card
U073,T00096_U073,2026-09-06 05:10:00,Uber,Healthcare,2170.79,Card
U073,T00097_U073,2026-09-24 16:55:00,Myntra,Shopping,1138.93,Wallet
U073,T00098_U073,2026-04-21 07:42:00,Swiggy,Travel,1333.06,Wallet
U073,T00099_U073,2026-04-10 15:32:00,Amazon,Shopping,2140.68,Card
U074,T00000_U074,2026-04-04 12:26:00,Netflix,Bills,999.0,Wallet
U074,T00001_U074,2026-07-09 13:21:00,Amazon,Shopping,160.59,UPI
U074,T00002_U074,2026-09-06 11:00:00,Flipkart,Bills,1760.62,Wallet
U074,T00003_U074,2026-01-09 08:30:00,Myntra,Food,1444.75,UPI
U074,T00004_U074,2026-04-24 14:51:00,Uber,Food,440.83,UPI
U074,T00005_U074,2026-04-21 15:18:00,Myntra,Entertainment,1297.17,Wallet
U074,T00006_U074,2026-04-27 18:11:00,Myntra,Healthcare,1744.57,Wallet
U074,T00007_U074,2026-09-15 19:17:00,Netflix,Bills,724.07,Card
U074,T00008_U074,2026-08-02 23:56:00,Flipkart,Shopping,5880.34,Wallet
U074,T00009_U074,2026-09-19 06:09:00,Swiggy,Travel,1729.71,UPI
U074,T00010_U074,2026-09-21 02:50:00,Netflix,Bills,1839.99,Wallet
U074,T00011_U074,2026-08-02 02:42:00,Swiggy,Bills,3952.76,Wallet
U074,T00012_U074,2026-02-01 08:01:00,Flipkart,Bills,1164.41,Card
U074,T00013_U074,2026-03-17 08:49:00,Netflix,Travel,2089.75,UPI
U074,T00014_U074,2026-09-05 11:38:00,Myntra,Travel,1434.98,UPI
U074,T00015_U074,2026-09-05 05:11:00,Amazon,Shopping,4036.84,UPI
U074,T00016_U074,2026-06-13 01:49:00,Local Store,Food,2384.41,UPI
U074,T00017_U074,2026-08-15 08:23:00,Amazon,Food,1791.09,Card
U074,T00018_U074,2026-06-23 22:49:00,Local Store,Food,110.11,Card
U074,T00019_U074,2026-03-30 09:53:00,Netflix,Bills,3047.94,Wallet
U074,T00020_U074,2026-08-06 13:52:00,Swiggy,Healthcare,2378.42,Card
U074,T00021_U074,2026-08-26 10:54:00,Myntra,Shopping,1048.28,Card
U074,T00022_U074,2026-02-03 21:05:00,Amazon,Bills,1168.1,Wallet
U074,T00023_U074,2026-01-02 14:09:00,Myntra,Shopping,1903.56,Card
U074,T00024_U074,2026-06-18 11:55:00,Local Store,Food,2349.43,Card
U074,T00025_U074,2026-09-18 10:57:00,Gym,Bills,499.0,Card
U074,T00026_U074,2026-02-08 19:24:00,Clinic,Entertainment,1074.34,Wallet
U074,T00027_U074,2026-04-05 04:12:00,Uber,Entertainment,6122.98,Card
U074,T00028_U074,2026-02-23 09:15:00,Swiggy,Entertainment,1871.09,UPI
U074,T00029_U074,2026-05-09 04:18:00,Amazon,Bills,2591.22,UPI
U074,T00030_U074,2026-03-03 15:29:00,Uber,Entertainment,2553.27,UPI
U074,T00031_U074,2026-03-16 03:54:00,Flipkart,Shopping,643.85,Wallet
U074,T00032_U074,2026-09-03 06:32:00,Swiggy,Food,3233.88,UPI
U074,T00033_U074,2026-02-23 14:20:00,Swiggy,Food,1687.93,Wallet
U074,T00034_U074,2026-07-07 17:15:00,Netflix,Healthcare,135.38,Wallet
U074,T00035_U074,2026-04-16 07:10:00,Amazon,Entertainment,158.55,Card
U074,T00036_U074,2026-04-17 23:20:00,Flipkart,Food,1206.64,UPI
U074,T00037_U074,2026-05-31 07:04:00,Clinic,Healthcare,4061.47,Wallet
U074,T00038_U074,2026-02-03 12:14:00,Flipkart,Shopping,1237.53,Card
U074,T00039_U074,2026-05-14 06:15:00,Myntra,Healthcare,876.75,UPI
U074,T00040_U074,2026-09-06 13:34:00,Myntra,Bills,1754.41,UPI
U074,T00041_U074,2026-01-17 12:59:00,Myntra,Bills,1467.07,Wallet
U074,T00042_U074,2026-05-11 10:49:00,Swiggy,Bills,516.94,Wallet
U074,T00043_U074,2026-06-05 11:29:00,Local Store,Food,2580.24,UPI
U074,T00044_U074,2026-09-21 02:27:00,Myntra,Healthcare,1287.0,Wallet
U074,T00045_U074,2026-04-11 03:58:00,Netflix,Travel,970.94,UPI
U074,T00046_U074,2026-04-13 06:58:00,Local Store,Bills,366.35,UPI
U074,T00047_U074,2026-08-01 14:44:00,Local Store,Travel,379.2,UPI
U074,T00048_U074,2026-06-13 08:15:00,Myntra,Shopping,1736.69,Wallet
U074,T00049_U074,2026-05-02 12:30:00,Myntra,Food,1823.82,UPI
U074,T00050_U074,2026-08-02 19:48:00,Gym,Bills,499.0,UPI
U074,T00051_U074,2026-07-18 19:49:00,Myntra,Entertainment,2469.46,Card
U074,T00052_U074,2026-08-17 04:54:00,Uber,Food,439.61,Wallet
U074,T00053_U074,2026-04-11 02:39:00,Local Store,Food,3319.48,Wallet
U074,T00054_U074,2026-08-20 10:47:00,Local Store,Healthcare,1756.6,Card
U074,T00055_U074,2026-05-13 00:56:00,Myntra,Food,2188.31,UPI
U074,T00056_U074,2026-08-20 10:20:00,Uber,Food,1038.62,UPI
U074,T00057_U074,2026-08-11 03:18:00,Flipkart,Healthcare,2257.88,Card
U074,T00058_U074,2026-01-26 07:38:00,Myntra,Entertainment,2128.95,Card
U074,T00059_U074,2026-06-22 09:22:00,Local Store,Entertainment,2064.46,Wallet
U074,T00060_U074,2026-01-30 18:18:00,Uber,Food,799.96,UPI
U074,T00061_U074,2026-06-30 12:12:00,Swiggy,Entertainment,912.65,Card
U074,T00062_U074,2026-03-24 16:48:00,Myntra,Bills,555.59,UPI
U074,T00063_U074,2026-03-18 19:39:00,Clinic,Entertainment,1328.18,Card
U074,T00064_U074,2026-04-14 11:34:00,Netflix,Healthcare,1582.22,UPI
U074,T00065_U074,2026-08-26 14:26:00,Myntra,Shopping,1328.35,Wallet
U074,T00066_U074,2026-03-17 04:21:00,Uber,Healthcare,1020.17,UPI
U074,T00067_U074,2026-08-04 12:11:00,Clinic,Bills,522.04,UPI
U074,T00068_U074,2026-08-12 11:55:00,Myntra,Shopping,1532.73,Card
U074,T00069_U074,2026-04-10 19:17:00,Swiggy,Travel,1119.98,Wallet
U074,T00070_U074,2026-09-24 19:21:00,Myntra,Bills,1556.6,Wallet
U074,T00071_U074,2026-07-31 07:50:00,Clinic,Food,2892.25,Card
U074,T00072_U074,2026-05-22 03:28:00,Flipkart,Bills,2919.02,Card
U074,T00073_U074,2026-04-23 02:19:00,Amazon,Bills,1271.73,Card
U074,T00074_U074,2026-05-10 09:46:00,Local Store,Food,1210.27,Card
U074,T00075_U074,2026-03-17 09:58:00,Amazon Prime,Bills,199.0,Card
U074,T00076_U074,2026-03-23 23:42:00,Clinic,Healthcare,2320.83,UPI
U074,T00077_U074,2026-04-13 11:16:00,Local Store,Entertainment,1012.86,UPI
U074,T00078_U074,2026-01-26 14:50:00,Clinic,Healthcare,1468.81,Wallet
U074,T00079_U074,2026-09-08 10:04:00,Swiggy,Healthcare,1498.67,Card
U074,T00080_U074,2026-07-01 03:39:00,Swiggy,Travel,4200.34,Card
U074,T00081_U074,2026-07-28 03:23:00,Swiggy,Healthcare,1523.53,UPI
U074,T00082_U074,2026-09-20 04:36:00,Myntra,Shopping,271.74,UPI
U074,T00083_U074,2026-04-18 19:01:00,Myntra,Food,1504.34,Card
U074,T00084_U074,2026-01-23 02:50:00,Amazon,Healthcare,1061.18,Wallet
U074,T00085_U074,2026-08-17 05:39:00,Swiggy,Bills,1799.9,Card
U074,T00086_U074,2026-06-14 04:15:00,Flipkart,Entertainment,1977.26,Wallet
U074,T00087_U074,2026-09-11 11:30:00,Uber,Healthcare,851.94,Wallet
U074,T00088_U074,2026-05-25 09:08:00,Flipkart,Entertainment,569.39,UPI
U074,T00089_U074,2026-06-07 23:55:00,Netflix,Entertainment,451.33,UPI
U074,T00090_U074,2026-05-29 17:12:00,Myntra,Food,1102.99,UPI
U074,T00091_U074,2026-08-05 01:25:00,Uber,Healthcare,5028.12,UPI
U074,T00092_U074,2026-04-14 11:40:00,Flipkart,Healthcare,2198.62,Card
U074,T00093_U074,2026-03-02 15:43:00,Flipkart,Entertainment,1045.86,Wallet
U074,T00094_U074,2026-04-30 22:40:00,Clinic,Food,650.77,UPI
U074,T00095_U074,2026-02-21 20:54:00,Myntra,Bills,320.85,Card
U074,T00096_U074,2026-01-09 13:42:00,Amazon,Shopping,2407.8,Wallet
U074,T00097_U074,2026-07-12 14:40:00,Amazon,Healthcare,1720.39,Wallet
U074,T00098_U074,2026-01-14 17:51:00,Myntra,Food,2321.06,UPI
U074,T00099_U074,2026-05-04 12:36:00,Clinic,Healthcare,4147.67,UPI
U075,T00000_U075,2026-07-02 14:38:00,Amazon Prime,Bills,199.0,UPI
U075,T00001_U075,2026-04-07 11:18:00,Myntra,Entertainment,1356.09,UPI
U075,T00002_U075,2026-07-20 05:19:00,Myntra,Food,655.7,Wallet
U075,T00003_U075,2026-05-15 19:09:00,Flipkart,Food,268.76,Wallet
U075,T00004_U075,2026-06-26 19:04:00,Netflix,Travel,124.05,UPI
U075,T00005_U075,2026-01-13 20:12:00,Netflix,Bills,1941.05,UPI
U075,T00006_U075,2026-09-24 12:39:00,Flipkart,Shopping,665.33,UPI
U075,T00007_U075,2026-01-13 12:54:00,Clinic,Healthcare,643.55,UPI
U075,T00008_U075,2026-09-24 05:28:00,Netflix,Entertainment,2068.09,Card
U075,T00009_U075,2026-01-27 05:44:00,Local Store,Travel,1038.9,Wallet
U075,T00010_U075,2026-03-29 07:35:00,Netflix,Travel,3294.01,UPI
U075,T00011_U075,2026-02-07 00:43:00,Netflix,Food,2267.68,Card
U075,T00012_U075,2026-06-08 15:38:00,Amazon,Shopping,1171.8,Card
U075,T00013_U075,2026-02-23 23:52:00,Clinic,Healthcare,164.38,UPI
U075,T00014_U075,2026-03-29 03:46:00,Clinic,Healthcare,2301.92,Card
U075,T00015_U075,2026-05-09 23:57:00,Flipkart,Healthcare,1652.77,UPI
U075,T00016_U075,2026-04-01 00:44:00,Amazon,Travel,3658.94,Wallet
U075,T00017_U075,2026-02-04 01:09:00,Clinic,Bills,1273.27,Card
U075,T00018_U075,2026-07-02 03:09:00,Flipkart,Entertainment,3004.65,Wallet
U075,T00019_U075,2026-08-07 20:47:00,Amazon,Shopping,1784.67,UPI
U075,T00020_U075,2026-06-28 03:29:00,Local Store,Entertainment,2853.36,UPI
U075,T00021_U075,2026-03-26 15:18:00,Myntra,Entertainment,336.77,UPI
U075,T00022_U075,2026-04-20 09:23:00,Netflix,Bills,1448.12,Wallet
U075,T00023_U075,2026-07-08 12:59:00,Local Store,Travel,483.09,Wallet
U075,T00024_U075,2026-03-29 19:59:00,Netflix,Healthcare,2609.51,Wallet
U075,T00025_U075,2026-06-05 09:04:00,Gym,Bills,999.0,UPI
U075,T00026_U075,2026-08-20 17:58:00,Myntra,Healthcare,937.24,Card
U075,T00027_U075,2026-05-30 16:22:00,Local Store,Bills,4557.91,Card
U075,T00028_U075,2026-08-02 18:22:00,Netflix,Healthcare,2740.44,UPI
U075,T00029_U075,2026-06-14 03:35:00,Netflix,Entertainment,2680.68,Card
U075,T00030_U075,2026-07-31 08:55:00,Amazon,Travel,565.1,UPI
U075,T00031_U075,2026-06-10 19:08:00,Local Store,Travel,1307.39,UPI
U075,T00032_U075,2026-06-08 05:27:00,Local Store,Travel,2397.83,Card
U075,T00033_U075,2026-07-02 01:54:00,Swiggy,Healthcare,3936.91,UPI
U075,T00034_U075,2026-07-19 07:32:00,Myntra,Healthcare,1310.87,UPI
U075,T00035_U075,2026-06-01 03:26:00,Amazon,Shopping,2595.26,UPI
U075,T00036_U075,2026-03-22 05:21:00,Amazon,Shopping,542.66,Wallet
U075,T00037_U075,2026-01-07 05:37:00,Uber,Healthcare,737.09,Card
U075,T00038_U075,2026-03-10 15:24:00,Amazon,Shopping,2395.21,Card
U075,T00039_U075,2026-09-19 14:16:00,Clinic,Bills,1612.11,Card
U075,T00040_U075,2026-02-19 04:43:00,Netflix,Bills,1240.14,Wallet
U075,T00041_U075,2026-05-04 23:34:00,Flipkart,Travel,5652.79,Wallet
U075,T00042_U075,2026-05-31 18:38:00,Amazon,Healthcare,1684.6,Card
U075,T00043_U075,2026-06-23 04:08:00,Clinic,Bills,2207.05,UPI
U075,T00044_U075,2026-01-04 18:44:00,Amazon,Food,2261.2,Card
U075,T00045_U075,2026-08-23 07:49:00,Amazon,Food,290.94,Wallet
U075,T00046_U075,2026-08-05 07:13:00,Swiggy,Entertainment,2456.01,UPI
U075,T00047_U075,2026-01-28 10:42:00,Uber,Food,3087.3,Wallet
U075,T00048_U075,2026-07-19 20:54:00,Clinic,Food,2259.69,Card
U075,T00049_U075,2026-02-01 00:54:00,Netflix,Healthcare,3456.42,Card
U075,T00050_U075,2026-05-29 11:38:00,Amazon Prime,Bills,299.0,UPI
U075,T00051_U075,2026-09-18 09:52:00,Myntra,Food,1408.82,Card
U075,T00052_U075,2026-06-14 08:36:00,Clinic,Food,1413.26,UPI
U075,T00053_U075,2026-06-16 10:02:00,Netflix,Healthcare,846.0,Card
U075,T00054_U075,2026-03-03 19:03:00,Flipkart,Bills,2240.06,Card
U075,T00055_U075,2026-01-02 14:53:00,Local Store,Bills,2052.99,Wallet
U075,T00056_U075,2026-07-25 02:58:00,Local Store,Healthcare,1778.65,Card
U075,T00057_U075,2026-02-21 05:52:00,Uber,Bills,1991.63,Wallet
U075,T00058_U075,2026-04-15 12:54:00,Netflix,Bills,2447.84,Card
U075,T00059_U075,2026-07-06 17:10:00,Clinic,Entertainment,1868.95,Wallet
U075,T00060_U075,2026-07-29 18:39:00,Amazon,Shopping,2054.52,Card
U075,T00061_U075,2026-07-18 18:43:00,Uber,Healthcare,1535.27,Card
U075,T00062_U075,2026-01-11 16:41:00,Amazon,Shopping,1119.32,UPI
U075,T00063_U075,2026-03-28 22:14:00,Amazon,Travel,2051.54,Wallet
U075,T00064_U075,2026-05-13 11:37:00,Local Store,Healthcare,1500.49,Card
U075,T00065_U075,2026-08-29 06:45:00,Uber,Travel,3652.96,Wallet
U075,T00066_U075,2026-08-05 06:13:00,Netflix,Entertainment,2351.55,Wallet
U075,T00067_U075,2026-05-18 18:44:00,Flipkart,Food,1857.72,Wallet
U075,T00068_U075,2026-08-31 22:33:00,Swiggy,Entertainment,598.62,Wallet
U075,T00069_U075,2026-02-14 03:46:00,Flipkart,Shopping,3071.39,UPI
U075,T00070_U075,2026-04-17 06:06:00,Flipkart,Travel,499.42,UPI
U075,T00071_U075,2026-08-15 00:42:00,Amazon,Entertainment,649.05,Wallet
U075,T00072_U075,2026-08-02 07:15:00,Clinic,Healthcare,3255.2,UPI
U075,T00073_U075,2026-09-20 23:04:00,Flipkart,Shopping,584.06,UPI
U075,T00074_U075,2026-04-03 01:19:00,Uber,Travel,5076.41,UPI
U075,T00075_U075,2026-09-09 16:49:00,Amazon Prime,Bills,499.0,Card
U075,T00076_U075,2026-02-27 01:51:00,Myntra,Travel,2281.71,Wallet
U075,T00077_U075,2026-01-09 00:45:00,Myntra,Healthcare,1611.98,Card
U075,T00078_U075,2026-02-19 15:02:00,Amazon,Healthcare,1394.02,Wallet
U075,T00079_U075,2026-04-25 20:50:00,Flipkart,Food,1286.62,Wallet
U075,T00080_U075,2026-05-22 06:16:00,Flipkart,Food,2468.71,UPI
U075,T00081_U075,2026-06-24 23:42:00,Myntra,Entertainment,1493.36,UPI
U075,T00082_U075,2026-09-12 07:14:00,Amazon,Shopping,1349.33,Card
U075,T00083_U075,2026-09-14 05:48:00,Myntra,Shopping,296.07,UPI
U075,T00084_U075,2026-09-07 19:26:00,Netflix,Bills,2498.29,Card
U075,T00085_U075,2026-03-31 02:05:00,Clinic,Entertainment,182.49,Wallet
U075,T00086_U075,2026-03-12 03:52:00,Flipkart,Shopping,208.72,Card
U075,T00087_U075,2026-08-10 09:46:00,Netflix,Healthcare,1702.76,UPI
U075,T00088_U075,2026-07-19 04:53:00,Myntra,Bills,601.66,Wallet
U075,T00089_U075,2026-06-20 01:40:00,Amazon,Food,864.33,Wallet
U075,T00090_U075,2026-07-13 17:58:00,Netflix,Healthcare,164.94,UPI
U075,T00091_U075,2026-02-12 16:18:00,Uber,Bills,954.33,Wallet
U075,T00092_U075,2026-05-23 23:38:00,Myntra,Entertainment,1346.92,UPI
U075,T00093_U075,2026-01-29 09:31:00,Uber,Travel,4322.76,Card
U075,T00094_U075,2026-07-04 13:14:00,Uber,Bills,2945.84,Card
U075,T00095_U075,2026-06-16 03:55:00,Uber,Travel,1004.88,Card
U075,T00096_U075,2026-09-06 09:33:00,Uber,Food,1874.18,UPI
U075,T00097_U075,2026-06-12 04:45:00,Local Store,Bills,1078.16,UPI
U075,T00098_U075,2026-04-28 00:16:00,Amazon,Shopping,2470.84,Wallet
U075,T00099_U075,2026-02-20 07:49:00,Clinic,Entertainment,916.56,Wallet
U076,T00000_U076,2026-04-23 19:13:00,Spotify,Bills,999.0,Wallet
U076,T00001_U076,2026-03-04 11:16:00,Myntra,Shopping,955.53,UPI
U076,T00002_U076,2026-04-15 16:43:00,Amazon,Shopping,1917.45,Card
U076,T00003_U076,2026-09-01 04:11:00,Amazon,Shopping,3704.4,Wallet
U076,T00004_U076,2026-09-05 11:13:00,Swiggy,Entertainment,2933.97,Card
U076,T00005_U076,2026-05-01 05:15:00,Clinic,Bills,3215.97,Card
U076,T00006_U076,2026-03-23 03:00:00,Netflix,Bills,2832.82,Wallet
U076,T00007_U076,2026-08-24 11:22:00,Myntra,Healthcare,2426.42,UPI
U076,T00008_U076,2026-03-23 02:33:00,Uber,Bills,3312.48,Card
U076,T00009_U076,2026-02-21 23:03:00,Netflix,Bills,2894.62,Wallet
U076,T00010_U076,2026-09-22 22:42:00,Amazon,Food,2288.62,Wallet
U076,T00011_U076,2026-05-19 05:35:00,Clinic,Food,2062.97,Wallet
U076,T00012_U076,2026-05-01 09:08:00,Swiggy,Healthcare,1470.95,Wallet
U076,T00013_U076,2026-06-13 10:12:00,Flipkart,Travel,550.21,Wallet
U076,T00014_U076,2026-08-21 22:06:00,Clinic,Bills,406.28,UPI
U076,T00015_U076,2026-05-19 01:53:00,Flipkart,Bills,655.58,UPI
U076,T00016_U076,2026-01-17 00:39:00,Amazon,Healthcare,3079.06,Card
U076,T00017_U076,2026-04-26 03:24:00,Amazon,Shopping,654.15,Wallet
U076,T00018_U076,2026-09-22 20:50:00,Clinic,Healthcare,1935.76,UPI
U076,T00019_U076,2026-06-06 08:30:00,Flipkart,Bills,2113.62,Wallet
U076,T00020_U076,2026-01-15 15:07:00,Amazon,Shopping,2285.71,Card
U076,T00021_U076,2026-09-11 19:51:00,Local Store,Bills,2342.9,UPI
U076,T00022_U076,2026-01-26 04:19:00,Myntra,Food,1492.98,Card
U076,T00023_U076,2026-05-29 20:39:00,Myntra,Travel,3879.72,Wallet
U076,T00024_U076,2026-02-09 11:09:00,Flipkart,Bills,304.62,Wallet
U076,T00025_U076,2026-08-26 15:32:00,Gym,Bills,499.0,UPI
U076,T00026_U076,2026-02-24 17:03:00,Netflix,Food,762.51,UPI
U076,T00027_U076,2026-03-15 14:28:00,Swiggy,Entertainment,381.12,UPI
U076,T00028_U076,2026-04-24 03:24:00,Amazon,Shopping,2884.28,UPI
U076,T00029_U076,2026-01-10 06:24:00,Netflix,Entertainment,1231.54,Card
U076,T00030_U076,2026-05-03 18:49:00,Flipkart,Entertainment,2672.32,Card
U076,T00031_U076,2026-02-16 23:44:00,Uber,Bills,2745.95,UPI
U076,T00032_U076,2026-07-18 07:55:00,Myntra,Food,357.17,Wallet
U076,T00033_U076,2026-02-09 17:10:00,Myntra,Shopping,564.87,UPI
U076,T00034_U076,2026-06-19 03:05:00,Flipkart,Shopping,2345.32,UPI
U076,T00035_U076,2026-01-27 04:24:00,Myntra,Shopping,1567.43,Card
U076,T00036_U076,2026-05-31 17:46:00,Flipkart,Shopping,966.74,UPI
U076,T00037_U076,2026-06-16 09:54:00,Netflix,Entertainment,2388.93,Wallet
U076,T00038_U076,2026-05-23 15:24:00,Amazon,Shopping,1137.99,Card
U076,T00039_U076,2026-07-09 11:57:00,Swiggy,Bills,595.13,Card
U076,T00040_U076,2026-04-26 11:47:00,Myntra,Travel,2099.23,UPI
U076,T00041_U076,2026-08-14 05:16:00,Local Store,Entertainment,1184.55,Card
U076,T00042_U076,2026-03-06 05:26:00,Clinic,Healthcare,1035.62,Card
U076,T00043_U076,2026-06-05 20:28:00,Swiggy,Bills,1137.13,Card
U076,T00044_U076,2026-03-27 04:18:00,Myntra,Healthcare,2380.9,Card
U076,T00045_U076,2026-05-14 04:23:00,Clinic,Travel,1877.63,UPI
U076,T00046_U076,2026-09-04 02:39:00,Local Store,Healthcare,438.64,Wallet
U076,T00047_U076,2026-09-06 07:04:00,Local Store,Food,211.33,Card
U076,T00048_U076,2026-07-14 10:15:00,Netflix,Bills,544.31,UPI
U076,T00049_U076,2026-02-19 23:40:00,Netflix,Healthcare,948.28,UPI
U076,T00050_U076,2026-02-17 11:01:00,Gym,Bills,199.0,Wallet
U076,T00051_U076,2026-09-26 13:53:00,Swiggy,Bills,1374.94,Wallet
U076,T00052_U076,2026-05-04 10:33:00,Netflix,Healthcare,4458.54,Wallet
U076,T00053_U076,2026-04-25 13:16:00,Uber,Travel,1620.75,Card
U076,T00054_U076,2026-07-11 19:28:00,Clinic,Bills,723.86,Card
U076,T00055_U076,2026-05-30 05:40:00,Swiggy,Bills,3484.5,UPI
U076,T00056_U076,2026-07-16 16:10:00,Netflix,Entertainment,1068.61,Card
U076,T00057_U076,2026-09-11 21:33:00,Swiggy,Travel,2036.32,Card
U076,T00058_U076,2026-09-25 20:55:00,Clinic,Entertainment,2323.38,Card
U076,T00059_U076,2026-04-30 01:48:00,Amazon,Bills,1845.1,Card
U076,T00060_U076,2026-09-25 21:49:00,Uber,Bills,995.52,UPI
U076,T00061_U076,2026-04-24 21:57:00,Amazon,Shopping,1090.55,Wallet
U076,T00062_U076,2026-03-21 14:21:00,Amazon,Shopping,1153.85,UPI
U076,T00063_U076,2026-01-05 23:09:00,Netflix,Healthcare,4613.6,UPI
U076,T00064_U076,2026-09-06 11:28:00,Netflix,Food,589.38,UPI
U076,T00065_U076,2026-01-22 18:45:00,Flipkart,Shopping,283.14,Wallet
U076,T00066_U076,2026-01-11 02:18:00,Local Store,Travel,1343.46,Wallet
U076,T00067_U076,2026-09-04 05:45:00,Uber,Bills,336.83,Card
U076,T00068_U076,2026-09-10 10:33:00,Local Store,Food,1463.9,Wallet
U076,T00069_U076,2026-04-24 04:45:00,Uber,Healthcare,346.51,Card
U076,T00070_U076,2026-02-09 06:56:00,Flipkart,Food,2379.06,Card
U076,T00071_U076,2026-01-15 19:29:00,Uber,Food,1089.06,Card
U076,T00072_U076,2026-01-30 17:29:00,Flipkart,Entertainment,2455.12,UPI
U076,T00073_U076,2026-08-02 18:50:00,Myntra,Shopping,1239.47,Card
U076,T00074_U076,2026-01-25 02:02:00,Local Store,Food,2832.73,Card
U076,T00075_U076,2026-08-29 09:03:00,Spotify,Bills,499.0,Wallet
U076,T00076_U076,2026-07-23 12:47:00,Swiggy,Food,1007.03,UPI
U076,T00077_U076,2026-09-27 10:50:00,Myntra,Shopping,198.44,UPI
U076,T00078_U076,2026-01-11 03:00:00,Flipkart,Shopping,493.69,Card
U076,T00079_U076,2026-04-22 19:02:00,Amazon,Travel,2127.68,UPI
U076,T00080_U076,2026-03-04 02:48:00,Amazon,Bills,5085.72,Wallet
U076,T00081_U076,2026-02-27 00:50:00,Clinic,Entertainment,1678.15,Card
U076,T00082_U076,2026-02-03 01:53:00,Uber,Food,3287.97,Card
U076,T00083_U076,2026-04-28 05:35:00,Myntra,Shopping,1605.52,UPI
U076,T00084_U076,2026-06-18 16:40:00,Amazon,Entertainment,1138.33,UPI
U076,T00085_U076,2026-02-25 02:57:00,Swiggy,Entertainment,2638.75,Card
U076,T00086_U076,2026-05-10 09:50:00,Local Store,Bills,858.75,UPI
U076,T00087_U076,2026-03-22 22:17:00,Myntra,Healthcare,2262.52,UPI
U076,T00088_U076,2026-09-23 21:50:00,Myntra,Shopping,2101.19,Wallet
U076,T00089_U076,2026-09-26 01:21:00,Clinic,Healthcare,3637.98,Card
U076,T00090_U076,2026-01-02 05:18:00,Amazon,Shopping,2178.36,UPI
U076,T00091_U076,2026-07-11 05:14:00,Clinic,Food,1610.46,Card
U076,T00092_U076,2026-09-15 14:31:00,Flipkart,Food,468.72,UPI
U076,T00093_U076,2026-01-09 12:05:00,Flipkart,Healthcare,1577.47,Wallet
U076,T00094_U076,2026-03-08 00:15:00,Local Store,Food,1983.42,Card
U076,T00095_U076,2026-05-24 09:33:00,Myntra,Shopping,1324.67,Wallet
U076,T00096_U076,2026-01-06 15:58:00,Myntra,Shopping,205.35,Wallet
U076,T00097_U076,2026-08-10 07:02:00,Local Store,Healthcare,1101.8,Card
U076,T00098_U076,2026-08-12 05:36:00,Swiggy,Entertainment,1618.64,Wallet
U076,T00099_U076,2026-08-11 20:19:00,Amazon,Bills,2276.62,Wallet
U077,T00000_U077,2026-01-22 08:50:00,Gym,Bills,499.0,Wallet
U077,T00001_U077,2026-06-17 08:53:00,Uber,Travel,1858.98,Card
U077,T00002_U077,2026-06-26 14:29:00,Amazon,Healthcare,688.28,Wallet
U077,T00003_U077,2026-08-19 03:22:00,Flipkart,Shopping,727.94,UPI
U077,T00004_U077,2026-03-31 16:58:00,Flipkart,Entertainment,822.7,UPI
U077,T00005_U077,2026-08-28 12:27:00,Uber,Travel,3116.28,Card
U077,T00006_U077,2026-03-07 15:55:00,Uber,Travel,2453.87,Wallet
U077,T00007_U077,2026-06-06 10:40:00,Swiggy,Travel,553.85,Wallet
U077,T00008_U077,2026-01-16 23:01:00,Myntra,Shopping,2703.42,Card
U077,T00009_U077,2026-05-31 11:57:00,Amazon,Shopping,3374.97,Card
U077,T00010_U077,2026-06-20 23:15:00,Amazon,Shopping,1504.44,UPI
U077,T00011_U077,2026-09-26 19:46:00,Netflix,Entertainment,1948.88,Wallet
U077,T00012_U077,2026-07-08 09:38:00,Myntra,Healthcare,1694.89,UPI
U077,T00013_U077,2026-01-01 03:12:00,Myntra,Shopping,3140.89,Wallet
U077,T00014_U077,2026-08-22 15:00:00,Uber,Food,2203.96,UPI
U077,T00015_U077,2026-02-10 11:47:00,Amazon,Bills,1628.1,UPI
U077,T00016_U077,2026-04-19 02:22:00,Myntra,Shopping,558.5,Wallet
U077,T00017_U077,2026-08-25 23:58:00,Netflix,Entertainment,318.3,Card
U077,T00018_U077,2026-04-14 19:28:00,Netflix,Healthcare,154.43,Card
U077,T00019_U077,2026-03-12 03:55:00,Amazon,Travel,337.93,Wallet
U077,T00020_U077,2026-02-17 01:01:00,Uber,Healthcare,897.09,UPI
U077,T00021_U077,2026-08-24 15:14:00,Myntra,Shopping,1725.6,Card
U077,T00022_U077,2026-05-29 04:28:00,Local Store,Healthcare,4449.76,Wallet
U077,T00023_U077,2026-03-30 12:55:00,Myntra,Shopping,4049.09,Wallet
U077,T00024_U077,2026-04-26 22:41:00,Amazon,Food,842.55,UPI
U077,T00025_U077,2026-02-01 14:21:00,Spotify,Bills,999.0,Wallet
U077,T00026_U077,2026-05-30 04:37:00,Flipkart,Shopping,5783.12,Card
U077,T00027_U077,2026-02-27 09:12:00,Flipkart,Bills,2100.95,Wallet
U077,T00028_U077,2026-09-17 23:04:00,Clinic,Entertainment,1319.49,Wallet
U077,T00029_U077,2026-06-10 09:55:00,Netflix,Food,1377.53,Wallet
U077,T00030_U077,2026-08-31 08:15:00,Uber,Bills,1869.2,Wallet
U077,T00031_U077,2026-09-05 05:41:00,Netflix,Travel,3227.85,Wallet
U077,T00032_U077,2026-04-02 05:59:00,Netflix,Travel,1332.07,Wallet
U077,T00033_U077,2026-05-24 04:07:00,Swiggy,Food,572.75,Wallet
U077,T00034_U077,2026-07-24 03:07:00,Clinic,Entertainment,2264.76,Card
U077,T00035_U077,2026-04-17 18:47:00,Swiggy,Healthcare,1831.12,Card
U077,T00036_U077,2026-07-14 12:59:00,Amazon,Shopping,1526.93,UPI
U077,T00037_U077,2026-06-23 07:59:00,Swiggy,Healthcare,178.07,Wallet
U077,T00038_U077,2026-03-07 20:22:00,Netflix,Healthcare,2361.59,Wallet
U077,T00039_U077,2026-06-21 21:11:00,Netflix,Healthcare,1060.75,UPI
U077,T00040_U077,2026-08-21 15:42:00,Flipkart,Healthcare,353.23,Card
U077,T00041_U077,2026-03-22 09:23:00,Clinic,Bills,2036.08,UPI
U077,T00042_U077,2026-04-24 03:47:00,Amazon,Food,1384.22,UPI
U077,T00043_U077,2026-04-16 11:35:00,Myntra,Shopping,440.97,Wallet
U077,T00044_U077,2026-04-01 03:21:00,Netflix,Food,2049.2,Card
U077,T00045_U077,2026-09-01 02:29:00,Flipkart,Food,2337.79,Card
U077,T00046_U077,2026-09-20 21:37:00,Swiggy,Food,2293.56,Card
U077,T00047_U077,2026-03-31 10:27:00,Myntra,Shopping,940.74,UPI
U077,T00048_U077,2026-04-14 03:27:00,Myntra,Food,152.68,UPI
U077,T00049_U077,2026-08-04 21:34:00,Clinic,Healthcare,1904.52,Wallet
U077,T00050_U077,2026-08-30 15:21:00,Spotify,Bills,199.0,Wallet
U077,T00051_U077,2026-08-14 23:22:00,Local Store,Food,1516.77,Wallet
U077,T00052_U077,2026-03-07 23:34:00,Local Store,Travel,2009.06,Card
U077,T00053_U077,2026-05-30 02:26:00,Flipkart,Travel,1245.69,Card
U077,T00054_U077,2026-07-15 20:45:00,Netflix,Bills,849.22,UPI
U077,T00055_U077,2026-03-29 12:47:00,Flipkart,Shopping,2033.96,Wallet
U077,T00056_U077,2026-01-06 22:15:00,Flipkart,Entertainment,507.48,Wallet
U077,T00057_U077,2026-07-09 23:07:00,Netflix,Bills,2619.55,Wallet
U077,T00058_U077,2026-02-15 13:52:00,Local Store,Travel,323.86,Wallet
U077,T00059_U077,2026-02-01 14:47:00,Flipkart,Shopping,500.84,Card
U077,T00060_U077,2026-06-14 08:19:00,Flipkart,Shopping,109.54,Card
U077,T00061_U077,2026-06-22 21:48:00,Clinic,Entertainment,1225.31,Card
U077,T00062_U077,2026-03-04 20:56:00,Local Store,Travel,3727.44,Card
U077,T00063_U077,2026-02-21 16:13:00,Local Store,Food,686.77,UPI
U077,T00064_U077,2026-07-07 07:54:00,Myntra,Shopping,572.45,Card
U077,T00065_U077,2026-06-30 14:44:00,Local Store,Bills,1330.84,UPI
U077,T00066_U077,2026-04-06 10:01:00,Local Store,Entertainment,1126.44,UPI
U077,T00067_U077,2026-07-17 18:41:00,Netflix,Healthcare,146.27,Card
U077,T00068_U077,2026-03-17 13:05:00,Local Store,Food,1330.95,Card
U077,T00069_U077,2026-07-10 11:55:00,Flipkart,Healthcare,426.27,Card
U077,T00070_U077,2026-09-12 08:55:00,Uber,Food,253.87,Wallet
U077,T00071_U077,2026-05-20 00:43:00,Flipkart,Travel,2145.35,Wallet
U077,T00072_U077,2026-04-18 10:37:00,Swiggy,Entertainment,117.1,UPI
U077,T00073_U077,2026-03-21 00:57:00,Clinic,Bills,545.47,Wallet
U077,T00074_U077,2026-03-04 18:13:00,Myntra,Healthcare,2056.82,Wallet
U077,T00075_U077,2026-04-23 17:53:00,Spotify,Bills,199.0,Card
U077,T00076_U077,2026-06-20 00:06:00,Amazon,Bills,1646.93,Card
U077,T00077_U077,2026-01-05 03:32:00,Local Store,Food,4186.75,UPI
U077,T00078_U077,2026-03-06 13:08:00,Amazon,Travel,901.1,Wallet
U077,T00079_U077,2026-09-23 19:14:00,Myntra,Shopping,2276.75,Card
U077,T00080_U077,2026-06-22 23:05:00,Clinic,Entertainment,724.46,Wallet
U077,T00081_U077,2026-08-24 09:36:00,Amazon,Shopping,674.29,Wallet
U077,T00082_U077,2026-09-08 21:27:00,Amazon,Shopping,922.45,Card
U077,T00083_U077,2026-08-05 21:23:00,Amazon,Food,4123.29,Card
U077,T00084_U077,2026-08-12 13:40:00,Amazon,Travel,1020.09,Wallet
U077,T00085_U077,2026-02-26 14:10:00,Amazon,Entertainment,1941.44,Card
U077,T00086_U077,2026-04-10 13:11:00,Amazon,Bills,2184.27,UPI
U077,T00087_U077,2026-05-28 03:14:00,Swiggy,Travel,871.14,Card
U077,T00088_U077,2026-06-09 18:26:00,Clinic,Healthcare,881.83,Card
U077,T00089_U077,2026-06-01 13:44:00,Uber,Travel,2938.0,UPI
U077,T00090_U077,2026-09-21 15:13:00,Myntra,Bills,353.76,UPI
U077,T00091_U077,2026-06-18 10:32:00,Clinic,Bills,2400.17,Card
U077,T00092_U077,2026-01-21 11:03:00,Amazon,Shopping,917.06,Card
U077,T00093_U077,2026-07-14 11:03:00,Local Store,Bills,875.72,Card
U077,T00094_U077,2026-08-08 22:47:00,Myntra,Shopping,1994.09,Card
U077,T00095_U077,2026-09-09 02:14:00,Amazon,Travel,805.34,Wallet
U077,T00096_U077,2026-09-23 22:59:00,Flipkart,Healthcare,732.69,UPI
U077,T00097_U077,2026-01-14 13:23:00,Myntra,Entertainment,1566.11,Wallet
U077,T00098_U077,2026-08-17 13:53:00,Netflix,Entertainment,1112.34,UPI
U077,T00099_U077,2026-01-22 13:52:00,Swiggy,Entertainment,2180.82,Wallet
U078,T00000_U078,2026-04-30 06:24:00,Netflix,Bills,199.0,Wallet
U078,T00001_U078,2026-05-09 06:37:00,Amazon,Entertainment,1898.43,UPI
U078,T00002_U078,2026-09-24 05:45:00,Swiggy,Food,622.81,Card
U078,T00003_U078,2026-01-19 19:47:00,Flipkart,Shopping,1868.95,UPI
U078,T00004_U078,2026-09-02 23:43:00,Clinic,Food,1226.33,UPI
U078,T00005_U078,2026-04-19 02:42:00,Local Store,Food,1366.68,Card
U078,T00006_U078,2026-07-04 03:53:00,Uber,Bills,3291.64,Wallet
U078,T00007_U078,2026-08-28 16:35:00,Uber,Bills,1503.11,Wallet
U078,T00008_U078,2026-09-09 19:46:00,Clinic,Travel,1781.37,Card
U078,T00009_U078,2026-02-13 03:18:00,Amazon,Bills,2127.05,Card
U078,T00010_U078,2026-08-02 02:41:00,Swiggy,Bills,6770.57,UPI
U078,T00011_U078,2026-04-26 20:45:00,Netflix,Bills,331.44,Wallet
U078,T00012_U078,2026-04-15 04:48:00,Local Store,Entertainment,1770.96,Wallet
U078,T00013_U078,2026-09-26 09:09:00,Swiggy,Food,649.54,Card
U078,T00014_U078,2026-06-19 01:41:00,Myntra,Shopping,3843.93,UPI
U078,T00015_U078,2026-02-19 08:48:00,Myntra,Shopping,1862.4,Card
U078,T00016_U078,2026-02-18 07:13:00,Myntra,Travel,2113.97,Card
U078,T00017_U078,2026-07-11 15:27:00,Flipkart,Food,1808.79,Wallet
U078,T00018_U078,2026-08-02 22:04:00,Uber,Food,3883.07,Wallet
U078,T00019_U078,2026-03-26 22:37:00,Swiggy,Entertainment,822.46,Card
U078,T00020_U078,2026-04-16 16:27:00,Clinic,Bills,1056.23,UPI
U078,T00021_U078,2026-08-18 13:31:00,Myntra,Entertainment,372.48,Wallet
U078,T00022_U078,2026-04-11 10:19:00,Netflix,Healthcare,1069.66,UPI
U078,T00023_U078,2026-05-24 23:14:00,Netflix,Food,3295.15,Wallet
U078,T00024_U078,2026-04-08 21:56:00,Netflix,Travel,688.06,UPI
U078,T00025_U078,2026-04-02 01:02:00,Netflix,Bills,299.0,Card
U078,T00026_U078,2026-02-23 21:28:00,Flipkart,Food,1070.69,Card
U078,T00027_U078,2026-04-04 07:51:00,Flipkart,Entertainment,848.94,Wallet
U078,T00028_U078,2026-03-18 09:04:00,Clinic,Travel,397.4,Wallet
U078,T00029_U078,2026-09-04 12:10:00,Clinic,Food,3120.23,Wallet
U078,T00030_U078,2026-05-31 23:09:00,Myntra,Healthcare,901.74,Card
U078,T00031_U078,2026-05-17 17:49:00,Amazon,Shopping,1800.49,Card
U078,T00032_U078,2026-06-22 00:46:00,Local Store,Entertainment,837.79,Card
U078,T00033_U078,2026-01-31 21:55:00,Uber,Healthcare,2795.1,Wallet
U078,T00034_U078,2026-08-03 22:41:00,Netflix,Healthcare,486.93,UPI
U078,T00035_U078,2026-09-04 02:17:00,Clinic,Travel,601.81,Wallet
U078,T00036_U078,2026-08-10 16:27:00,Myntra,Shopping,1160.08,Wallet
U078,T00037_U078,2026-08-18 14:06:00,Clinic,Healthcare,395.15,UPI
U078,T00038_U078,2026-04-10 22:41:00,Amazon,Bills,1282.37,Wallet
U078,T00039_U078,2026-09-02 00:42:00,Swiggy,Entertainment,194.64,Card
U078,T00040_U078,2026-03-24 23:17:00,Netflix,Travel,784.15,Card
U078,T00041_U078,2026-04-11 00:44:00,Flipkart,Food,2252.1,Wallet
U078,T00042_U078,2026-01-21 13:50:00,Local Store,Travel,2255.41,Card
U078,T00043_U078,2026-06-07 23:38:00,Local Store,Food,2262.31,Card
U078,T00044_U078,2026-09-19 15:44:00,Flipkart,Travel,1777.07,UPI
U078,T00045_U078,2026-04-18 23:37:00,Myntra,Shopping,1713.89,Wallet
U078,T00046_U078,2026-08-30 00:41:00,Flipkart,Healthcare,3298.32,Card
U078,T00047_U078,2026-07-08 09:20:00,Local Store,Entertainment,2228.38,UPI
U078,T00048_U078,2026-01-03 18:09:00,Local Store,Travel,960.49,Wallet
U078,T00049_U078,2026-02-27 07:08:00,Myntra,Shopping,930.43,Card
U078,T00050_U078,2026-01-10 08:04:00,Spotify,Bills,499.0,Wallet
U078,T00051_U078,2026-01-02 18:17:00,Netflix,Travel,4160.59,Card
U078,T00052_U078,2026-04-29 03:18:00,Myntra,Bills,3170.58,Wallet
U078,T00053_U078,2026-05-10 15:28:00,Swiggy,Entertainment,583.44,Wallet
U078,T00054_U078,2026-03-19 21:32:00,Clinic,Food,2408.32,UPI
U078,T00055_U078,2026-01-26 04:16:00,Local Store,Travel,1162.61,Wallet
U078,T00056_U078,2026-05-03 19:38:00,Clinic,Entertainment,2671.32,Wallet
U078,T00057_U078,2026-04-25 19:49:00,Flipkart,Shopping,1313.13,UPI
U078,T00058_U078,2026-09-27 14:52:00,Flipkart,Entertainment,1424.08,Card
U078,T00059_U078,2026-09-25 18:50:00,Myntra,Bills,929.19,UPI
U078,T00060_U078,2026-08-18 06:35:00,Local Store,Healthcare,2420.23,UPI
U078,T00061_U078,2026-07-13 11:11:00,Myntra,Healthcare,698.74,UPI
U078,T00062_U078,2026-09-09 20:38:00,Flipkart,Healthcare,1251.81,Card
U078,T00063_U078,2026-04-30 23:40:00,Myntra,Travel,702.67,Wallet
U078,T00064_U078,2026-05-11 19:25:00,Flipkart,Food,2330.95,Card
U078,T00065_U078,2026-04-01 19:58:00,Netflix,Bills,360.78,UPI
U078,T00066_U078,2026-03-20 13:42:00,Local Store,Healthcare,544.24,UPI
U078,T00067_U078,2026-01-29 14:25:00,Clinic,Entertainment,2921.71,Wallet
U078,T00068_U078,2026-07-31 14:42:00,Flipkart,Healthcare,2827.25,Wallet
U078,T00069_U078,2026-02-04 19:02:00,Clinic,Travel,1135.65,Wallet
U078,T00070_U078,2026-04-27 06:02:00,Flipkart,Travel,1761.16,Card
U078,T00071_U078,2026-01-22 21:27:00,Amazon,Shopping,436.69,UPI
U078,T00072_U078,2026-05-01 07:09:00,Clinic,Travel,1958.21,UPI
U078,T00073_U078,2026-09-28 17:17:00,Amazon,Bills,2925.92,Card
U078,T00074_U078,2026-02-11 06:09:00,Uber,Bills,151.45,UPI
U078,T00075_U078,2026-07-06 15:11:00,Spotify,Bills,499.0,Card
U078,T00076_U078,2026-03-17 12:42:00,Netflix,Healthcare,182.85,Card
U078,T00077_U078,2026-03-13 17:59:00,Uber,Healthcare,2124.38,Wallet
U078,T00078_U078,2026-07-01 16:49:00,Swiggy,Food,2754.66,Wallet
U078,T00079_U078,2026-08-08 13:57:00,Myntra,Healthcare,1981.91,Card
U078,T00080_U078,2026-06-10 22:01:00,Amazon,Travel,2190.96,Wallet
U078,T00081_U078,2026-01-15 09:32:00,Flipkart,Entertainment,927.38,Wallet
U078,T00082_U078,2026-09-07 11:17:00,Myntra,Shopping,2383.15,UPI
U078,T00083_U078,2026-07-15 09:39:00,Local Store,Bills,340.79,UPI
U078,T00084_U078,2026-09-07 15:46:00,Clinic,Bills,1195.66,UPI
U078,T00085_U078,2026-03-24 04:44:00,Uber,Entertainment,2987.9,Wallet
U078,T00086_U078,2026-02-13 10:59:00,Amazon,Shopping,2379.53,UPI
U078,T00087_U078,2026-09-12 00:08:00,Netflix,Entertainment,3196.56,Card
U078,T00088_U078,2026-08-03 19:30:00,Local Store,Healthcare,2461.6,Wallet
U078,T00089_U078,2026-01-20 10:06:00,Netflix,Travel,676.77,Wallet
U078,T00090_U078,2026-07-13 20:38:00,Swiggy,Healthcare,380.84,Card
U078,T00091_U078,2026-09-22 02:09:00,Clinic,Food,1017.11,UPI
U078,T00092_U078,2026-07-26 19:54:00,Amazon,Bills,2382.22,Card
U078,T00093_U078,2026-06-27 18:14:00,Myntra,Bills,2175.88,Card
U078,T00094_U078,2026-05-12 10:22:00,Netflix,Entertainment,538.57,UPI
U078,T00095_U078,2026-03-07 03:19:00,Uber,Healthcare,893.55,Wallet
U078,T00096_U078,2026-07-11 20:05:00,Local Store,Entertainment,1453.62,UPI
U078,T00097_U078,2026-04-17 01:15:00,Amazon,Bills,1298.04,Wallet
U078,T00098_U078,2026-01-22 15:00:00,Local Store,Travel,1534.57,Wallet
U078,T00099_U078,2026-02-03 00:53:00,Flipkart,Entertainment,2312.25,UPI
U079,T00000_U079,2026-09-23 15:18:00,Spotify,Bills,199.0,Wallet
U079,T00001_U079,2026-07-12 18:50:00,Flipkart,Bills,2098.77,UPI
U079,T00002_U079,2026-02-05 08:20:00,Flipkart,Shopping,4120.12,Wallet
U079,T00003_U079,2026-07-23 04:32:00,Flipkart,Bills,182.6,Wallet
U079,T00004_U079,2026-05-27 01:23:00,Myntra,Shopping,1479.76,UPI
U079,T00005_U079,2026-04-08 23:06:00,Amazon,Bills,636.74,Card
U079,T00006_U079,2026-07-01 23:33:00,Local Store,Bills,2216.7,Wallet
U079,T00007_U079,2026-05-20 08:00:00,Flipkart,Bills,1404.67,Card
U079,T00008_U079,2026-06-30 09:29:00,Myntra,Food,3890.16,UPI
U079,T00009_U079,2026-07-10 08:32:00,Uber,Entertainment,1370.77,UPI
U079,T00010_U079,2026-06-22 12:24:00,Flipkart,Shopping,165.88,UPI
U079,T00011_U079,2026-07-10 12:00:00,Uber,Bills,753.32,Card
U079,T00012_U079,2026-02-25 11:00:00,Myntra,Food,2116.13,Wallet
U079,T00013_U079,2026-04-24 10:03:00,Local Store,Entertainment,1608.1,Card
U079,T00014_U079,2026-08-10 01:54:00,Swiggy,Travel,3773.79,Wallet
U079,T00015_U079,2026-07-04 20:23:00,Clinic,Healthcare,1790.48,Wallet
U079,T00016_U079,2026-04-19 15:36:00,Flipkart,Healthcare,1500.73,Wallet
U079,T00017_U079,2026-06-07 15:17:00,Flipkart,Shopping,464.72,Wallet
U079,T00018_U079,2026-01-22 22:12:00,Myntra,Travel,298.36,Wallet
U079,T00019_U079,2026-07-18 00:37:00,Swiggy,Food,602.16,Card
U079,T00020_U079,2026-09-12 02:58:00,Myntra,Travel,1093.98,UPI
U079,T00021_U079,2026-02-11 03:04:00,Swiggy,Healthcare,642.96,Wallet
U079,T00022_U079,2026-03-10 07:31:00,Flipkart,Entertainment,2480.87,Wallet
U079,T00023_U079,2026-02-25 07:54:00,Flipkart,Shopping,1568.97,UPI
U079,T00024_U079,2026-02-20 08:23:00,Amazon,Shopping,1277.84,UPI
U079,T00025_U079,2026-06-08 12:13:00,Spotify,Bills,499.0,Card
U079,T00026_U079,2026-06-13 12:57:00,Local Store,Bills,1093.44,Wallet
U079,T00027_U079,2026-01-18 23:42:00,Swiggy,Travel,280.63,Wallet
U079,T00028_U079,2026-06-29 22:48:00,Amazon,Shopping,1653.61,UPI
U079,T00029_U079,2026-06-10 08:14:00,Netflix,Healthcare,1189.74,UPI
U079,T00030_U079,2026-01-26 15:29:00,Uber,Bills,1586.14,Wallet
U079,T00031_U079,2026-02-24 09:56:00,Amazon,Bills,934.13,Wallet
U079,T00032_U079,2026-02-28 09:17:00,Local Store,Entertainment,540.72,Wallet
U079,T00033_U079,2026-06-24 08:07:00,Amazon,Entertainment,185.28,Card
U079,T00034_U079,2026-07-06 13:53:00,Flipkart,Shopping,1038.13,Wallet
U079,T00035_U079,2026-07-05 09:54:00,Netflix,Travel,1260.69,Wallet
U079,T00036_U079,2026-07-24 07:31:00,Local Store,Entertainment,1140.54,Wallet
U079,T00037_U079,2026-06-30 19:38:00,Myntra,Food,2401.22,UPI
U079,T00038_U079,2026-04-30 17:06:00,Myntra,Entertainment,837.85,Card
U079,T00039_U079,2026-09-19 09:39:00,Amazon,Healthcare,1363.58,Card
U079,T00040_U079,2026-02-19 09:24:00,Flipkart,Shopping,1069.35,Card
U079,T00041_U079,2026-01-31 21:23:00,Flipkart,Shopping,458.62,UPI
U079,T00042_U079,2026-02-09 21:12:00,Local Store,Travel,372.84,UPI
U079,T00043_U079,2026-08-16 00:10:00,Uber,Entertainment,1621.33,Card
U079,T00044_U079,2026-04-09 14:10:00,Myntra,Healthcare,643.99,Wallet
U079,T00045_U079,2026-02-26 15:48:00,Amazon,Entertainment,1564.36,Card
U079,T00046_U079,2026-03-24 05:22:00,Netflix,Bills,1699.07,Wallet
U079,T00047_U079,2026-05-20 21:12:00,Flipkart,Food,1623.02,Card
U079,T00048_U079,2026-09-11 09:00:00,Clinic,Bills,837.87,Card
U079,T00049_U079,2026-01-15 14:12:00,Clinic,Bills,463.56,Wallet
U079,T00050_U079,2026-08-03 03:47:00,Netflix,Bills,999.0,UPI
U079,T00051_U079,2026-09-17 07:47:00,Uber,Travel,458.4,UPI
U079,T00052_U079,2026-02-14 16:02:00,Netflix,Bills,725.68,Card
U079,T00053_U079,2026-02-09 18:57:00,Myntra,Healthcare,794.54,Card
U079,T00054_U079,2026-03-08 16:27:00,Amazon,Shopping,1413.16,UPI
U079,T00055_U079,2026-08-07 02:42:00,Swiggy,Entertainment,3479.92,Card
U079,T00056_U079,2026-05-09 19:58:00,Uber,Food,834.25,UPI
U079,T00057_U079,2026-05-06 15:44:00,Myntra,Travel,148.17,Card
U079,T00058_U079,2026-07-15 19:06:00,Local Store,Travel,2357.88,UPI
U079,T00059_U079,2026-07-14 21:19:00,Netflix,Food,2214.62,UPI
U079,T00060_U079,2026-04-07 15:27:00,Uber,Bills,117.29,Wallet
U079,T00061_U079,2026-02-15 06:17:00,Clinic,Food,1316.39,UPI
U079,T00062_U079,2026-01-03 15:07:00,Netflix,Bills,1610.61,Card
U079,T00063_U079,2026-06-26 03:19:00,Netflix,Bills,507.69,Wallet
U079,T00064_U079,2026-07-03 10:34:00,Amazon,Shopping,3251.87,Card
U079,T00065_U079,2026-03-31 19:25:00,Amazon,Entertainment,3434.15,Wallet
U079,T00066_U079,2026-05-12 07:57:00,Amazon,Bills,1018.29,Wallet
U079,T00067_U079,2026-06-09 16:08:00,Myntra,Entertainment,2449.69,Wallet
U079,T00068_U079,2026-01-12 19:38:00,Clinic,Food,2327.32,Card
U079,T00069_U079,2026-07-17 08:16:00,Swiggy,Travel,666.65,Wallet
U079,T00070_U079,2026-01-04 12:42:00,Uber,Food,1704.76,Wallet
U079,T00071_U079,2026-01-25 16:05:00,Clinic,Bills,653.85,UPI
U079,T00072_U079,2026-01-15 05:31:00,Local Store,Healthcare,673.98,UPI
U079,T00073_U079,2026-08-22 05:10:00,Myntra,Shopping,632.76,Wallet
U079,T00074_U079,2026-06-15 01:16:00,Amazon,Shopping,3151.64,Card
U079,T00075_U079,2026-01-25 08:29:00,Spotify,Bills,999.0,Wallet
U079,T00076_U079,2026-07-07 08:37:00,Myntra,Shopping,2416.8,UPI
U079,T00077_U079,2026-08-28 06:49:00,Netflix,Travel,577.73,Card
U079,T00078_U079,2026-08-11 09:09:00,Swiggy,Entertainment,1620.29,UPI
U079,T00079_U079,2026-01-14 19:35:00,Clinic,Bills,475.2,Card
U079,T00080_U079,2026-01-06 22:20:00,Uber,Food,1671.34,UPI
U079,T00081_U079,2026-02-28 12:18:00,Amazon,Food,2937.11,Wallet
U079,T00082_U079,2026-04-13 13:23:00,Uber,Entertainment,1821.24,Wallet
U079,T00083_U079,2026-03-22 22:23:00,Myntra,Travel,1127.24,UPI
U079,T00084_U079,2026-07-31 04:34:00,Myntra,Healthcare,1007.14,Card
U079,T00085_U079,2026-04-07 17:41:00,Netflix,Bills,2317.11,Card
U079,T00086_U079,2026-07-08 17:36:00,Flipkart,Shopping,882.49,Card
U079,T00087_U079,2026-05-23 15:20:00,Myntra,Shopping,1594.41,Card
U079,T00088_U079,2026-07-23 11:20:00,Myntra,Food,1335.79,Wallet
U079,T00089_U079,2026-06-20 13:12:00,Flipkart,Bills,1127.58,Card
U079,T00090_U079,2026-08-05 11:49:00,Swiggy,Entertainment,1080.8,UPI
U079,T00091_U079,2026-03-27 04:40:00,Flipkart,Food,1042.59,Wallet
U079,T00092_U079,2026-09-22 15:22:00,Myntra,Shopping,528.53,Card
U079,T00093_U079,2026-09-19 06:52:00,Uber,Travel,1722.15,Card
U079,T00094_U079,2026-08-21 09:36:00,Flipkart,Bills,1584.24,Wallet
U079,T00095_U079,2026-04-13 17:44:00,Myntra,Shopping,461.66,UPI
U079,T00096_U079,2026-01-19 19:54:00,Myntra,Shopping,1754.2,UPI
U079,T00097_U079,2026-02-02 11:04:00,Flipkart,Entertainment,2476.36,Card
U079,T00098_U079,2026-08-04 00:50:00,Myntra,Entertainment,4003.32,Card
U079,T00099_U079,2026-09-01 10:26:00,Swiggy,Food,2440.31,UPI
U080,T00000_U080,2026-01-20 06:52:00,Netflix,Bills,299.0,UPI
U080,T00001_U080,2026-06-23 11:06:00,Myntra,Shopping,2164.4,Wallet
U080,T00002_U080,2026-09-20 07:08:00,Myntra,Shopping,1433.17,UPI
U080,T00003_U080,2026-05-15 04:59:00,Myntra,Shopping,3179.47,Wallet
U080,T00004_U080,2026-03-07 03:18:00,Netflix,Travel,840.78,Card
U080,T00005_U080,2026-01-19 08:20:00,Local Store,Food,1272.4,Card
U080,T00006_U080,2026-09-10 17:32:00,Amazon,Food,1729.59,Wallet
U080,T00007_U080,2026-06-30 19:06:00,Amazon,Shopping,1603.58,UPI
U080,T00008_U080,2026-07-21 06:21:00,Uber,Travel,1094.85,Wallet
U080,T00009_U080,2026-01-21 06:12:00,Local Store,Healthcare,2073.88,Wallet
U080,T00010_U080,2026-04-07 02:02:00,Clinic,Travel,423.95,UPI
U080,T00011_U080,2026-04-13 22:35:00,Netflix,Food,803.88,Card
U080,T00012_U080,2026-03-12 14:35:00,Clinic,Healthcare,1148.9,UPI
U080,T00013_U080,2026-07-15 00:56:00,Flipkart,Shopping,1157.81,Wallet
U080,T00014_U080,2026-04-30 00:39:00,Local Store,Bills,3980.89,Card
U080,T00015_U080,2026-01-07 15:44:00,Local Store,Bills,1289.06,Wallet
U080,T00016_U080,2026-07-20 18:36:00,Flipkart,Bills,1702.92,UPI
U080,T00017_U080,2026-03-05 20:36:00,Clinic,Travel,976.96,UPI
U080,T00018_U080,2026-02-12 19:44:00,Swiggy,Healthcare,186.68,Card
U080,T00019_U080,2026-02-16 11:21:00,Clinic,Food,2135.41,Card
U080,T00020_U080,2026-09-24 12:57:00,Amazon,Shopping,605.78,UPI
U080,T00021_U080,2026-03-26 15:02:00,Myntra,Shopping,1080.16,Wallet
U080,T00022_U080,2026-08-10 17:23:00,Uber,Bills,610.07,UPI
U080,T00023_U080,2026-07-17 05:58:00,Swiggy,Food,1809.74,Wallet
U080,T00024_U080,2026-07-27 11:55:00,Uber,Food,1781.86,Card
U080,T00025_U080,2026-08-25 06:50:00,Amazon Prime,Bills,299.0,UPI
U080,T00026_U080,2026-01-10 10:22:00,Clinic,Entertainment,259.35,UPI
U080,T00027_U080,2026-04-15 21:03:00,Myntra,Healthcare,1206.28,Wallet
U080,T00028_U080,2026-08-01 01:35:00,Netflix,Healthcare,3644.01,Card
U080,T00029_U080,2026-09-24 09:13:00,Myntra,Travel,552.02,Card
U080,T00030_U080,2026-05-22 10:10:00,Amazon,Healthcare,505.17,Wallet
U080,T00031_U080,2026-08-10 01:27:00,Amazon,Shopping,3308.18,Wallet
U080,T00032_U080,2026-01-23 21:17:00,Amazon,Food,860.72,Card
U080,T00033_U080,2026-02-23 09:00:00,Swiggy,Travel,1440.05,UPI
U080,T00034_U080,2026-02-10 22:15:00,Uber,Healthcare,1250.08,Card
U080,T00035_U080,2026-03-24 19:44:00,Flipkart,Entertainment,1980.64,Card
U080,T00036_U080,2026-02-06 05:10:00,Uber,Entertainment,1185.36,Card
U080,T00037_U080,2026-05-17 22:14:00,Myntra,Healthcare,784.91,UPI
U080,T00038_U080,2026-07-23 00:54:00,Myntra,Travel,1045.48,UPI
U080,T00039_U080,2026-08-21 09:45:00,Uber,Healthcare,431.76,Wallet
U080,T00040_U080,2026-05-02 18:44:00,Local Store,Healthcare,2009.42,Wallet
U080,T00041_U080,2026-04-06 14:50:00,Myntra,Entertainment,145.99,UPI
U080,T00042_U080,2026-02-22 05:09:00,Local Store,Travel,1035.53,Card
U080,T00043_U080,2026-03-23 17:02:00,Clinic,Bills,103.84,UPI
U080,T00044_U080,2026-08-28 18:45:00,Local Store,Food,2553.25,UPI
U080,T00045_U080,2026-06-12 19:04:00,Clinic,Food,919.78,UPI
U080,T00046_U080,2026-05-01 03:28:00,Myntra,Food,3144.88,Card
U080,T00047_U080,2026-08-31 00:34:00,Swiggy,Entertainment,2059.86,Card
U080,T00048_U080,2026-06-26 17:29:00,Amazon,Shopping,575.95,Card
U080,T00049_U080,2026-03-12 01:43:00,Netflix,Food,822.14,UPI
U080,T00050_U080,2026-04-13 05:21:00,Amazon Prime,Bills,199.0,UPI
U080,T00051_U080,2026-05-01 02:59:00,Netflix,Food,615.9,Card
U080,T00052_U080,2026-06-04 05:09:00,Local Store,Entertainment,857.76,UPI
U080,T00053_U080,2026-01-10 18:56:00,Swiggy,Bills,2492.34,Wallet
U080,T00054_U080,2026-06-09 22:36:00,Flipkart,Food,282.58,Card
U080,T00055_U080,2026-06-25 06:54:00,Local Store,Healthcare,1137.05,UPI
U080,T00056_U080,2026-04-17 12:19:00,Flipkart,Entertainment,888.88,Wallet
U080,T00057_U080,2026-06-04 10:10:00,Flipkart,Shopping,1162.3,UPI
U080,T00058_U080,2026-06-08 16:42:00,Myntra,Travel,2077.29,Wallet
U080,T00059_U080,2026-08-17 19:36:00,Myntra,Shopping,1530.61,Card
U080,T00060_U080,2026-08-13 14:20:00,Flipkart,Bills,2496.45,UPI
U080,T00061_U080,2026-06-27 05:07:00,Clinic,Healthcare,100.3,Wallet
U080,T00062_U080,2026-07-18 09:00:00,Uber,Entertainment,312.0,UPI
U080,T00063_U080,2026-02-09 10:17:00,Myntra,Food,839.61,Card
U080,T00064_U080,2026-09-15 06:00:00,Netflix,Entertainment,134.88,Card
U080,T00065_U080,2026-04-11 04:31:00,Swiggy,Healthcare,3734.36,Wallet
U080,T00066_U080,2026-02-28 08:06:00,Netflix,Food,785.27,Wallet
U080,T00067_U080,2026-07-23 06:52:00,Uber,Entertainment,501.12,UPI
U080,T00068_U080,2026-02-07 05:58:00,Uber,Entertainment,1742.11,Card
U080,T00069_U080,2026-04-14 12:31:00,Clinic,Entertainment,1566.89,Card
U080,T00070_U080,2026-09-03 21:19:00,Clinic,Entertainment,3127.88,Card
U080,T00071_U080,2026-09-21 13:45:00,Amazon,Shopping,2241.56,Wallet
U080,T00072_U080,2026-04-30 06:14:00,Flipkart,Shopping,2598.63,Wallet
U080,T00073_U080,2026-03-11 03:53:00,Swiggy,Entertainment,900.92,Wallet
U080,T00074_U080,2026-09-05 03:38:00,Local Store,Bills,658.95,UPI
U080,T00075_U080,2026-06-30 03:19:00,Netflix,Bills,299.0,Wallet
U080,T00076_U080,2026-05-25 18:20:00,Myntra,Healthcare,1055.99,Card
U080,T00077_U080,2026-09-21 05:53:00,Flipkart,Shopping,1459.14,Card
U080,T00078_U080,2026-02-06 09:49:00,Swiggy,Food,1457.46,Card
U080,T00079_U080,2026-07-15 02:43:00,Myntra,Travel,1959.91,Wallet
U080,T00080_U080,2026-06-22 14:33:00,Swiggy,Bills,2286.64,Wallet
U080,T00081_U080,2026-06-21 01:27:00,Swiggy,Bills,933.32,UPI
U080,T00082_U080,2026-05-27 23:47:00,Amazon,Entertainment,326.78,Card
U080,T00083_U080,2026-04-19 00:53:00,Myntra,Healthcare,3883.75,Wallet
U080,T00084_U080,2026-07-05 20:36:00,Amazon,Travel,2316.2,Wallet
U080,T00085_U080,2026-03-20 01:29:00,Amazon,Shopping,946.6,Card
U080,T00086_U080,2026-03-18 07:14:00,Netflix,Bills,262.29,Wallet
U080,T00087_U080,2026-03-03 07:40:00,Clinic,Bills,3043.32,UPI
U080,T00088_U080,2026-08-23 19:10:00,Clinic,Entertainment,1036.05,Card
U080,T00089_U080,2026-03-22 07:25:00,Uber,Food,537.62,Wallet
U080,T00090_U080,2026-07-16 13:21:00,Uber,Food,713.76,Card
U080,T00091_U080,2026-09-18 12:21:00,Uber,Entertainment,575.09,Card
U080,T00092_U080,2026-03-21 00:24:00,Amazon,Bills,1325.75,Wallet
U080,T00093_U080,2026-06-02 18:39:00,Amazon,Healthcare,2661.71,UPI
U080,T00094_U080,2026-01-26 05:53:00,Amazon,Bills,251.08,UPI
U080,T00095_U080,2026-01-03 16:17:00,Amazon,Shopping,3007.67,Wallet
U080,T00096_U080,2026-03-01 02:44:00,Clinic,Healthcare,2626.81,Wallet
U080,T00097_U080,2026-06-22 00:29:00,Netflix,Travel,294.18,UPI
U080,T00098_U080,2026-03-29 14:06:00,Myntra,Bills,2804.85,UPI
U080,T00099_U080,2026-03-14 22:33:00,Uber,Travel,1929.25,UPI
U081,T00000_U081,2026-07-29 02:43:00,Amazon Prime,Bills,199.0,Wallet
U081,T00001_U081,2026-09-27 10:55:00,Local Store,Food,658.34,UPI
U081,T00002_U081,2026-09-17 03:12:00,Swiggy,Entertainment,3956.58,Card
U081,T00003_U081,2026-05-31 02:02:00,Flipkart,Shopping,2003.65,Card
U081,T00004_U081,2026-05-18 03:45:00,Myntra,Travel,1652.72,Wallet
U081,T00005_U081,2026-04-18 16:22:00,Local Store,Food,662.24,Card
U081,T00006_U081,2026-09-22 02:51:00,Local Store,Food,1280.06,Wallet
U081,T00007_U081,2026-08-11 13:52:00,Uber,Bills,2034.19,UPI
U081,T00008_U081,2026-04-08 05:43:00,Swiggy,Bills,2001.53,UPI
U081,T00009_U081,2026-01-31 05:53:00,Amazon,Bills,3809.58,Wallet
U081,T00010_U081,2026-06-24 21:07:00,Netflix,Food,1361.56,UPI
U081,T00011_U081,2026-01-28 03:18:00,Swiggy,Entertainment,1025.04,Card
U081,T00012_U081,2026-07-23 16:10:00,Swiggy,Bills,333.7,Card
U081,T00013_U081,2026-01-25 17:07:00,Amazon,Shopping,907.83,UPI
U081,T00014_U081,2026-07-24 15:52:00,Local Store,Entertainment,217.76,Card
U081,T00015_U081,2026-02-18 12:35:00,Myntra,Bills,1211.59,Wallet
U081,T00016_U081,2026-05-21 14:32:00,Clinic,Healthcare,2399.99,Wallet
U081,T00017_U081,2026-02-09 19:12:00,Flipkart,Bills,837.21,Wallet
U081,T00018_U081,2026-08-16 23:02:00,Amazon,Travel,217.94,Wallet
U081,T00019_U081,2026-05-11 15:14:00,Swiggy,Food,543.42,Wallet
U081,T00020_U081,2026-03-26 03:13:00,Amazon,Food,2991.72,UPI
U081,T00021_U081,2026-06-09 20:56:00,Uber,Food,1871.12,UPI
U081,T00022_U081,2026-05-21 09:19:00,Clinic,Entertainment,1378.06,Wallet
U081,T00023_U081,2026-06-01 04:50:00,Local Store,Travel,1768.17,UPI
U081,T00024_U081,2026-01-11 02:37:00,Local Store,Entertainment,2195.02,UPI
U081,T00025_U081,2026-05-07 08:23:00,Amazon Prime,Bills,199.0,Wallet
U081,T00026_U081,2026-02-14 06:40:00,Flipkart,Food,163.19,Card
U081,T00027_U081,2026-07-19 02:30:00,Local Store,Food,2098.42,Wallet
U081,T00028_U081,2026-07-25 17:46:00,Local Store,Travel,845.94,Wallet
U081,T00029_U081,2026-03-11 20:01:00,Clinic,Bills,403.55,Card
U081,T00030_U081,2026-09-25 02:32:00,Local Store,Food,2250.81,UPI
U081,T00031_U081,2026-05-24 08:57:00,Swiggy,Travel,883.76,Card
U081,T00032_U081,2026-03-14 09:31:00,Myntra,Entertainment,299.06,UPI
U081,T00033_U081,2026-07-29 06:41:00,Myntra,Entertainment,319.27,UPI
U081,T00034_U081,2026-07-28 00:42:00,Uber,Travel,6000.36,UPI
U081,T00035_U081,2026-02-04 19:01:00,Clinic,Food,431.17,Card
U081,T00036_U081,2026-09-27 12:15:00,Myntra,Entertainment,339.69,Wallet
U081,T00037_U081,2026-07-05 17:36:00,Flipkart,Shopping,1865.89,Wallet
U081,T00038_U081,2026-01-27 09:30:00,Netflix,Food,1765.21,UPI
U081,T00039_U081,2026-03-23 13:20:00,Netflix,Entertainment,1021.84,Wallet
U081,T00040_U081,2026-05-23 03:43:00,Netflix,Entertainment,1460.75,UPI
U081,T00041_U081,2026-06-21 14:49:00,Amazon,Food,2073.23,UPI
U081,T00042_U081,2026-01-20 15:01:00,Swiggy,Food,1762.21,Wallet
U081,T00043_U081,2026-09-27 18:12:00,Local Store,Travel,1277.28,Wallet
U081,T00044_U081,2026-04-06 13:11:00,Netflix,Travel,429.39,Card
U081,T00045_U081,2026-08-04 02:22:00,Flipkart,Food,1591.86,Wallet
U081,T00046_U081,2026-09-20 20:16:00,Swiggy,Bills,2117.15,Card
U081,T00047_U081,2026-02-03 16:27:00,Flipkart,Healthcare,3533.26,UPI
U081,T00048_U081,2026-05-24 04:10:00,Clinic,Bills,1748.11,UPI
U081,T00049_U081,2026-01-02 02:45:00,Amazon,Shopping,6210.06,Wallet
U081,T00050_U081,2026-01-08 08:00:00,Gym,Bills,499.0,Wallet
U081,T00051_U081,2026-06-08 23:58:00,Swiggy,Healthcare,465.38,Card
U081,T00052_U081,2026-08-10 10:47:00,Myntra,Food,2101.82,Card
U081,T00053_U081,2026-09-08 01:43:00,Swiggy,Healthcare,2391.41,UPI
U081,T00054_U081,2026-08-25 23:38:00,Swiggy,Bills,927.46,Wallet
U081,T00055_U081,2026-02-04 19:48:00,Amazon,Bills,1813.72,Wallet
U081,T00056_U081,2026-08-04 08:33:00,Flipkart,Bills,1546.62,Card
U081,T00057_U081,2026-02-10 13:44:00,Flipkart,Shopping,2388.59,Card
U081,T00058_U081,2026-02-04 14:58:00,Clinic,Healthcare,1449.73,Wallet
U081,T00059_U081,2026-06-03 21:50:00,Myntra,Shopping,2369.71,Wallet
U081,T00060_U081,2026-08-25 17:34:00,Amazon,Healthcare,1711.88,Card
U081,T00061_U081,2026-02-19 22:08:00,Netflix,Travel,2097.81,Card
U081,T00062_U081,2026-08-30 01:23:00,Clinic,Food,1775.15,UPI
U081,T00063_U081,2026-05-16 09:53:00,Amazon,Bills,1404.34,Wallet
U081,T00064_U081,2026-07-17 14:33:00,Netflix,Bills,2173.47,UPI
U081,T00065_U081,2026-04-26 18:07:00,Flipkart,Bills,1361.34,UPI
U081,T00066_U081,2026-08-13 08:53:00,Amazon,Healthcare,817.13,UPI
U081,T00067_U081,2026-01-12 03:15:00,Uber,Travel,1088.52,Wallet
U081,T00068_U081,2026-03-31 17:42:00,Uber,Food,211.67,Card
U081,T00069_U081,2026-09-01 17:27:00,Flipkart,Healthcare,3761.96,UPI
U081,T00070_U081,2026-04-21 13:42:00,Amazon,Shopping,2297.64,UPI
U081,T00071_U081,2026-09-14 21:36:00,Flipkart,Food,833.94,Card
U081,T00072_U081,2026-06-08 12:41:00,Uber,Bills,2028.36,UPI
U081,T00073_U081,2026-04-02 02:47:00,Netflix,Food,2034.1,UPI
U081,T00074_U081,2026-09-07 14:51:00,Flipkart,Healthcare,237.37,Card
U081,T00075_U081,2026-01-02 18:39:00,Gym,Bills,199.0,Wallet
U081,T00076_U081,2026-07-10 03:05:00,Flipkart,Food,2443.11,Wallet
U081,T00077_U081,2026-03-25 10:30:00,Local Store,Healthcare,419.19,UPI
U081,T00078_U081,2026-01-18 04:33:00,Netflix,Food,2069.24,Wallet
U081,T00079_U081,2026-06-25 11:01:00,Swiggy,Food,1936.38,Card
U081,T00080_U081,2026-05-21 02:22:00,Local Store,Entertainment,1955.01,Card
U081,T00081_U081,2026-08-18 05:31:00,Local Store,Travel,471.42,UPI
U081,T00082_U081,2026-01-12 05:07:00,Netflix,Entertainment,1397.62,UPI
U081,T00083_U081,2026-04-19 18:44:00,Netflix,Food,565.32,UPI
U081,T00084_U081,2026-03-02 23:14:00,Clinic,Healthcare,3555.22,Wallet
U081,T00085_U081,2026-08-22 05:00:00,Flipkart,Healthcare,466.38,Wallet
U081,T00086_U081,2026-05-23 16:38:00,Myntra,Shopping,645.82,Card
U081,T00087_U081,2026-07-07 13:31:00,Uber,Entertainment,2345.25,Card
U081,T00088_U081,2026-06-16 06:53:00,Myntra,Shopping,380.22,Wallet
U081,T00089_U081,2026-05-25 04:26:00,Swiggy,Healthcare,3141.91,Card
U081,T00090_U081,2026-05-27 13:50:00,Netflix,Travel,1724.19,Card
U081,T00091_U081,2026-07-10 12:52:00,Netflix,Travel,310.62,Wallet
U081,T00092_U081,2026-04-02 08:08:00,Flipkart,Entertainment,1201.5,UPI
U081,T00093_U081,2026-07-05 02:25:00,Myntra,Travel,1558.53,UPI
U081,T00094_U081,2026-06-17 03:05:00,Clinic,Bills,1723.69,Card
U081,T00095_U081,2026-02-04 08:18:00,Clinic,Bills,2634.5,Card
U081,T00096_U081,2026-07-28 06:37:00,Amazon,Entertainment,4774.82,UPI
U081,T00097_U081,2026-02-04 16:34:00,Myntra,Entertainment,2456.34,Card
U081,T00098_U081,2026-01-29 13:42:00,Local Store,Bills,2039.93,Card
U081,T00099_U081,2026-03-31 00:21:00,Swiggy,Healthcare,4538.98,Card
U082,T00000_U082,2026-07-26 05:09:00,Gym,Bills,499.0,UPI
U082,T00001_U082,2026-07-27 10:49:00,Netflix,Food,658.52,UPI
U082,T00002_U082,2026-02-02 09:57:00,Flipkart,Food,2352.87,Wallet
U082,T00003_U082,2026-09-14 20:53:00,Swiggy,Entertainment,1375.95,Wallet
U082,T00004_U082,2026-08-09 21:32:00,Netflix,Entertainment,1990.82,Wallet
U082,T00005_U082,2026-05-10 13:53:00,Swiggy,Entertainment,1980.0,UPI
U082,T00006_U082,2026-09-11 00:51:00,Netflix,Healthcare,2233.61,Card
U082,T00007_U082,2026-01-19 03:57:00,Netflix,Healthcare,1684.79,UPI
U082,T00008_U082,2026-07-18 09:04:00,Myntra,Healthcare,731.11,Card
U082,T00009_U082,2026-07-11 10:09:00,Netflix,Healthcare,1823.83,Wallet
U082,T00010_U082,2026-08-20 06:58:00,Amazon,Travel,1010.53,UPI
U082,T00011_U082,2026-03-13 00:52:00,Amazon,Shopping,2870.4,UPI
U082,T00012_U082,2026-04-20 20:05:00,Swiggy,Bills,243.67,UPI
U082,T00013_U082,2026-05-23 19:33:00,Swiggy,Food,1827.56,Wallet
U082,T00014_U082,2026-05-11 14:43:00,Netflix,Travel,963.78,Wallet
U082,T00015_U082,2026-09-06 07:18:00,Flipkart,Healthcare,459.23,UPI
U082,T00016_U082,2026-04-28 19:04:00,Amazon,Shopping,4387.9,Wallet
U082,T00017_U082,2026-05-04 13:24:00,Uber,Bills,2234.24,Wallet
U082,T00018_U082,2026-09-20 20:00:00,Uber,Bills,1036.1,Wallet
U082,T00019_U082,2026-09-12 06:08:00,Clinic,Bills,2242.13,Wallet
U082,T00020_U082,2026-05-20 10:27:00,Flipkart,Shopping,356.87,UPI
U082,T00021_U082,2026-08-27 01:40:00,Flipkart,Shopping,3155.45,Wallet
U082,T00022_U082,2026-05-22 11:36:00,Swiggy,Bills,1544.55,Card
U082,T00023_U082,2026-07-24 00:36:00,Clinic,Travel,2420.59,Card
U082,T00024_U082,2026-03-17 13:18:00,Netflix,Entertainment,1304.89,Wallet
U082,T00025_U082,2026-09-13 05:17:00,Spotify,Bills,199.0,UPI
U082,T00026_U082,2026-05-24 04:43:00,Myntra,Food,1812.88,Wallet
U082,T00027_U082,2026-01-23 18:33:00,Amazon,Food,443.77,UPI
U082,T00028_U082,2026-04-04 02:21:00,Amazon,Healthcare,6171.59,UPI
U082,T00029_U082,2026-04-18 12:32:00,Swiggy,Travel,879.29,UPI
U082,T00030_U082,2026-07-18 21:21:00,Amazon,Shopping,1272.53,Wallet
U082,T00031_U082,2026-08-20 15:30:00,Amazon,Travel,1574.77,UPI
U082,T00032_U082,2026-04-16 05:10:00,Local Store,Healthcare,163.8,UPI
U082,T00033_U082,2026-05-27 14:32:00,Uber,Healthcare,675.6,Card
U082,T00034_U082,2026-08-28 08:56:00,Uber,Bills,2223.54,UPI
U082,T00035_U082,2026-02-09 01:52:00,Flipkart,Shopping,787.52,Card
U082,T00036_U082,2026-05-12 07:28:00,Local Store,Healthcare,2400.53,Card
U082,T00037_U082,2026-05-01 01:47:00,Netflix,Travel,2450.64,Wallet
U082,T00038_U082,2026-05-23 10:38:00,Local Store,Bills,1409.27,UPI
U082,T00039_U082,2026-05-19 06:05:00,Myntra,Shopping,458.21,Wallet
U082,T00040_U082,2026-09-14 19:33:00,Amazon,Shopping,1754.37,Card
U082,T00041_U082,2026-03-03 08:07:00,Myntra,Shopping,2113.98,UPI
U082,T00042_U082,2026-08-23 15:53:00,Myntra,Bills,2119.96,Card
U082,T00043_U082,2026-05-10 22:52:00,Uber,Travel,1866.71,Card
U082,T00044_U082,2026-06-16 20:38:00,Amazon,Entertainment,347.45,UPI
U082,T00045_U082,2026-07-11 22:26:00,Clinic,Bills,606.14,Wallet
U082,T00046_U082,2026-01-22 04:19:00,Flipkart,Shopping,2684.38,Card
U082,T00047_U082,2026-04-29 18:17:00,Uber,Entertainment,1358.42,UPI
U082,T00048_U082,2026-01-07 18:00:00,Myntra,Shopping,1431.49,Wallet
U082,T00049_U082,2026-09-01 04:24:00,Amazon,Shopping,3138.1,Card
U082,T00050_U082,2026-02-06 19:09:00,Netflix,Bills,299.0,UPI
U082,T00051_U082,2026-08-13 05:59:00,Swiggy,Bills,1272.68,Card
U082,T00052_U082,2026-08-01 23:57:00,Uber,Healthcare,3191.55,Wallet
U082,T00053_U082,2026-06-10 18:45:00,Swiggy,Bills,1847.56,Wallet
U082,T00054_U082,2026-03-01 18:52:00,Uber,Entertainment,1088.85,Wallet
U082,T00055_U082,2026-05-03 11:26:00,Amazon,Shopping,2736.26,UPI
U082,T00056_U082,2026-02-09 03:56:00,Clinic,Bills,127.67,UPI
U082,T00057_U082,2026-01-21 17:55:00,Amazon,Shopping,406.79,Card
U082,T00058_U082,2026-05-01 04:47:00,Myntra,Shopping,3115.59,UPI
U082,T00059_U082,2026-09-28 18:33:00,Uber,Food,1406.51,Card
U082,T00060_U082,2026-03-01 00:55:00,Uber,Food,2570.7,Card
U082,T00061_U082,2026-06-30 18:39:00,Amazon,Healthcare,3742.5,UPI
U082,T00062_U082,2026-01-23 12:26:00,Swiggy,Travel,1866.92,Wallet
U082,T00063_U082,2026-09-15 11:29:00,Local Store,Healthcare,1969.22,UPI
U082,T00064_U082,2026-08-27 06:07:00,Swiggy,Entertainment,672.7,Card
U082,T00065_U082,2026-01-28 04:44:00,Netflix,Travel,451.12,UPI
U082,T00066_U082,2026-08-26 01:59:00,Netflix,Healthcare,816.92,UPI
U082,T00067_U082,2026-08-07 19:52:00,Netflix,Travel,1135.05,Card
U082,T00068_U082,2026-07-15 17:26:00,Clinic,Entertainment,1051.72,Wallet
U082,T00069_U082,2026-05-11 13:39:00,Uber,Food,497.98,Wallet
U082,T00070_U082,2026-06-06 00:01:00,Swiggy,Food,2481.37,Card
U082,T00071_U082,2026-05-15 06:28:00,Uber,Bills,1273.85,UPI
U082,T00072_U082,2026-01-09 15:15:00,Myntra,Bills,557.15,UPI
U082,T00073_U082,2026-03-17 10:54:00,Flipkart,Healthcare,635.69,Card
U082,T00074_U082,2026-03-26 20:46:00,Myntra,Shopping,1829.63,Card
U082,T00075_U082,2026-01-23 03:21:00,Gym,Bills,999.0,Card
U082,T00076_U082,2026-02-10 01:44:00,Swiggy,Healthcare,319.72,Wallet
U082,T00077_U082,2026-02-14 03:33:00,Myntra,Entertainment,2119.4,Wallet
U082,T00078_U082,2026-05-03 19:13:00,Flipkart,Healthcare,3850.86,Wallet
U082,T00079_U082,2026-02-13 09:03:00,Flipkart,Shopping,2429.25,Wallet
U082,T00080_U082,2026-07-19 07:05:00,Netflix,Travel,1620.06,Wallet
U082,T00081_U082,2026-09-27 01:41:00,Clinic,Food,1623.05,Card
U082,T00082_U082,2026-06-18 03:44:00,Flipkart,Shopping,2158.87,Wallet
U082,T00083_U082,2026-03-11 06:31:00,Uber,Food,759.08,Card
U082,T00084_U082,2026-06-13 00:06:00,Flipkart,Healthcare,1874.92,Wallet
U082,T00085_U082,2026-07-07 22:57:00,Uber,Healthcare,2146.27,Wallet
U082,T00086_U082,2026-06-08 05:39:00,Flipkart,Shopping,2382.64,Card
U082,T00087_U082,2026-06-15 14:02:00,Clinic,Food,2168.32,Card
U082,T00088_U082,2026-05-08 07:53:00,Swiggy,Entertainment,260.26,Card
U082,T00089_U082,2026-07-05 06:25:00,Netflix,Food,1435.71,Wallet
U082,T00090_U082,2026-09-07 02:11:00,Flipkart,Entertainment,326.31,UPI
U082,T00091_U082,2026-07-18 05:41:00,Clinic,Healthcare,1222.91,Card
U082,T00092_U082,2026-01-01 13:44:00,Uber,Food,584.72,Card
U082,T00093_U082,2026-01-06 19:23:00,Local Store,Entertainment,2173.26,UPI
U082,T00094_U082,2026-02-13 23:55:00,Myntra,Bills,1692.75,UPI
U082,T00095_U082,2026-01-09 15:20:00,Local Store,Bills,830.13,Card
U082,T00096_U082,2026-05-02 00:37:00,Netflix,Entertainment,1178.19,UPI
U082,T00097_U082,2026-05-15 18:55:00,Amazon,Shopping,2472.38,Wallet
U082,T00098_U082,2026-07-26 03:42:00,Netflix,Entertainment,2448.41,UPI
U082,T00099_U082,2026-05-09 10:42:00,Local Store,Travel,2347.1,Wallet
U083,T00000_U083,2026-03-28 05:01:00,Spotify,Bills,199.0,UPI
U083,T00001_U083,2026-04-12 11:34:00,Clinic,Food,983.77,Wallet
U083,T00002_U083,2026-05-06 08:47:00,Amazon,Travel,1825.68,UPI
U083,T00003_U083,2026-09-17 16:22:00,Flipkart,Shopping,2454.43,UPI
U083,T00004_U083,2026-02-13 19:53:00,Amazon,Shopping,1839.4,Card
U083,T00005_U083,2026-08-15 16:50:00,Flipkart,Shopping,213.0,Wallet
U083,T00006_U083,2026-04-07 04:32:00,Amazon,Food,1469.86,Card
U083,T00007_U083,2026-08-20 21:06:00,Swiggy,Food,642.18,UPI
U083,T00008_U083,2026-03-31 01:58:00,Flipkart,Entertainment,2429.22,Card
U083,T00009_U083,2026-02-24 15:40:00,Amazon,Bills,1304.73,Wallet
U083,T00010_U083,2026-09-28 00:01:00,Swiggy,Food,4210.45,UPI
U083,T00011_U083,2026-01-31 21:40:00,Amazon,Shopping,1249.97,Card
U083,T00012_U083,2026-01-05 02:05:00,Flipkart,Healthcare,5729.2,UPI
U083,T00013_U083,2026-07-01 21:40:00,Amazon,Bills,2347.54,Card
U083,T00014_U083,2026-03-17 08:18:00,Myntra,Shopping,1805.63,Card
U083,T00015_U083,2026-07-13 02:33:00,Uber,Healthcare,1686.16,UPI
U083,T00016_U083,2026-07-11 22:40:00,Flipkart,Bills,595.26,Card
U083,T00017_U083,2026-06-18 19:48:00,Uber,Entertainment,1269.73,UPI
U083,T00018_U083,2026-02-23 09:32:00,Amazon,Entertainment,1547.82,Wallet
U083,T00019_U083,2026-01-08 16:50:00,Amazon,Shopping,2363.47,Wallet
U083,T00020_U083,2026-07-12 11:27:00,Clinic,Food,1383.26,Wallet
U083,T00021_U083,2026-07-13 17:56:00,Myntra,Food,1004.79,Card
U083,T00022_U083,2026-03-02 12:46:00,Myntra,Bills,3665.38,Card
U083,T00023_U083,2026-01-14 21:53:00,Local Store,Bills,1770.47,Card
U083,T00024_U083,2026-07-01 14:58:00,Local Store,Travel,1662.24,Card
U083,T00025_U083,2026-06-13 19:58:00,Spotify,Bills,199.0,UPI
U083,T00026_U083,2026-08-25 10:02:00,Local Store,Healthcare,1358.75,UPI
U083,T00027_U083,2026-05-08 15:15:00,Myntra,Shopping,769.71,Wallet
U083,T00028_U083,2026-02-17 21:46:00,Flipkart,Shopping,1297.02,Card
U083,T00029_U083,2026-06-22 14:03:00,Flipkart,Entertainment,1647.46,Wallet
U083,T00030_U083,2026-07-08 08:53:00,Swiggy,Entertainment,1885.31,Card
U083,T00031_U083,2026-03-21 02:29:00,Flipkart,Shopping,325.78,Card
U083,T00032_U083,2026-09-21 14:43:00,Myntra,Bills,2017.4,Wallet
U083,T00033_U083,2026-09-26 00:10:00,Myntra,Healthcare,2528.08,Card
U083,T00034_U083,2026-09-13 12:39:00,Flipkart,Shopping,1328.96,UPI
U083,T00035_U083,2026-09-13 21:02:00,Amazon,Entertainment,2098.08,Wallet
U083,T00036_U083,2026-01-06 13:08:00,Myntra,Shopping,929.91,UPI
U083,T00037_U083,2026-06-06 09:39:00,Clinic,Food,844.68,Card
U083,T00038_U083,2026-01-02 20:34:00,Local Store,Travel,1639.11,Card
U083,T00039_U083,2026-03-23 09:39:00,Netflix,Bills,2088.94,Card
U083,T00040_U083,2026-05-03 08:12:00,Netflix,Entertainment,4142.19,UPI
U083,T00041_U083,2026-05-09 03:26:00,Amazon,Shopping,2956.39,Wallet
U083,T00042_U083,2026-07-14 05:35:00,Clinic,Healthcare,236.34,Wallet
U083,T00043_U083,2026-05-07 04:54:00,Netflix,Food,3031.63,Card
U083,T00044_U083,2026-02-01 02:43:00,Amazon,Bills,2022.49,Card
U083,T00045_U083,2026-06-20 22:39:00,Myntra,Bills,1819.42,UPI
U083,T00046_U083,2026-09-01 02:58:00,Swiggy,Bills,681.1,Wallet
U083,T00047_U083,2026-07-23 01:20:00,Flipkart,Food,3156.65,Wallet
U083,T00048_U083,2026-02-16 15:15:00,Amazon,Travel,2351.86,Card
U083,T00049_U083,2026-05-12 02:17:00,Netflix,Entertainment,1294.95,UPI
U083,T00050_U083,2026-05-07 06:59:00,Gym,Bills,499.0,Wallet
U083,T00051_U083,2026-02-14 11:41:00,Local Store,Entertainment,564.13,Wallet
U083,T00052_U083,2026-04-11 12:12:00,Flipkart,Shopping,1815.96,Card
U083,T00053_U083,2026-06-20 00:03:00,Uber,Entertainment,967.49,Card
U083,T00054_U083,2026-01-01 02:36:00,Local Store,Food,2112.62,Card
U083,T00055_U083,2026-08-11 19:27:00,Clinic,Healthcare,1265.07,Wallet
U083,T00056_U083,2026-02-20 06:16:00,Uber,Food,2012.21,UPI
U083,T00057_U083,2026-05-21 08:35:00,Uber,Entertainment,1950.11,UPI
U083,T00058_U083,2026-06-11 06:22:00,Swiggy,Food,1704.77,UPI
U083,T00059_U083,2026-06-29 23:48:00,Uber,Food,651.76,Wallet
U083,T00060_U083,2026-03-20 19:45:00,Local Store,Travel,973.58,UPI
U083,T00061_U083,2026-03-16 14:05:00,Swiggy,Food,818.15,Wallet
U083,T00062_U083,2026-02-23 05:27:00,Flipkart,Travel,2418.33,Card
U083,T00063_U083,2026-08-30 22:01:00,Amazon,Healthcare,1966.08,UPI
U083,T00064_U083,2026-07-05 01:59:00,Amazon,Bills,5943.65,Wallet
U083,T00065_U083,2026-03-19 21:15:00,Myntra,Entertainment,862.79,UPI
U083,T00066_U083,2026-03-10 17:27:00,Clinic,Travel,1892.29,UPI
U083,T00067_U083,2026-02-26 22:55:00,Myntra,Bills,1799.88,Wallet
U083,T00068_U083,2026-02-25 04:32:00,Flipkart,Healthcare,118.84,UPI
U083,T00069_U083,2026-05-03 17:07:00,Flipkart,Bills,4561.67,Wallet
U083,T00070_U083,2026-03-29 08:23:00,Local Store,Food,1634.15,Card
U083,T00071_U083,2026-07-24 03:43:00,Local Store,Healthcare,182.39,UPI
U083,T00072_U083,2026-02-18 15:09:00,Myntra,Bills,669.15,Wallet
U083,T00073_U083,2026-06-17 18:07:00,Amazon,Shopping,967.3,Card
U083,T00074_U083,2026-05-07 11:27:00,Flipkart,Shopping,1826.88,Card
U083,T00075_U083,2026-07-01 22:53:00,Netflix,Bills,499.0,UPI
U083,T00076_U083,2026-05-17 14:42:00,Amazon,Entertainment,1914.5,Card
U083,T00077_U083,2026-03-26 17:42:00,Myntra,Bills,286.05,Wallet
U083,T00078_U083,2026-03-07 09:18:00,Myntra,Entertainment,2050.63,UPI
U083,T00079_U083,2026-07-24 06:24:00,Flipkart,Shopping,109.38,Card
U083,T00080_U083,2026-05-26 20:55:00,Clinic,Healthcare,2207.56,UPI
U083,T00081_U083,2026-03-25 06:57:00,Myntra,Shopping,705.28,UPI
U083,T00082_U083,2026-08-20 17:46:00,Amazon,Shopping,1329.87,UPI
U083,T00083_U083,2026-06-24 08:06:00,Netflix,Travel,2498.1,Wallet
U083,T00084_U083,2026-09-06 17:17:00,Netflix,Entertainment,1566.46,Card
U083,T00085_U083,2026-05-13 14:18:00,Amazon,Healthcare,1162.67,Card
U083,T00086_U083,2026-04-20 08:17:00,Swiggy,Food,926.04,Wallet
U083,T00087_U083,2026-06-03 21:46:00,Local Store,Food,2368.1,Card
U083,T00088_U083,2026-04-22 05:37:00,Myntra,Shopping,743.4,Wallet
U083,T00089_U083,2026-04-29 08:46:00,Amazon,Travel,2478.32,Card
U083,T00090_U083,2026-01-03 17:41:00,Clinic,Healthcare,2439.09,Card
U083,T00091_U083,2026-09-10 04:45:00,Amazon,Bills,2956.51,UPI
U083,T00092_U083,2026-08-08 13:11:00,Swiggy,Travel,348.48,Card
U083,T00093_U083,2026-03-30 05:01:00,Flipkart,Travel,2622.82,UPI
U083,T00094_U083,2026-05-13 19:55:00,Clinic,Travel,496.04,Wallet
U083,T00095_U083,2026-05-09 18:08:00,Amazon,Entertainment,936.39,Wallet
U083,T00096_U083,2026-05-02 00:20:00,Myntra,Entertainment,5203.66,UPI
U083,T00097_U083,2026-09-18 05:01:00,Clinic,Healthcare,1639.28,UPI
U083,T00098_U083,2026-09-14 16:57:00,Flipkart,Shopping,2495.63,UPI
U083,T00099_U083,2026-07-02 05:40:00,Swiggy,Food,3042.04,Card
U084,T00000_U084,2026-03-15 06:40:00,Netflix,Bills,299.0,UPI
U084,T00001_U084,2026-03-22 15:55:00,Myntra,Bills,1509.95,Wallet
U084,T00002_U084,2026-01-06 05:20:00,Swiggy,Food,137.1,Wallet
U084,T00003_U084,2026-03-27 05:30:00,Myntra,Bills,2125.46,Card
U084,T00004_U084,2026-09-20 16:15:00,Uber,Travel,2328.08,UPI
U084,T00005_U084,2026-08-09 01:14:00,Flipkart,Shopping,1216.99,Card
U084,T00006_U084,2026-08-31 20:02:00,Flipkart,Food,2041.98,Card
U084,T00007_U084,2026-02-24 11:03:00,Netflix,Entertainment,456.21,Card
U084,T00008_U084,2026-01-07 16:32:00,Netflix,Bills,2072.41,UPI
U084,T00009_U084,2026-01-26 17:20:00,Netflix,Food,302.23,UPI
U084,T00010_U084,2026-03-13 20:55:00,Local Store,Bills,2299.32,UPI
U084,T00011_U084,2026-01-12 18:37:00,Clinic,Bills,2420.09,Card
U084,T00012_U084,2026-05-24 03:06:00,Amazon,Entertainment,1501.67,UPI
U084,T00013_U084,2026-05-01 12:18:00,Clinic,Bills,904.55,Card
U084,T00014_U084,2026-01-11 03:09:00,Local Store,Travel,1925.82,UPI
U084,T00015_U084,2026-05-18 07:44:00,Flipkart,Shopping,1398.35,Card
U084,T00016_U084,2026-09-09 02:21:00,Myntra,Travel,3293.86,Wallet
U084,T00017_U084,2026-06-23 21:39:00,Netflix,Bills,2027.68,UPI
U084,T00018_U084,2026-06-04 14:42:00,Clinic,Healthcare,352.41,UPI
U084,T00019_U084,2026-02-12 23:41:00,Swiggy,Healthcare,809.75,Card
U084,T00020_U084,2026-04-25 11:39:00,Myntra,Shopping,1601.24,UPI
U084,T00021_U084,2026-04-14 08:00:00,Amazon,Travel,994.85,Wallet
U084,T00022_U084,2026-08-11 13:15:00,Uber,Food,1700.1,Wallet
U084,T00023_U084,2026-08-27 01:24:00,Amazon,Food,1109.29,UPI
U084,T00024_U084,2026-02-27 22:33:00,Netflix,Bills,1568.37,Wallet
U084,T00025_U084,2026-02-28 19:09:00,Netflix,Bills,999.0,UPI
U084,T00026_U084,2026-04-30 12:41:00,Local Store,Entertainment,1079.73,UPI
U084,T00027_U084,2026-02-15 06:50:00,Uber,Entertainment,155.67,Wallet
U084,T00028_U084,2026-01-01 22:05:00,Swiggy,Bills,4162.95,UPI
U084,T00029_U084,2026-07-29 07:35:00,Amazon,Shopping,1072.59,Card
U084,T00030_U084,2026-06-27 08:58:00,Netflix,Bills,292.7,Wallet
U084,T00031_U084,2026-09-14 03:41:00,Clinic,Bills,2036.37,Card
U084,T00032_U084,2026-02-03 14:38:00,Netflix,Food,1090.34,Wallet
U084,T00033_U084,2026-01-21 20:57:00,Flipkart,Shopping,981.25,Card
U084,T00034_U084,2026-04-15 00:18:00,Uber,Bills,247.58,UPI
U084,T00035_U084,2026-01-18 00:26:00,Netflix,Bills,1569.96,Wallet
U084,T00036_U084,2026-04-21 06:59:00,Flipkart,Shopping,1054.16,UPI
U084,T00037_U084,2026-07-19 12:18:00,Flipkart,Food,1798.28,Card
U084,T00038_U084,2026-06-27 00:21:00,Swiggy,Bills,2344.83,UPI
U084,T00039_U084,2026-09-22 03:03:00,Clinic,Entertainment,547.9,Card
U084,T00040_U084,2026-07-12 11:06:00,Netflix,Food,1552.74,UPI
U084,T00041_U084,2026-07-15 10:13:00,Clinic,Healthcare,794.33,Card
U084,T00042_U084,2026-07-01 22:22:00,Flipkart,Healthcare,1934.42,Card
U084,T00043_U084,2026-08-11 12:46:00,Netflix,Healthcare,714.6,Wallet
U084,T00044_U084,2026-05-06 08:58:00,Amazon,Entertainment,2003.32,Card
U084,T00045_U084,2026-09-22 17:32:00,Amazon,Healthcare,117.34,Wallet
U084,T00046_U084,2026-07-12 22:40:00,Flipkart,Healthcare,522.01,UPI
U084,T00047_U084,2026-08-26 01:40:00,Amazon,Shopping,2099.27,Card
U084,T00048_U084,2026-08-05 04:15:00,Myntra,Healthcare,2534.95,UPI
U084,T00049_U084,2026-03-01 05:47:00,Clinic,Entertainment,2105.73,UPI
U084,T00050_U084,2026-01-16 14:32:00,Gym,Bills,999.0,Card
U084,T00051_U084,2026-01-10 01:16:00,Myntra,Healthcare,2724.54,Card
U084,T00052_U084,2026-07-30 10:31:00,Myntra,Food,1312.96,Card
U084,T00053_U084,2026-06-04 14:36:00,Netflix,Healthcare,469.76,Card
U084,T00054_U084,2026-01-10 02:53:00,Uber,Healthcare,286.94,UPI
U084,T00055_U084,2026-06-21 09:59:00,Uber,Healthcare,847.03,Wallet
U084,T00056_U084,2026-08-05 05:41:00,Netflix,Healthcare,575.85,Card
U084,T00057_U084,2026-05-07 17:57:00,Clinic,Bills,2060.05,Wallet
U084,T00058_U084,2026-04-22 18:56:00,Swiggy,Healthcare,1197.97,Card
U084,T00059_U084,2026-07-19 23:25:00,Netflix,Entertainment,3019.55,Wallet
U084,T00060_U084,2026-06-02 05:00:00,Myntra,Shopping,3826.75,Wallet
U084,T00061_U084,2026-09-10 00:25:00,Amazon,Travel,412.23,Card
U084,T00062_U084,2026-01-30 15:28:00,Flipkart,Bills,1674.31,Wallet
U084,T00063_U084,2026-08-04 23:32:00,Amazon,Food,4152.28,Card
U084,T00064_U084,2026-08-01 05:13:00,Flipkart,Bills,1845.05,UPI
U084,T00065_U084,2026-02-13 14:40:00,Myntra,Entertainment,2161.99,Card
U084,T00066_U084,2026-06-21 16:04:00,Myntra,Shopping,2003.12,UPI
U084,T00067_U084,2026-04-08 10:41:00,Myntra,Travel,2080.18,UPI
U084,T00068_U084,2026-02-12 21:53:00,Myntra,Bills,613.2,Wallet
U084,T00069_U084,2026-03-09 20:40:00,Swiggy,Food,498.57,Wallet
U084,T00070_U084,2026-04-25 01:17:00,Local Store,Healthcare,1619.61,Card
U084,T00071_U084,2026-02-18 17:59:00,Netflix,Healthcare,628.19,UPI
U084,T00072_U084,2026-02-09 10:25:00,Flipkart,Travel,876.99,Card
U084,T00073_U084,2026-04-01 23:35:00,Netflix,Entertainment,1055.6,Wallet
U084,T00074_U084,2026-05-02 07:24:00,Myntra,Travel,482.91,Wallet
U084,T00075_U084,2026-08-01 08:23:00,Spotify,Bills,299.0,Wallet
U084,T00076_U084,2026-01-25 06:08:00,Flipkart,Shopping,1141.7,Wallet
U084,T00077_U084,2026-09-20 01:29:00,Amazon,Food,2269.88,UPI
U084,T00078_U084,2026-06-21 10:31:00,Amazon,Travel,2254.48,Card
U084,T00079_U084,2026-02-21 05:06:00,Flipkart,Bills,2410.38,Wallet
U084,T00080_U084,2026-04-10 09:00:00,Amazon,Healthcare,1225.99,Wallet
U084,T00081_U084,2026-02-07 18:57:00,Uber,Travel,2485.08,Wallet
U084,T00082_U084,2026-06-25 20:23:00,Local Store,Entertainment,1868.49,Wallet
U084,T00083_U084,2026-07-12 04:22:00,Myntra,Shopping,1386.99,UPI
U084,T00084_U084,2026-03-11 01:14:00,Netflix,Travel,2520.95,Card
U084,T00085_U084,2026-03-04 20:28:00,Local Store,Travel,1751.87,Wallet
U084,T00086_U084,2026-03-30 06:00:00,Myntra,Food,1078.04,UPI
U084,T00087_U084,2026-04-29 14:05:00,Local Store,Entertainment,1685.25,Wallet
U084,T00088_U084,2026-04-09 23:51:00,Netflix,Healthcare,3833.64,Wallet
U084,T00089_U084,2026-08-20 20:47:00,Myntra,Shopping,258.55,UPI
U084,T00090_U084,2026-03-24 14:48:00,Flipkart,Food,1841.04,Card
U084,T00091_U084,2026-08-30 13:40:00,Myntra,Travel,419.49,Wallet
U084,T00092_U084,2026-03-01 23:49:00,Clinic,Food,7348.41,UPI
U084,T00093_U084,2026-02-08 01:04:00,Amazon,Food,274.54,Card
U084,T00094_U084,2026-07-20 01:03:00,Myntra,Travel,1875.78,Wallet
U084,T00095_U084,2026-06-24 12:57:00,Local Store,Entertainment,1804.16,UPI
U084,T00096_U084,2026-01-11 06:35:00,Netflix,Bills,605.34,Wallet
U084,T00097_U084,2026-04-03 04:29:00,Flipkart,Healthcare,6478.88,UPI
U084,T00098_U084,2026-03-27 10:50:00,Flipkart,Shopping,838.01,Wallet
U084,T00099_U084,2026-01-12 15:49:00,Local Store,Entertainment,956.55,Card
U085,T00000_U085,2026-07-24 10:19:00,Netflix,Bills,499.0,Card
U085,T00001_U085,2026-05-01 02:10:00,Uber,Healthcare,1815.55,Wallet
U085,T00002_U085,2026-02-03 02:25:00,Uber,Food,4287.68,UPI
U085,T00003_U085,2026-03-22 04:10:00,Myntra,Shopping,2670.69,Card
U085,T00004_U085,2026-08-21 21:50:00,Uber,Travel,1360.62,Wallet
U085,T00005_U085,2026-07-22 19:50:00,Uber,Healthcare,822.91,Card
U085,T00006_U085,2026-02-11 22:16:00,Myntra,Shopping,1610.37,UPI
U085,T00007_U085,2026-02-17 08:08:00,Swiggy,Entertainment,1251.16,UPI
U085,T00008_U085,2026-04-14 18:05:00,Flipkart,Travel,2268.47,UPI
U085,T00009_U085,2026-08-14 12:50:00,Local Store,Travel,376.63,UPI
U085,T00010_U085,2026-04-19 23:38:00,Netflix,Travel,1186.59,Wallet
U085,T00011_U085,2026-03-17 10:46:00,Amazon,Bills,2106.31,Card
U085,T00012_U085,2026-03-30 00:52:00,Clinic,Entertainment,2742.21,Wallet
U085,T00013_U085,2026-08-24 17:01:00,Flipkart,Shopping,712.78,Card
U085,T00014_U085,2026-03-24 01:45:00,Netflix,Entertainment,4275.48,Wallet
U085,T00015_U085,2026-03-01 19:05:00,Flipkart,Healthcare,1880.55,Wallet
U085,T00016_U085,2026-02-12 16:53:00,Flipkart,Healthcare,2220.05,Wallet
U085,T00017_U085,2026-06-14 00:28:00,Myntra,Shopping,2420.71,UPI
U085,T00018_U085,2026-07-05 01:25:00,Amazon,Bills,2088.98,UPI
U085,T00019_U085,2026-08-24 16:21:00,Local Store,Entertainment,486.5,Card
U085,T00020_U085,2026-07-21 05:43:00,Myntra,Entertainment,843.43,Wallet
U085,T00021_U085,2026-03-05 09:17:00,Local Store,Travel,4344.95,UPI
U085,T00022_U085,2026-05-18 18:38:00,Netflix,Entertainment,588.64,UPI
U085,T00023_U085,2026-02-05 09:16:00,Flipkart,Entertainment,966.59,Card
U085,T00024_U085,2026-05-26 10:51:00,Amazon,Food,400.27,UPI
U085,T00025_U085,2026-03-13 02:58:00,Spotify,Bills,199.0,Card
U085,T00026_U085,2026-05-06 01:35:00,Flipkart,Bills,235.07,UPI
U085,T00027_U085,2026-04-05 04:45:00,Myntra,Food,6052.2,Card
U085,T00028_U085,2026-08-07 13:58:00,Clinic,Bills,209.51,Wallet
U085,T00029_U085,2026-07-26 16:12:00,Myntra,Healthcare,1426.47,Card
U085,T00030_U085,2026-07-29 14:18:00,Swiggy,Food,2851.99,Wallet
U085,T00031_U085,2026-09-04 15:14:00,Uber,Travel,2280.42,Card
U085,T00032_U085,2026-06-29 18:01:00,Amazon,Healthcare,602.72,Card
U085,T00033_U085,2026-04-07 01:07:00,Amazon,Shopping,998.36,Card
U085,T00034_U085,2026-05-13 12:27:00,Flipkart,Bills,1216.02,Card
U085,T00035_U085,2026-09-01 20:21:00,Uber,Entertainment,1090.81,UPI
U085,T00036_U085,2026-05-18 16:11:00,Flipkart,Shopping,277.7,Card
U085,T00037_U085,2026-06-19 22:31:00,Myntra,Shopping,2235.37,Card
U085,T00038_U085,2026-06-13 07:10:00,Local Store,Food,2045.13,Wallet
U085,T00039_U085,2026-06-16 11:20:00,Myntra,Food,1030.02,Wallet
U085,T00040_U085,2026-05-26 11:00:00,Flipkart,Travel,1845.44,UPI
U085,T00041_U085,2026-08-25 05:09:00,Uber,Bills,1976.11,Wallet
U085,T00042_U085,2026-04-13 18:09:00,Local Store,Healthcare,2203.57,Wallet
U085,T00043_U085,2026-09-28 00:06:00,Local Store,Food,3902.27,Wallet
U085,T00044_U085,2026-04-03 16:22:00,Uber,Travel,2282.32,UPI
U085,T00045_U085,2026-04-19 23:27:00,Uber,Food,3571.71,Card
U085,T00046_U085,2026-04-30 20:28:00,Clinic,Food,2605.42,Card
U085,T00047_U085,2026-03-13 00:02:00,Netflix,Healthcare,353.06,Card
U085,T00048_U085,2026-01-03 14:36:00,Flipkart,Bills,2401.42,Wallet
U085,T00049_U085,2026-09-20 02:03:00,Netflix,Travel,2645.24,Wallet
U085,T00050_U085,2026-01-13 23:22:00,Gym,Bills,499.0,Wallet
U085,T00051_U085,2026-01-23 09:06:00,Clinic,Travel,2422.8,Card
U085,T00052_U085,2026-01-04 21:32:00,Clinic,Bills,2111.45,Card
U085,T00053_U085,2026-02-09 10:44:00,Myntra,Entertainment,421.12,UPI
U085,T00054_U085,2026-04-13 14:40:00,Swiggy,Bills,1608.53,Card
U085,T00055_U085,2026-09-26 09:43:00,Uber,Food,1777.05,Card
U085,T00056_U085,2026-05-01 07:00:00,Uber,Bills,2107.33,UPI
U085,T00057_U085,2026-06-06 03:57:00,Myntra,Travel,3344.83,Card
U085,T00058_U085,2026-03-12 14:56:00,Clinic,Entertainment,2071.4,Card
U085,T00059_U085,2026-05-23 03:27:00,Flipkart,Travel,2551.3,Card
U085,T00060_U085,2026-07-12 14:35:00,Local Store,Travel,594.34,Card
U085,T00061_U085,2026-02-21 12:18:00,Flipkart,Shopping,263.35,UPI
U085,T00062_U085,2026-02-18 12:51:00,Netflix,Bills,1510.37,Card
U085,T00063_U085,2026-03-12 09:04:00,Amazon,Entertainment,1132.67,Card
U085,T00064_U085,2026-06-04 15:35:00,Flipkart,Shopping,1505.04,Wallet
U085,T00065_U085,2026-04-15 05:20:00,Swiggy,Food,394.14,UPI
U085,T00066_U085,2026-01-14 05:42:00,Flipkart,Bills,1764.7,Card
U085,T00067_U085,2026-02-04 08:04:00,Amazon,Food,411.07,UPI
U085,T00068_U085,2026-08-21 09:29:00,Amazon,Travel,2488.6,Wallet
U085,T00069_U085,2026-09-01 18:27:00,Uber,Food,3008.37,Wallet
U085,T00070_U085,2026-01-29 05:47:00,Myntra,Food,1323.46,Wallet
U085,T00071_U085,2026-03-20 08:54:00,Swiggy,Entertainment,1321.42,UPI
U085,T00072_U085,2026-09-13 01:37:00,Myntra,Shopping,2214.61,Card
U085,T00073_U085,2026-04-09 13:44:00,Myntra,Travel,892.17,UPI
U085,T00074_U085,2026-06-08 21:29:00,Myntra,Food,1026.81,UPI
U085,T00075_U085,2026-06-13 21:18:00,Spotify,Bills,199.0,Card
U085,T00076_U085,2026-03-31 18:29:00,Flipkart,Shopping,3603.29,UPI
U085,T00077_U085,2026-09-25 20:28:00,Local Store,Food,2360.81,UPI
U085,T00078_U085,2026-04-17 09:48:00,Uber,Healthcare,940.97,Wallet
U085,T00079_U085,2026-08-14 11:55:00,Myntra,Food,1466.98,Wallet
U085,T00080_U085,2026-01-11 22:12:00,Netflix,Bills,1034.52,Wallet
U085,T00081_U085,2026-09-14 01:08:00,Uber,Bills,1347.29,UPI
U085,T00082_U085,2026-08-19 16:12:00,Myntra,Entertainment,1681.65,Wallet
U085,T00083_U085,2026-05-22 19:57:00,Amazon,Travel,1743.16,Wallet
U085,T00084_U085,2026-05-31 14:38:00,Uber,Food,1150.16,Card
U085,T00085_U085,2026-05-01 15:40:00,Myntra,Bills,1816.3,Card
U085,T00086_U085,2026-01-11 17:49:00,Amazon,Shopping,1740.3,UPI
U085,T00087_U085,2026-01-09 00:43:00,Myntra,Healthcare,2251.19,Card
U085,T00088_U085,2026-09-04 23:50:00,Myntra,Bills,3798.53,UPI
U085,T00089_U085,2026-01-03 19:09:00,Flipkart,Shopping,3094.34,Wallet
U085,T00090_U085,2026-02-22 12:39:00,Flipkart,Food,2007.65,Card
U085,T00091_U085,2026-04-22 05:45:00,Amazon,Shopping,499.41,UPI
U085,T00092_U085,2026-06-06 08:08:00,Amazon,Travel,2256.67,Card
U085,T00093_U085,2026-01-30 16:13:00,Amazon,Bills,1161.07,Wallet
U085,T00094_U085,2026-05-19 17:42:00,Amazon,Shopping,615.07,UPI
U085,T00095_U085,2026-04-01 16:46:00,Local Store,Travel,3800.09,UPI
U085,T00096_U085,2026-08-16 02:02:00,Amazon,Bills,2675.3,UPI
U085,T00097_U085,2026-02-26 07:41:00,Flipkart,Shopping,2348.25,Card
U085,T00098_U085,2026-04-02 02:49:00,Netflix,Travel,4021.93,UPI
U085,T00099_U085,2026-03-21 15:01:00,Swiggy,Healthcare,2195.9,Wallet
U086,T00000_U086,2026-09-10 08:49:00,Amazon Prime,Bills,999.0,UPI
U086,T00001_U086,2026-01-17 06:31:00,Netflix,Travel,1654.6,Wallet
U086,T00002_U086,2026-04-19 14:53:00,Flipkart,Travel,448.14,UPI
U086,T00003_U086,2026-01-27 12:42:00,Flipkart,Food,104.73,Card
U086,T00004_U086,2026-09-07 07:27:00,Local Store,Healthcare,1259.16,Card
U086,T00005_U086,2026-09-17 11:37:00,Clinic,Bills,2271.55,UPI
U086,T00006_U086,2026-06-12 14:53:00,Amazon,Shopping,658.27,Wallet
U086,T00007_U086,2026-04-19 15:49:00,Swiggy,Bills,542.43,Wallet
U086,T00008_U086,2026-05-30 21:03:00,Local Store,Travel,2184.47,Card
U086,T00009_U086,2026-07-14 03:39:00,Amazon,Shopping,4049.38,UPI
U086,T00010_U086,2026-01-23 14:38:00,Local Store,Healthcare,471.39,Wallet
U086,T00011_U086,2026-01-19 18:51:00,Netflix,Bills,479.85,Card
U086,T00012_U086,2026-03-10 14:20:00,Amazon,Entertainment,2188.18,Wallet
U086,T00013_U086,2026-05-06 14:09:00,Amazon,Food,1242.18,Wallet
U086,T00014_U086,2026-01-12 02:07:00,Netflix,Entertainment,2174.69,Card
U086,T00015_U086,2026-08-21 14:55:00,Clinic,Travel,694.71,UPI
U086,T00016_U086,2026-01-23 13:29:00,Uber,Healthcare,2179.6,Card
U086,T00017_U086,2026-09-18 18:02:00,Clinic,Healthcare,2378.07,Wallet
U086,T00018_U086,2026-07-24 15:40:00,Swiggy,Entertainment,664.1,UPI
U086,T00019_U086,2026-05-27 18:54:00,Flipkart,Shopping,1718.82,UPI
U086,T00020_U086,2026-01-05 17:13:00,Amazon,Shopping,633.75,Card
U086,T00021_U086,2026-06-10 21:01:00,Amazon,Shopping,231.45,Wallet
U086,T00022_U086,2026-01-06 06:48:00,Uber,Travel,593.91,UPI
U086,T00023_U086,2026-08-14 23:14:00,Myntra,Food,3503.73,Wallet
U086,T00024_U086,2026-01-15 08:35:00,Amazon,Bills,1950.77,Wallet
U086,T00025_U086,2026-09-13 22:23:00,Spotify,Bills,299.0,Card
U086,T00026_U086,2026-09-26 01:39:00,Myntra,Bills,2880.07,Wallet
U086,T00027_U086,2026-07-22 06:55:00,Amazon,Bills,1609.78,Card
U086,T00028_U086,2026-04-02 00:17:00,Clinic,Entertainment,4847.28,UPI
U086,T00029_U086,2026-02-02 12:37:00,Uber,Food,2231.15,Card
U086,T00030_U086,2026-07-14 22:39:00,Local Store,Bills,2132.16,Card
U086,T00031_U086,2026-05-20 08:37:00,Amazon,Food,1409.7,UPI
U086,T00032_U086,2026-01-22 03:21:00,Myntra,Travel,2059.55,Card
U086,T00033_U086,2026-06-21 14:14:00,Amazon,Food,2480.54,Wallet
U086,T00034_U086,2026-01-24 16:31:00,Amazon,Shopping,1307.59,UPI
U086,T00035_U086,2026-01-09 04:10:00,Clinic,Healthcare,4063.95,UPI
U086,T00036_U086,2026-09-06 22:58:00,Myntra,Travel,375.13,Card
U086,T00037_U086,2026-03-28 15:49:00,Myntra,Healthcare,1285.43,Wallet
U086,T00038_U086,2026-05-17 07:18:00,Local Store,Food,1020.9,UPI
U086,T00039_U086,2026-03-23 13:29:00,Netflix,Entertainment,2007.1,Card
U086,T00040_U086,2026-03-09 14:28:00,Amazon,Entertainment,1668.37,Wallet
U086,T00041_U086,2026-05-21 13:01:00,Flipkart,Travel,1785.89,Card
U086,T00042_U086,2026-07-21 23:21:00,Clinic,Healthcare,1284.87,UPI
U086,T00043_U086,2026-07-15 17:14:00,Local Store,Travel,1975.1,Wallet
U086,T00044_U086,2026-09-16 15:06:00,Uber,Entertainment,1915.94,Card
U086,T00045_U086,2026-03-23 19:08:00,Amazon,Bills,1931.88,Card
U086,T00046_U086,2026-04-09 12:49:00,Netflix,Food,679.44,Wallet
U086,T00047_U086,2026-01-02 17:58:00,Amazon,Food,2409.35,Card
U086,T00048_U086,2026-08-30 17:15:00,Myntra,Food,2531.71,Wallet
U086,T00049_U086,2026-05-09 02:37:00,Clinic,Bills,1959.9,UPI
U086,T00050_U086,2026-04-06 10:03:00,Spotify,Bills,299.0,UPI
U086,T00051_U086,2026-09-01 08:41:00,Netflix,Travel,1291.96,Wallet
U086,T00052_U086,2026-05-26 09:58:00,Myntra,Entertainment,1164.85,Card
U086,T00053_U086,2026-03-31 09:18:00,Clinic,Entertainment,2916.22,Card
U086,T00054_U086,2026-01-13 13:59:00,Local Store,Entertainment,1178.45,Wallet
U086,T00055_U086,2026-05-14 04:55:00,Local Store,Food,557.19,Wallet
U086,T00056_U086,2026-03-26 06:28:00,Amazon,Entertainment,2073.26,UPI
U086,T00057_U086,2026-06-12 23:38:00,Myntra,Shopping,2057.75,Wallet
U086,T00058_U086,2026-01-15 19:04:00,Amazon,Shopping,522.83,UPI
U086,T00059_U086,2026-07-27 06:20:00,Amazon,Healthcare,976.82,Card
U086,T00060_U086,2026-02-08 01:11:00,Myntra,Entertainment,675.74,Wallet
U086,T00061_U086,2026-02-22 19:12:00,Flipkart,Shopping,1106.3,Card
U086,T00062_U086,2026-05-29 07:31:00,Myntra,Healthcare,2712.76,Wallet
U086,T00063_U086,2026-05-11 00:46:00,Myntra,Food,1511.15,UPI
U086,T00064_U086,2026-01-23 08:15:00,Amazon,Shopping,1450.03,Wallet
U086,T00065_U086,2026-03-22 16:48:00,Amazon,Healthcare,468.36,Card
U086,T00066_U086,2026-07-23 21:26:00,Clinic,Entertainment,1331.37,UPI
U086,T00067_U086,2026-04-09 03:31:00,Myntra,Shopping,336.59,Card
U086,T00068_U086,2026-02-11 06:31:00,Uber,Entertainment,1373.07,Card
U086,T00069_U086,2026-02-22 22:38:00,Local Store,Healthcare,1287.2,Wallet
U086,T00070_U086,2026-02-21 17:18:00,Amazon,Travel,1596.76,UPI
U086,T00071_U086,2026-09-18 23:17:00,Local Store,Bills,1554.48,Card
U086,T00072_U086,2026-02-16 18:16:00,Netflix,Food,2346.71,Wallet
U086,T00073_U086,2026-05-29 21:22:00,Flipkart,Healthcare,2195.74,UPI
U086,T00074_U086,2026-01-25 14:23:00,Flipkart,Shopping,1798.8,Wallet
U086,T00075_U086,2026-08-31 05:08:00,Amazon Prime,Bills,199.0,UPI
U086,T00076_U086,2026-03-31 10:39:00,Amazon,Shopping,3224.18,Card
U086,T00077_U086,2026-03-28 11:17:00,Netflix,Travel,3961.77,UPI
U086,T00078_U086,2026-01-07 14:36:00,Myntra,Travel,892.7,Card
U086,T00079_U086,2026-08-29 14:09:00,Amazon,Shopping,1842.27,Wallet
U086,T00080_U086,2026-01-06 14:20:00,Local Store,Food,583.75,UPI
U086,T00081_U086,2026-07-25 13:11:00,Clinic,Entertainment,1591.65,Card
U086,T00082_U086,2026-01-07 19:44:00,Swiggy,Bills,1201.57,Card
U086,T00083_U086,2026-03-11 05:39:00,Amazon,Healthcare,1298.88,Card
U086,T00084_U086,2026-01-08 06:25:00,Uber,Food,1622.6,Card
U086,T00085_U086,2026-06-05 08:01:00,Myntra,Healthcare,2949.92,Wallet
U086,T00086_U086,2026-07-05 12:21:00,Netflix,Food,2698.09,Card
U086,T00087_U086,2026-02-06 20:17:00,Myntra,Bills,2038.9,Wallet
U086,T00088_U086,2026-04-25 10:45:00,Swiggy,Entertainment,1801.79,UPI
U086,T00089_U086,2026-04-30 11:57:00,Amazon,Food,3076.4,Wallet
U086,T00090_U086,2026-07-27 06:26:00,Flipkart,Bills,2321.47,Wallet
U086,T00091_U086,2026-01-24 11:34:00,Local Store,Travel,2412.61,Card
U086,T00092_U086,2026-01-04 21:50:00,Flipkart,Travel,1599.23,Card
U086,T00093_U086,2026-07-11 19:12:00,Clinic,Food,485.2,UPI
U086,T00094_U086,2026-01-18 17:43:00,Netflix,Travel,1052.9,Wallet
U086,T00095_U086,2026-02-09 08:28:00,Local Store,Healthcare,349.57,UPI
U086,T00096_U086,2026-08-04 10:03:00,Clinic,Bills,1415.73,Card
U086,T00097_U086,2026-04-10 15:37:00,Clinic,Bills,2486.29,Wallet
U086,T00098_U086,2026-02-11 13:45:00,Swiggy,Entertainment,1597.33,Card
U086,T00099_U086,2026-02-09 03:36:00,Clinic,Bills,1031.16,Card
U087,T00000_U087,2026-04-10 05:05:00,Amazon Prime,Bills,499.0,Card
U087,T00001_U087,2026-08-25 09:57:00,Clinic,Entertainment,156.04,UPI
U087,T00002_U087,2026-09-24 20:50:00,Netflix,Travel,1425.08,Wallet
U087,T00003_U087,2026-04-08 09:34:00,Local Store,Travel,780.59,Wallet
U087,T00004_U087,2026-04-29 05:54:00,Netflix,Entertainment,1661.86,UPI
U087,T00005_U087,2026-06-14 13:23:00,Amazon,Shopping,1189.46,Wallet
U087,T00006_U087,2026-06-26 12:10:00,Local Store,Entertainment,2230.59,Wallet
U087,T00007_U087,2026-02-11 17:03:00,Myntra,Travel,1181.43,Wallet
U087,T00008_U087,2026-03-18 00:02:00,Netflix,Bills,901.42,UPI
U087,T00009_U087,2026-08-05 23:48:00,Local Store,Travel,530.04,Card
U087,T00010_U087,2026-04-13 05:15:00,Netflix,Entertainment,889.47,Wallet
U087,T00011_U087,2026-04-18 16:33:00,Amazon,Shopping,644.17,Card
U087,T00012_U087,2026-05-08 20:09:00,Uber,Travel,1326.92,Wallet
U087,T00013_U087,2026-03-26 16:51:00,Myntra,Healthcare,1888.82,Card
U087,T00014_U087,2026-08-08 13:20:00,Myntra,Shopping,1299.99,Wallet
U087,T00015_U087,2026-02-14 01:36:00,Swiggy,Food,684.76,UPI
U087,T00016_U087,2026-01-01 01:01:00,Myntra,Shopping,4875.8,Wallet
U087,T00017_U087,2026-01-07 16:45:00,Local Store,Bills,2010.78,Card
U087,T00018_U087,2026-02-05 12:09:00,Clinic,Entertainment,2905.23,UPI
U087,T00019_U087,2026-06-01 05:22:00,Amazon,Food,869.52,Wallet
U087,T00020_U087,2026-03-01 11:12:00,Flipkart,Travel,2378.55,UPI
U087,T00021_U087,2026-09-04 02:37:00,Local Store,Entertainment,4959.98,Card
U087,T00022_U087,2026-03-11 19:48:00,Amazon,Shopping,1373.25,Wallet
U087,T00023_U087,2026-01-25 15:56:00,Swiggy,Healthcare,377.38,Card
U087,T00024_U087,2026-05-31 09:25:00,Flipkart,Food,1335.04,Card
U087,T00025_U087,2026-05-16 18:07:00,Spotify,Bills,199.0,UPI
U087,T00026_U087,2026-04-15 07:07:00,Flipkart,Travel,754.5,Card
U087,T00027_U087,2026-07-13 05:06:00,Uber,Entertainment,271.62,UPI
U087,T00028_U087,2026-04-24 14:22:00,Uber,Food,355.47,Card
U087,T00029_U087,2026-07-29 22:24:00,Myntra,Bills,3115.84,Wallet
U087,T00030_U087,2026-08-21 21:55:00,Myntra,Shopping,1168.61,UPI
U087,T00031_U087,2026-03-23 16:18:00,Local Store,Healthcare,617.07,Card
U087,T00032_U087,2026-07-07 11:41:00,Swiggy,Healthcare,263.26,UPI
U087,T00033_U087,2026-02-11 08:59:00,Netflix,Healthcare,410.05,UPI
U087,T00034_U087,2026-06-22 18:23:00,Flipkart,Shopping,301.56,Card
U087,T00035_U087,2026-07-06 08:36:00,Clinic,Healthcare,239.4,Wallet
U087,T00036_U087,2026-05-29 08:23:00,Amazon,Healthcare,953.75,UPI
U087,T00037_U087,2026-01-03 04:02:00,Flipkart,Healthcare,2500.83,Card
U087,T00038_U087,2026-02-07 07:53:00,Local Store,Healthcare,153.21,Card
U087,T00039_U087,2026-03-09 02:09:00,Swiggy,Food,251.17,Card
U087,T00040_U087,2026-08-30 11:09:00,Swiggy,Food,3655.29,Wallet
U087,T00041_U087,2026-08-09 10:19:00,Myntra,Shopping,1726.5,Wallet
U087,T00042_U087,2026-08-10 22:33:00,Myntra,Entertainment,538.75,Wallet
U087,T00043_U087,2026-01-29 23:41:00,Uber,Travel,1155.77,Card
U087,T00044_U087,2026-07-15 15:13:00,Myntra,Bills,1588.13,Wallet
U087,T00045_U087,2026-07-30 18:53:00,Clinic,Food,4618.8,Card
U087,T00046_U087,2026-09-22 20:31:00,Flipkart,Shopping,902.6,Wallet
U087,T00047_U087,2026-04-07 17:40:00,Netflix,Bills,298.29,Card
U087,T00048_U087,2026-03-13 01:19:00,Clinic,Entertainment,204.63,UPI
U087,T00049_U087,2026-01-04 21:28:00,Myntra,Entertainment,1691.52,UPI
U087,T00050_U087,2026-07-05 10:13:00,Spotify,Bills,299.0,UPI
U087,T00051_U087,2026-07-22 05:55:00,Amazon,Shopping,240.12,Card
U087,T00052_U087,2026-04-18 14:15:00,Myntra,Healthcare,2248.91,UPI
U087,T00053_U087,2026-01-02 02:16:00,Uber,Entertainment,2741.16,UPI
U087,T00054_U087,2026-05-08 16:03:00,Netflix,Bills,1875.15,UPI
U087,T00055_U087,2026-06-11 22:10:00,Flipkart,Food,1503.57,UPI
U087,T00056_U087,2026-01-23 03:44:00,Uber,Food,2394.66,UPI
U087,T00057_U087,2026-07-06 01:37:00,Swiggy,Bills,3116.57,UPI
U087,T00058_U087,2026-05-11 01:42:00,Local Store,Bills,2017.8,Wallet
U087,T00059_U087,2026-09-04 12:32:00,Local Store,Travel,1611.46,Card
U087,T00060_U087,2026-03-21 05:22:00,Flipkart,Shopping,1155.63,Card
U087,T00061_U087,2026-08-28 10:23:00,Local Store,Healthcare,4045.89,Card
U087,T00062_U087,2026-03-14 18:11:00,Clinic,Entertainment,919.06,UPI
U087,T00063_U087,2026-04-18 04:51:00,Myntra,Travel,3017.76,Card
U087,T00064_U087,2026-05-24 04:54:00,Flipkart,Shopping,433.42,Card
U087,T00065_U087,2026-03-31 06:32:00,Uber,Food,2436.5,Wallet
U087,T00066_U087,2026-05-28 05:47:00,Flipkart,Food,2652.93,Card
U087,T00067_U087,2026-08-19 19:14:00,Myntra,Food,708.28,Card
U087,T00068_U087,2026-05-06 16:24:00,Flipkart,Healthcare,1000.04,UPI
U087,T00069_U087,2026-02-04 15:21:00,Netflix,Healthcare,1052.83,UPI
U087,T00070_U087,2026-06-02 15:29:00,Local Store,Healthcare,1181.83,Wallet
U087,T00071_U087,2026-08-11 10:34:00,Myntra,Travel,1189.69,Card
U087,T00072_U087,2026-07-02 09:59:00,Local Store,Healthcare,4153.15,Wallet
U087,T00073_U087,2026-02-04 11:43:00,Clinic,Healthcare,765.27,UPI
U087,T00074_U087,2026-09-09 16:59:00,Amazon,Travel,2307.34,Wallet
U087,T00075_U087,2026-06-09 20:55:00,Gym,Bills,199.0,Wallet
U087,T00076_U087,2026-01-11 14:20:00,Netflix,Food,1049.99,UPI
U087,T00077_U087,2026-06-27 11:23:00,Swiggy,Food,1284.95,Card
U087,T00078_U087,2026-03-04 17:33:00,Local Store,Entertainment,2824.25,Wallet
U087,T00079_U087,2026-09-28 19:01:00,Clinic,Food,436.74,UPI
U087,T00080_U087,2026-08-22 00:52:00,Myntra,Food,3225.98,Wallet
U087,T00081_U087,2026-03-01 11:48:00,Myntra,Entertainment,2332.08,UPI
U087,T00082_U087,2026-07-19 01:23:00,Amazon,Healthcare,2720.11,Card
U087,T00083_U087,2026-08-02 19:00:00,Uber,Travel,1253.71,Card
U087,T00084_U087,2026-03-06 23:49:00,Uber,Food,2090.8,Wallet
U087,T00085_U087,2026-01-01 22:08:00,Flipkart,Healthcare,909.82,UPI
U087,T00086_U087,2026-08-31 07:08:00,Clinic,Travel,1822.68,UPI
U087,T00087_U087,2026-04-03 07:51:00,Flipkart,Food,3479.79,Wallet
U087,T00088_U087,2026-02-01 10:26:00,Uber,Healthcare,3261.93,UPI
U087,T00089_U087,2026-08-15 04:49:00,Swiggy,Food,2138.83,Card
U087,T00090_U087,2026-04-18 02:50:00,Local Store,Food,3107.41,UPI
U087,T00091_U087,2026-02-04 18:34:00,Flipkart,Entertainment,1640.51,Card
U087,T00092_U087,2026-06-01 11:39:00,Amazon,Shopping,1947.41,UPI
U087,T00093_U087,2026-07-03 09:57:00,Swiggy,Entertainment,3991.04,Card
U087,T00094_U087,2026-04-09 08:52:00,Flipkart,Food,958.91,UPI
U087,T00095_U087,2026-06-25 08:44:00,Clinic,Food,2256.2,Card
U087,T00096_U087,2026-05-11 15:07:00,Local Store,Healthcare,1760.33,Wallet
U087,T00097_U087,2026-05-19 06:26:00,Amazon,Bills,554.69,Card
U087,T00098_U087,2026-06-20 07:48:00,Uber,Bills,1426.74,UPI
U087,T00099_U087,2026-08-28 04:49:00,Clinic,Food,5858.93,Card
U088,T00000_U088,2026-09-23 08:21:00,Spotify,Bills,299.0,Card
U088,T00001_U088,2026-09-05 12:43:00,Myntra,Food,655.5,Card
U088,T00002_U088,2026-08-11 15:08:00,Myntra,Travel,1176.94,UPI
U088,T00003_U088,2026-05-26 08:57:00,Netflix,Travel,2233.21,UPI
U088,T00004_U088,2026-01-20 12:28:00,Uber,Entertainment,1637.63,UPI
U088,T00005_U088,2026-01-04 17:12:00,Local Store,Food,853.71,UPI
U088,T00006_U088,2026-09-08 03:01:00,Uber,Healthcare,706.92,Wallet
U088,T00007_U088,2026-06-27 08:11:00,Myntra,Shopping,2460.3,UPI
U088,T00008_U088,2026-05-13 18:54:00,Myntra,Entertainment,2446.32,Wallet
U088,T00009_U088,2026-08-03 16:39:00,Flipkart,Bills,955.45,UPI
U088,T00010_U088,2026-06-22 00:11:00,Myntra,Shopping,3004.82,Wallet
U088,T00011_U088,2026-01-04 06:14:00,Uber,Bills,1650.84,Card
U088,T00012_U088,2026-01-05 10:33:00,Clinic,Entertainment,2424.97,UPI
U088,T00013_U088,2026-02-12 21:56:00,Myntra,Healthcare,2449.32,UPI
U088,T00014_U088,2026-01-18 23:19:00,Myntra,Food,1095.28,UPI
U088,T00015_U088,2026-01-25 06:14:00,Clinic,Healthcare,1637.41,Wallet
U088,T00016_U088,2026-06-04 11:58:00,Amazon,Shopping,3863.79,UPI
U088,T00017_U088,2026-06-10 21:46:00,Flipkart,Entertainment,1403.29,Card
U088,T00018_U088,2026-07-13 13:36:00,Flipkart,Travel,1077.04,Card
U088,T00019_U088,2026-09-17 12:46:00,Uber,Bills,1579.2,Wallet
U088,T00020_U088,2026-09-03 17:44:00,Amazon,Travel,3739.04,Card
U088,T00021_U088,2026-05-31 10:46:00,Flipkart,Travel,2970.32,Card
U088,T00022_U088,2026-09-12 06:31:00,Uber,Travel,2192.06,UPI
U088,T00023_U088,2026-04-18 02:32:00,Local Store,Healthcare,637.39,Card
U088,T00024_U088,2026-04-28 07:52:00,Myntra,Travel,3702.43,Wallet
U088,T00025_U088,2026-02-11 03:21:00,Gym,Bills,999.0,UPI
U088,T00026_U088,2026-07-02 21:16:00,Amazon,Healthcare,468.97,Wallet
U088,T00027_U088,2026-05-14 01:55:00,Netflix,Entertainment,2943.32,Card
U088,T00028_U088,2026-06-30 03:11:00,Clinic,Entertainment,5145.89,Wallet
U088,T00029_U088,2026-01-09 14:22:00,Flipkart,Shopping,343.27,UPI
U088,T00030_U088,2026-05-14 11:26:00,Flipkart,Shopping,630.47,Wallet
U088,T00031_U088,2026-06-16 13:54:00,Amazon,Travel,903.17,Wallet
U088,T00032_U088,2026-03-20 04:45:00,Myntra,Shopping,2732.75,Card
U088,T00033_U088,2026-01-19 10:36:00,Clinic,Entertainment,1079.89,Wallet
U088,T00034_U088,2026-07-06 21:48:00,Amazon,Entertainment,502.65,Wallet
U088,T00035_U088,2026-04-22 07:49:00,Uber,Travel,334.29,Card
U088,T00036_U088,2026-09-06 18:53:00,Flipkart,Entertainment,1322.2,UPI
U088,T00037_U088,2026-07-10 21:10:00,Amazon,Bills,2037.85,Wallet
U088,T00038_U088,2026-04-25 15:13:00,Myntra,Travel,1571.5,Wallet
U088,T00039_U088,2026-04-26 02:48:00,Amazon,Healthcare,2822.57,Wallet
U088,T00040_U088,2026-08-04 14:44:00,Uber,Travel,3068.12,Card
U088,T00041_U088,2026-09-27 14:12:00,Flipkart,Shopping,1198.03,UPI
U088,T00042_U088,2026-02-19 12:39:00,Uber,Travel,2109.11,Wallet
U088,T00043_U088,2026-03-15 12:48:00,Clinic,Bills,2360.96,Wallet
U088,T00044_U088,2026-02-12 16:45:00,Swiggy,Entertainment,1812.41,Card
U088,T00045_U088,2026-04-27 23:36:00,Clinic,Bills,1243.81,Card
U088,T00046_U088,2026-05-20 02:36:00,Uber,Food,2895.89,Wallet
U088,T00047_U088,2026-06-13 21:50:00,Amazon,Food,2296.33,Card
U088,T00048_U088,2026-03-28 12:05:00,Myntra,Travel,684.97,UPI
U088,T00049_U088,2026-06-01 11:05:00,Flipkart,Shopping,1986.0,Wallet
U088,T00050_U088,2026-04-22 20:29:00,Spotify,Bills,499.0,Card
U088,T00051_U088,2026-05-22 07:58:00,Amazon,Food,188.89,Card
U088,T00052_U088,2026-04-02 08:25:00,Amazon,Food,4401.48,Wallet
U088,T00053_U088,2026-07-03 08:42:00,Clinic,Healthcare,3439.82,UPI
U088,T00054_U088,2026-02-21 20:21:00,Amazon,Food,118.91,Card
U088,T00055_U088,2026-08-12 14:53:00,Uber,Food,2328.22,UPI
U088,T00056_U088,2026-07-03 21:28:00,Swiggy,Bills,3548.42,Wallet
U088,T00057_U088,2026-01-24 12:17:00,Myntra,Shopping,633.31,Wallet
U088,T00058_U088,2026-09-14 08:51:00,Clinic,Bills,1056.17,Wallet
U088,T00059_U088,2026-02-10 17:45:00,Uber,Entertainment,2418.48,Wallet
U088,T00060_U088,2026-05-25 02:11:00,Myntra,Food,1005.39,UPI
U088,T00061_U088,2026-06-29 19:57:00,Flipkart,Healthcare,2365.71,Card
U088,T00062_U088,2026-03-16 14:09:00,Myntra,Shopping,434.17,Wallet
U088,T00063_U088,2026-04-18 12:05:00,Flipkart,Food,2130.66,Wallet
U088,T00064_U088,2026-08-31 01:45:00,Clinic,Travel,788.03,Wallet
U088,T00065_U088,2026-09-17 08:31:00,Netflix,Healthcare,2299.04,Wallet
U088,T00066_U088,2026-09-10 01:47:00,Local Store,Food,841.87,Card
U088,T00067_U088,2026-05-24 16:15:00,Netflix,Bills,1071.83,UPI
U088,T00068_U088,2026-03-04 13:51:00,Netflix,Entertainment,2585.34,Card
U088,T00069_U088,2026-08-14 16:38:00,Flipkart,Travel,1859.96,Card
U088,T00070_U088,2026-08-19 10:51:00,Flipkart,Shopping,198.88,Card
U088,T00071_U088,2026-02-08 19:36:00,Flipkart,Bills,402.13,Wallet
U088,T00072_U088,2026-01-12 07:50:00,Local Store,Bills,2462.41,Wallet
U088,T00073_U088,2026-07-10 23:28:00,Uber,Healthcare,4203.52,Wallet
U088,T00074_U088,2026-04-07 12:34:00,Amazon,Shopping,1867.61,Wallet
U088,T00075_U088,2026-04-22 14:05:00,Amazon Prime,Bills,199.0,Card
U088,T00076_U088,2026-05-26 12:50:00,Myntra,Food,194.34,Card
U088,T00077_U088,2026-06-22 09:20:00,Netflix,Entertainment,1141.85,UPI
U088,T00078_U088,2026-07-17 23:48:00,Flipkart,Shopping,905.63,UPI
U088,T00079_U088,2026-04-17 19:09:00,Myntra,Healthcare,2222.9,UPI
U088,T00080_U088,2026-01-30 09:48:00,Flipkart,Shopping,376.05,Wallet
U088,T00081_U088,2026-04-06 00:19:00,Clinic,Healthcare,2323.41,UPI
U088,T00082_U088,2026-09-13 23:02:00,Myntra,Food,875.77,Card
U088,T00083_U088,2026-04-22 23:31:00,Clinic,Healthcare,2417.21,UPI
U088,T00084_U088,2026-02-11 05:38:00,Amazon,Shopping,1585.81,UPI
U088,T00085_U088,2026-04-30 06:28:00,Uber,Food,1375.12,Card
U088,T00086_U088,2026-01-04 21:35:00,Swiggy,Travel,4518.2,Wallet
U088,T00087_U088,2026-06-01 19:40:00,Amazon,Food,4135.13,Wallet
U088,T00088_U088,2026-03-10 06:55:00,Local Store,Entertainment,1896.75,Wallet
U088,T00089_U088,2026-05-03 17:53:00,Flipkart,Shopping,1836.89,UPI
U088,T00090_U088,2026-01-10 22:43:00,Amazon,Shopping,1449.0,Card
U088,T00091_U088,2026-08-22 23:49:00,Amazon,Shopping,430.37,Card
U088,T00092_U088,2026-09-13 21:26:00,Uber,Food,2224.52,Card
U088,T00093_U088,2026-02-14 21:46:00,Amazon,Travel,1312.3,Wallet
U088,T00094_U088,2026-02-08 00:25:00,Uber,Healthcare,2034.78,Wallet
U088,T00095_U088,2026-04-05 05:59:00,Flipkart,Shopping,2996.7,Wallet
U088,T00096_U088,2026-06-25 22:43:00,Flipkart,Bills,1646.2,UPI
U088,T00097_U088,2026-01-22 02:58:00,Amazon,Food,3310.56,UPI
U088,T00098_U088,2026-03-17 23:51:00,Flipkart,Shopping,1326.97,UPI
U088,T00099_U088,2026-01-18 02:39:00,Uber,Travel,577.69,Wallet
U089,T00000_U089,2026-04-15 09:48:00,Spotify,Bills,999.0,Card
U089,T00001_U089,2026-03-12 08:38:00,Amazon,Travel,2037.71,Wallet
U089,T00002_U089,2026-06-19 17:16:00,Clinic,Entertainment,203.99,UPI
U089,T00003_U089,2026-03-08 16:42:00,Flipkart,Healthcare,295.82,Wallet
U089,T00004_U089,2026-02-03 11:28:00,Amazon,Food,214.88,Wallet
U089,T00005_U089,2026-08-16 18:45:00,Amazon,Shopping,2426.51,UPI
U089,T00006_U089,2026-03-20 09:09:00,Swiggy,Travel,872.86,Wallet
U089,T00007_U089,2026-07-19 06:06:00,Local Store,Food,1930.19,Card
U089,T00008_U089,2026-05-31 09:57:00,Clinic,Food,3154.92,Card
U089,T00009_U089,2026-08-01 02:44:00,Local Store,Entertainment,3093.29,Card
U089,T00010_U089,2026-03-06 23:55:00,Uber,Food,767.95,Card
U089,T00011_U089,2026-02-15 01:05:00,Uber,Healthcare,404.75,Wallet
U089,T00012_U089,2026-03-18 11:58:00,Myntra,Bills,607.84,Card
U089,T00013_U089,2026-06-26 03:07:00,Local Store,Entertainment,2432.51,Card
U089,T00014_U089,2026-03-02 10:56:00,Myntra,Shopping,3568.7,UPI
U089,T00015_U089,2026-07-06 08:26:00,Swiggy,Bills,996.14,UPI
U089,T00016_U089,2026-09-17 09:41:00,Netflix,Healthcare,1679.63,UPI
U089,T00017_U089,2026-09-01 23:58:00,Uber,Food,646.62,UPI
U089,T00018_U089,2026-01-12 16:53:00,Clinic,Entertainment,895.51,UPI
U089,T00019_U089,2026-07-17 07:10:00,Amazon,Shopping,809.34,UPI
U089,T00020_U089,2026-04-09 10:35:00,Swiggy,Healthcare,2168.08,Wallet
U089,T00021_U089,2026-02-07 01:13:00,Clinic,Entertainment,163.33,UPI
U089,T00022_U089,2026-06-12 17:08:00,Amazon,Shopping,2031.21,Card
U089,T00023_U089,2026-03-31 14:19:00,Amazon,Healthcare,3507.9,Card
U089,T00024_U089,2026-08-31 01:57:00,Flipkart,Bills,1699.39,Card
U089,T00025_U089,2026-02-19 12:06:00,Amazon Prime,Bills,299.0,Wallet
U089,T00026_U089,2026-06-05 18:58:00,Myntra,Food,3938.03,Wallet
U089,T00027_U089,2026-06-11 14:46:00,Local Store,Travel,1602.87,Wallet
U089,T00028_U089,2026-04-30 06:14:00,Uber,Food,2829.54,UPI
U089,T00029_U089,2026-06-23 17:49:00,Amazon,Food,964.77,Wallet
U089,T00030_U089,2026-06-29 07:21:00,Local Store,Food,530.01,Wallet
U089,T00031_U089,2026-01-18 23:47:00,Uber,Bills,2786.59,Wallet
U089,T00032_U089,2026-05-09 07:28:00,Amazon,Shopping,612.98,Wallet
U089,T00033_U089,2026-04-15 22:33:00,Netflix,Entertainment,907.03,Wallet
U089,T00034_U089,2026-06-24 21:03:00,Flipkart,Shopping,123.41,UPI
U089,T00035_U089,2026-07-11 06:34:00,Uber,Healthcare,1913.1,Wallet
U089,T00036_U089,2026-03-20 14:38:00,Amazon,Travel,609.65,UPI
U089,T00037_U089,2026-05-24 12:20:00,Flipkart,Food,1739.86,Wallet
U089,T00038_U089,2026-02-20 08:27:00,Myntra,Food,207.0,Wallet
U089,T00039_U089,2026-05-16 01:46:00,Flipkart,Entertainment,837.74,Card
U089,T00040_U089,2026-02-08 21:41:00,Swiggy,Entertainment,339.99,UPI
U089,T00041_U089,2026-04-23 03:54:00,Flipkart,Entertainment,1283.28,Wallet
U089,T00042_U089,2026-08-09 06:11:00,Netflix,Food,962.56,Wallet
U089,T00043_U089,2026-05-04 19:50:00,Netflix,Entertainment,933.18,Card
U089,T00044_U089,2026-03-09 17:24:00,Myntra,Food,2344.76,UPI
U089,T00045_U089,2026-05-11 00:57:00,Swiggy,Healthcare,236.06,UPI
U089,T00046_U089,2026-09-10 22:21:00,Amazon,Bills,1379.3,Card
U089,T00047_U089,2026-01-20 20:02:00,Flipkart,Shopping,1445.53,Card
U089,T00048_U089,2026-01-07 21:33:00,Clinic,Bills,992.74,Wallet
U089,T00049_U089,2026-09-07 22:33:00,Uber,Healthcare,2187.43,UPI
U089,T00050_U089,2026-06-27 02:40:00,Gym,Bills,499.0,UPI
U089,T00051_U089,2026-02-26 20:19:00,Myntra,Bills,2191.96,Wallet
U089,T00052_U089,2026-09-19 09:04:00,Flipkart,Entertainment,2356.07,Wallet
U089,T00053_U089,2026-05-23 09:31:00,Myntra,Entertainment,1263.81,Wallet
U089,T00054_U089,2026-08-02 19:50:00,Flipkart,Healthcare,2985.68,UPI
U089,T00055_U089,2026-01-03 11:23:00,Netflix,Food,2952.56,Card
U089,T00056_U089,2026-07-01 22:12:00,Flipkart,Healthcare,174.19,Wallet
U089,T00057_U089,2026-05-20 17:07:00,Myntra,Travel,1757.52,Wallet
U089,T00058_U089,2026-08-29 09:18:00,Amazon,Shopping,3302.28,UPI
U089,T00059_U089,2026-05-15 20:59:00,Myntra,Food,1562.4,UPI
U089,T00060_U089,2026-01-11 01:34:00,Swiggy,Food,736.53,UPI
U089,T00061_U089,2026-06-03 00:31:00,Netflix,Travel,6353.65,UPI
U089,T00062_U089,2026-02-06 13:58:00,Flipkart,Shopping,1314.29,Wallet
U089,T00063_U089,2026-05-28 07:03:00,Flipkart,Travel,1158.94,Wallet
U089,T00064_U089,2026-09-03 10:57:00,Swiggy,Travel,2640.03,UPI
U089,T00065_U089,2026-03-16 16:40:00,Amazon,Bills,2318.16,UPI
U089,T00066_U089,2026-04-30 14:41:00,Netflix,Food,2836.37,UPI
U089,T00067_U089,2026-09-09 07:50:00,Myntra,Shopping,392.9,UPI
U089,T00068_U089,2026-06-28 10:18:00,Myntra,Shopping,1847.69,UPI
U089,T00069_U089,2026-08-16 05:03:00,Amazon,Shopping,578.58,UPI
U089,T00070_U089,2026-03-06 15:03:00,Uber,Travel,673.76,UPI
U089,T00071_U089,2026-09-02 22:18:00,Myntra,Food,1491.1,Card
U089,T00072_U089,2026-04-03 08:23:00,Swiggy,Bills,883.48,UPI
U089,T00073_U089,2026-03-03 00:32:00,Netflix,Food,4734.92,Card
U089,T00074_U089,2026-02-17 08:15:00,Myntra,Healthcare,1236.98,Card
U089,T00075_U089,2026-05-17 18:02:00,Gym,Bills,199.0,Wallet
U089,T00076_U089,2026-02-03 23:12:00,Flipkart,Shopping,5040.44,Card
U089,T00077_U089,2026-07-29 03:14:00,Myntra,Shopping,1575.2,UPI
U089,T00078_U089,2026-03-28 10:20:00,Local Store,Travel,951.61,UPI
U089,T00079_U089,2026-05-16 03:54:00,Netflix,Healthcare,1718.79,UPI
U089,T00080_U089,2026-01-29 23:28:00,Myntra,Travel,1349.2,UPI
U089,T00081_U089,2026-08-08 13:23:00,Flipkart,Shopping,1786.57,Card
U089,T00082_U089,2026-02-24 18:00:00,Myntra,Bills,1942.05,Card
U089,T00083_U089,2026-05-23 10:42:00,Uber,Entertainment,995.53,Card
U089,T00084_U089,2026-03-18 11:01:00,Local Store,Entertainment,2189.63,UPI
U089,T00085_U089,2026-09-01 22:51:00,Myntra,Shopping,1441.52,UPI
U089,T00086_U089,2026-09-11 03:11:00,Uber,Food,1189.36,UPI
U089,T00087_U089,2026-01-30 19:21:00,Flipkart,Bills,2859.28,Wallet
U089,T00088_U089,2026-07-20 06:09:00,Myntra,Shopping,219.27,Card
U089,T00089_U089,2026-06-13 15:18:00,Uber,Entertainment,1739.16,Wallet
U089,T00090_U089,2026-04-13 12:25:00,Flipkart,Entertainment,881.77,UPI
U089,T00091_U089,2026-02-20 12:01:00,Flipkart,Bills,814.93,UPI
U089,T00092_U089,2026-09-17 18:29:00,Swiggy,Travel,1582.41,Wallet
U089,T00093_U089,2026-04-15 08:58:00,Local Store,Bills,771.11,Wallet
U089,T00094_U089,2026-04-11 11:14:00,Netflix,Bills,2182.83,UPI
U089,T00095_U089,2026-02-23 23:20:00,Myntra,Travel,2493.83,Card
U089,T00096_U089,2026-08-21 02:33:00,Myntra,Bills,3763.61,UPI
U089,T00097_U089,2026-02-15 06:27:00,Amazon,Food,1089.72,Card
U089,T00098_U089,2026-04-23 05:50:00,Flipkart,Shopping,1784.62,Card
U089,T00099_U089,2026-08-18 11:37:00,Amazon,Travel,816.34,Card
U090,T00000_U090,2026-09-03 23:11:00,Gym,Bills,999.0,Wallet
U090,T00001_U090,2026-08-22 19:06:00,Local Store,Healthcare,430.33,Card
U090,T00002_U090,2026-03-18 08:15:00,Local Store,Bills,1680.43,UPI
U090,T00003_U090,2026-07-25 07:02:00,Clinic,Food,1514.82,UPI
U090,T00004_U090,2026-04-17 22:13:00,Amazon,Healthcare,1237.33,Card
U090,T00005_U090,2026-04-15 21:40:00,Local Store,Travel,630.4,UPI
U090,T00006_U090,2026-02-08 03:32:00,Amazon,Entertainment,2255.23,Wallet
U090,T00007_U090,2026-09-27 15:28:00,Amazon,Shopping,1875.6,UPI
U090,T00008_U090,2026-06-30 21:50:00,Clinic,Healthcare,877.41,Card
U090,T00009_U090,2026-09-25 10:51:00,Swiggy,Food,1588.52,Card
U090,T00010_U090,2026-05-14 14:48:00,Myntra,Healthcare,1504.99,Wallet
U090,T00011_U090,2026-07-24 20:06:00,Local Store,Entertainment,2174.54,Wallet
U090,T00012_U090,2026-01-21 17:28:00,Myntra,Bills,1466.82,Wallet
U090,T00013_U090,2026-07-16 07:41:00,Clinic,Entertainment,1187.04,Card
U090,T00014_U090,2026-04-29 19:24:00,Flipkart,Entertainment,2829.79,UPI
U090,T00015_U090,2026-07-26 00:01:00,Netflix,Entertainment,1257.62,Wallet
U090,T00016_U090,2026-05-22 03:45:00,Amazon,Shopping,2964.13,UPI
U090,T00017_U090,2026-08-24 10:58:00,Flipkart,Shopping,110.73,Card
U090,T00018_U090,2026-01-07 15:30:00,Local Store,Healthcare,396.69,Wallet
U090,T00019_U090,2026-03-31 11:26:00,Amazon,Healthcare,1541.34,UPI
U090,T00020_U090,2026-01-02 04:56:00,Swiggy,Bills,1055.42,Card
U090,T00021_U090,2026-05-31 12:27:00,Local Store,Food,1391.82,Card
U090,T00022_U090,2026-08-10 12:26:00,Myntra,Shopping,951.68,UPI
U090,T00023_U090,2026-06-02 06:34:00,Flipkart,Bills,949.47,UPI
U090,T00024_U090,2026-09-25 08:01:00,Amazon,Bills,549.38,Card
U090,T00025_U090,2026-02-09 14:25:00,Amazon Prime,Bills,299.0,Card
U090,T00026_U090,2026-04-18 10:36:00,Uber,Bills,2382.86,Wallet
U090,T00027_U090,2026-08-22 00:46:00,Uber,Travel,1387.97,Wallet
U090,T00028_U090,2026-03-10 13:17:00,Netflix,Entertainment,2035.55,Wallet
U090,T00029_U090,2026-07-31 14:45:00,Uber,Bills,2918.97,Wallet
U090,T00030_U090,2026-02-09 22:27:00,Swiggy,Entertainment,1276.28,Wallet
U090,T00031_U090,2026-02-28 23:02:00,Amazon,Food,5445.4,Card
U090,T00032_U090,2026-01-24 01:11:00,Flipkart,Shopping,278.53,Wallet
U090,T00033_U090,2026-08-09 09:49:00,Amazon,Shopping,1327.9,UPI
U090,T00034_U090,2026-06-25 10:11:00,Amazon,Shopping,1545.81,UPI
U090,T00035_U090,2026-05-14 10:41:00,Local Store,Healthcare,546.26,Wallet
U090,T00036_U090,2026-02-25 04:47:00,Myntra,Food,1739.64,Wallet
U090,T00037_U090,2026-01-14 18:16:00,Amazon,Food,2221.66,Wallet
U090,T00038_U090,2026-07-26 10:16:00,Myntra,Travel,890.42,Card
U090,T00039_U090,2026-02-19 14:49:00,Netflix,Entertainment,1097.73,Wallet
U090,T00040_U090,2026-04-23 13:19:00,Netflix,Bills,162.68,Wallet
U090,T00041_U090,2026-04-01 13:09:00,Clinic,Bills,1957.95,UPI
U090,T00042_U090,2026-01-31 23:42:00,Flipkart,Healthcare,3665.78,UPI
U090,T00043_U090,2026-07-27 03:19:00,Flipkart,Shopping,2335.09,Wallet
U090,T00044_U090,2026-05-29 14:02:00,Swiggy,Bills,1817.8,Wallet
U090,T00045_U090,2026-02-28 17:36:00,Amazon,Shopping,3142.6,Card
U090,T00046_U090,2026-06-05 18:03:00,Amazon,Entertainment,2311.62,Card
U090,T00047_U090,2026-05-10 13:34:00,Swiggy,Bills,2203.81,Card
U090,T00048_U090,2026-09-28 14:32:00,Swiggy,Travel,710.01,Wallet
U090,T00049_U090,2026-08-24 15:39:00,Netflix,Food,558.64,Wallet
U090,T00050_U090,2026-09-13 10:04:00,Amazon Prime,Bills,299.0,Wallet
U090,T00051_U090,2026-08-20 20:03:00,Myntra,Shopping,1856.7,UPI
U090,T00052_U090,2026-04-29 16:00:00,Uber,Food,3191.26,UPI
U090,T00053_U090,2026-03-26 20:58:00,Local Store,Healthcare,1849.2,Wallet
U090,T00054_U090,2026-06-09 20:19:00,Swiggy,Food,2073.88,UPI
U090,T00055_U090,2026-04-16 04:59:00,Swiggy,Food,3563.77,Wallet
U090,T00056_U090,2026-07-18 11:34:00,Myntra,Entertainment,1771.15,Wallet
U090,T00057_U090,2026-04-08 07:16:00,Clinic,Bills,1357.31,Wallet
U090,T00058_U090,2026-04-28 09:54:00,Flipkart,Shopping,360.73,Card
U090,T00059_U090,2026-07-23 14:20:00,Flipkart,Entertainment,505.53,Card
U090,T00060_U090,2026-02-13 22:40:00,Amazon,Travel,900.09,Card
U090,T00061_U090,2026-02-05 14:59:00,Amazon,Shopping,726.44,Wallet
U090,T00062_U090,2026-08-23 18:09:00,Clinic,Travel,2044.73,Wallet
U090,T00063_U090,2026-07-24 03:29:00,Swiggy,Travel,1001.92,UPI
U090,T00064_U090,2026-01-20 01:49:00,Local Store,Travel,1740.62,Card
U090,T00065_U090,2026-03-21 15:13:00,Swiggy,Travel,1038.42,Card
U090,T00066_U090,2026-06-18 08:07:00,Flipkart,Shopping,1021.32,Wallet
U090,T00067_U090,2026-01-03 21:59:00,Netflix,Food,4489.85,Wallet
U090,T00068_U090,2026-03-09 04:39:00,Flipkart,Bills,250.38,UPI
U090,T00069_U090,2026-04-25 06:56:00,Swiggy,Entertainment,707.29,Card
U090,T00070_U090,2026-01-22 06:41:00,Local Store,Bills,2432.15,Card
U090,T00071_U090,2026-03-26 19:19:00,Flipkart,Shopping,1084.39,Card
U090,T00072_U090,2026-04-07 08:21:00,Myntra,Food,1476.35,UPI
U090,T00073_U090,2026-08-15 21:43:00,Myntra,Shopping,899.57,Card
U090,T00074_U090,2026-05-04 03:24:00,Myntra,Food,3382.74,Wallet
U090,T00075_U090,2026-06-01 17:59:00,Gym,Bills,199.0,UPI
U090,T00076_U090,2026-01-29 13:38:00,Netflix,Travel,2629.34,UPI
U090,T00077_U090,2026-02-23 01:44:00,Netflix,Bills,839.33,UPI
U090,T00078_U090,2026-06-21 12:51:00,Clinic,Entertainment,1821.06,Wallet
U090,T00079_U090,2026-06-22 19:28:00,Flipkart,Food,743.62,UPI
U090,T00080_U090,2026-03-08 19:09:00,Amazon,Healthcare,120.6,UPI
U090,T00081_U090,2026-04-19 17:40:00,Netflix,Healthcare,1603.97,Card
U090,T00082_U090,2026-08-19 19:25:00,Netflix,Travel,796.02,Card
U090,T00083_U090,2026-01-23 16:20:00,Uber,Travel,1397.76,Card
U090,T00084_U090,2026-09-21 20:49:00,Swiggy,Healthcare,1028.77,UPI
U090,T00085_U090,2026-06-06 07:37:00,Clinic,Bills,1336.1,Wallet
U090,T00086_U090,2026-05-28 19:40:00,Uber,Bills,3642.67,Card
U090,T00087_U090,2026-01-20 04:50:00,Swiggy,Entertainment,1994.22,Card
U090,T00088_U090,2026-01-25 11:43:00,Myntra,Healthcare,352.69,Wallet
U090,T00089_U090,2026-09-27 18:39:00,Myntra,Food,2295.43,Card
U090,T00090_U090,2026-08-27 15:12:00,Amazon,Food,891.32,UPI
U090,T00091_U090,2026-03-25 18:14:00,Myntra,Shopping,2388.34,Card
U090,T00092_U090,2026-02-01 11:09:00,Clinic,Bills,2206.09,Wallet
U090,T00093_U090,2026-06-07 03:45:00,Amazon,Shopping,1772.12,UPI
U090,T00094_U090,2026-07-11 07:58:00,Flipkart,Shopping,1786.6,Wallet
U090,T00095_U090,2026-09-18 08:49:00,Swiggy,Healthcare,829.19,UPI
U090,T00096_U090,2026-08-05 05:31:00,Myntra,Travel,559.12,UPI
U090,T00097_U090,2026-02-15 23:53:00,Uber,Travel,2190.6,Wallet
U090,T00098_U090,2026-06-29 00:09:00,Uber,Healthcare,3748.5,Wallet
U090,T00099_U090,2026-02-06 12:53:00,Amazon,Bills,2212.24,Card
U091,T00000_U091,2026-02-22 07:56:00,Gym,Bills,299.0,UPI
U091,T00001_U091,2026-06-21 03:45:00,Local Store,Travel,154.13,Card
U091,T00002_U091,2026-03-30 01:19:00,Flipkart,Food,5237.44,UPI
U091,T00003_U091,2026-05-26 09:59:00,Amazon,Food,479.69,Card
U091,T00004_U091,2026-06-25 13:45:00,Flipkart,Healthcare,2260.06,Card
U091,T00005_U091,2026-04-13 12:04:00,Netflix,Travel,975.16,UPI
U091,T00006_U091,2026-02-13 05:38:00,Uber,Food,673.18,UPI
U091,T00007_U091,2026-09-28 13:34:00,Local Store,Entertainment,1767.49,Card
U091,T00008_U091,2026-07-24 19:51:00,Flipkart,Bills,1018.72,UPI
U091,T00009_U091,2026-03-19 01:36:00,Amazon,Travel,1814.72,UPI
U091,T00010_U091,2026-02-13 18:57:00,Swiggy,Bills,1750.71,Card
U091,T00011_U091,2026-01-18 02:48:00,Local Store,Travel,542.28,UPI
U091,T00012_U091,2026-03-25 15:44:00,Myntra,Shopping,739.69,Card
U091,T00013_U091,2026-04-29 02:19:00,Local Store,Healthcare,1269.43,Wallet
U091,T00014_U091,2026-03-31 07:09:00,Flipkart,Travel,2984.4,Card
U091,T00015_U091,2026-06-06 22:42:00,Clinic,Entertainment,611.12,UPI
U091,T00016_U091,2026-05-08 15:10:00,Myntra,Travel,1550.69,Wallet
U091,T00017_U091,2026-02-14 07:14:00,Myntra,Shopping,2375.63,UPI
U091,T00018_U091,2026-09-22 12:43:00,Uber,Bills,1070.08,Card
U091,T00019_U091,2026-07-22 18:52:00,Myntra,Shopping,705.5,UPI
U091,T00020_U091,2026-07-07 23:44:00,Netflix,Entertainment,2068.68,UPI
U091,T00021_U091,2026-08-08 23:37:00,Flipkart,Food,958.94,Wallet
U091,T00022_U091,2026-02-06 04:48:00,Swiggy,Travel,929.34,UPI
U091,T00023_U091,2026-02-12 19:28:00,Clinic,Travel,1145.98,Card
U091,T00024_U091,2026-06-02 01:19:00,Myntra,Shopping,747.52,Card
U091,T00025_U091,2026-03-21 13:04:00,Amazon Prime,Bills,299.0,UPI
U091,T00026_U091,2026-01-14 14:10:00,Clinic,Travel,2259.45,Card
U091,T00027_U091,2026-01-06 11:49:00,Flipkart,Healthcare,272.25,UPI
U091,T00028_U091,2026-09-04 16:13:00,Uber,Entertainment,1874.69,Wallet
U091,T00029_U091,2026-04-25 15:30:00,Clinic,Healthcare,2286.39,UPI
U091,T00030_U091,2026-06-06 23:11:00,Myntra,Travel,1659.03,Wallet
U091,T00031_U091,2026-02-06 05:54:00,Clinic,Bills,1637.04,UPI
U091,T00032_U091,2026-03-10 23:32:00,Flipkart,Shopping,2956.92,Wallet
U091,T00033_U091,2026-08-25 14:38:00,Uber,Bills,1680.93,Wallet
U091,T00034_U091,2026-02-07 18:19:00,Swiggy,Healthcare,1076.93,Wallet
U091,T00035_U091,2026-03-04 05:54:00,Netflix,Entertainment,1353.7,UPI
U091,T00036_U091,2026-05-31 01:35:00,Clinic,Entertainment,3760.69,Wallet
U091,T00037_U091,2026-07-21 16:17:00,Amazon,Bills,172.48,UPI
U091,T00038_U091,2026-05-22 14:04:00,Netflix,Entertainment,2298.44,Wallet
U091,T00039_U091,2026-04-10 20:54:00,Local Store,Healthcare,2242.17,UPI
U091,T00040_U091,2026-04-04 00:21:00,Amazon,Travel,1386.81,Card
U091,T00041_U091,2026-09-14 13:56:00,Clinic,Travel,1939.01,UPI
U091,T00042_U091,2026-02-28 13:37:00,Myntra,Entertainment,4400.68,UPI
U091,T00043_U091,2026-05-03 06:24:00,Amazon,Shopping,3771.94,Wallet
U091,T00044_U091,2026-02-06 06:51:00,Netflix,Entertainment,2368.58,Wallet
U091,T00045_U091,2026-03-12 06:20:00,Flipkart,Travel,977.01,UPI
U091,T00046_U091,2026-03-25 18:01:00,Netflix,Travel,1407.88,Wallet
U091,T00047_U091,2026-08-01 07:45:00,Netflix,Bills,4105.48,UPI
U091,T00048_U091,2026-05-29 01:21:00,Swiggy,Food,1292.64,UPI
U091,T00049_U091,2026-07-24 20:24:00,Swiggy,Entertainment,996.16,Wallet
U091,T00050_U091,2026-01-23 18:20:00,Spotify,Bills,199.0,Card
U091,T00051_U091,2026-09-27 20:32:00,Myntra,Shopping,472.64,Card
U091,T00052_U091,2026-01-29 05:07:00,Local Store,Food,2121.8,Wallet
U091,T00053_U091,2026-01-23 05:52:00,Myntra,Bills,1359.19,UPI
U091,T00054_U091,2026-05-12 19:32:00,Local Store,Bills,2288.72,Card
U091,T00055_U091,2026-02-18 22:30:00,Amazon,Bills,2391.22,Card
U091,T00056_U091,2026-05-13 21:48:00,Flipkart,Bills,2418.95,UPI
U091,T00057_U091,2026-02-05 10:15:00,Flipkart,Bills,952.66,Wallet
U091,T00058_U091,2026-06-06 09:37:00,Myntra,Shopping,1219.19,UPI
U091,T00059_U091,2026-01-27 07:18:00,Myntra,Healthcare,1132.52,Card
U091,T00060_U091,2026-05-18 10:51:00,Local Store,Entertainment,1856.44,UPI
U091,T00061_U091,2026-02-25 10:59:00,Local Store,Travel,1449.44,UPI
U091,T00062_U091,2026-07-29 00:38:00,Uber,Entertainment,3734.71,Card
U091,T00063_U091,2026-08-02 00:48:00,Amazon,Healthcare,3166.7,Wallet
U091,T00064_U091,2026-07-15 03:55:00,Clinic,Travel,915.28,Wallet
U091,T00065_U091,2026-01-15 04:29:00,Clinic,Bills,2947.19,Card
U091,T00066_U091,2026-04-14 00:07:00,Local Store,Bills,2732.37,Card
U091,T00067_U091,2026-07-22 11:50:00,Myntra,Shopping,1240.53,Wallet
U091,T00068_U091,2026-07-20 10:35:00,Uber,Bills,568.79,Wallet
U091,T00069_U091,2026-08-05 17:18:00,Flipkart,Travel,2134.79,Card
U091,T00070_U091,2026-09-25 08:06:00,Netflix,Travel,1219.01,Wallet
U091,T00071_U091,2026-07-01 11:47:00,Clinic,Healthcare,1083.62,Card
U091,T00072_U091,2026-08-06 22:28:00,Clinic,Bills,1643.63,Wallet
U091,T00073_U091,2026-02-11 11:59:00,Amazon,Entertainment,551.46,UPI
U091,T00074_U091,2026-03-06 20:14:00,Myntra,Shopping,2194.44,UPI
U091,T00075_U091,2026-02-16 12:45:00,Gym,Bills,299.0,Wallet
U091,T00076_U091,2026-08-19 12:33:00,Local Store,Entertainment,979.55,Card
U091,T00077_U091,2026-06-01 15:06:00,Amazon,Bills,2724.83,UPI
U091,T00078_U091,2026-05-17 01:37:00,Amazon,Entertainment,3702.73,Wallet
U091,T00079_U091,2026-08-14 20:53:00,Amazon,Travel,308.9,Card
U091,T00080_U091,2026-06-11 13:13:00,Uber,Travel,240.29,UPI
U091,T00081_U091,2026-03-20 03:02:00,Amazon,Bills,3718.29,UPI
U091,T00082_U091,2026-08-10 19:26:00,Local Store,Bills,2316.32,UPI
U091,T00083_U091,2026-08-21 16:44:00,Amazon,Shopping,520.24,Card
U091,T00084_U091,2026-04-17 15:12:00,Local Store,Food,2012.0,UPI
U091,T00085_U091,2026-06-05 06:26:00,Amazon,Bills,3649.17,UPI
U091,T00086_U091,2026-08-09 15:35:00,Clinic,Healthcare,479.08,Card
U091,T00087_U091,2026-03-03 11:27:00,Amazon,Bills,2904.32,Card
U091,T00088_U091,2026-01-08 02:10:00,Flipkart,Bills,3905.09,Wallet
U091,T00089_U091,2026-05-11 21:22:00,Amazon,Travel,2208.31,Card
U091,T00090_U091,2026-05-22 12:01:00,Amazon,Entertainment,942.87,UPI
U091,T00091_U091,2026-08-09 20:44:00,Local Store,Healthcare,933.42,UPI
U091,T00092_U091,2026-06-19 06:03:00,Uber,Food,886.68,Card
U091,T00093_U091,2026-09-18 12:34:00,Myntra,Travel,460.09,UPI
U091,T00094_U091,2026-01-27 00:49:00,Netflix,Entertainment,2813.09,Card
U091,T00095_U091,2026-08-20 09:41:00,Uber,Food,753.13,Wallet
U091,T00096_U091,2026-01-29 02:32:00,Swiggy,Healthcare,1039.43,Wallet
U091,T00097_U091,2026-07-13 23:59:00,Clinic,Bills,2607.19,Card
U091,T00098_U091,2026-01-15 08:53:00,Local Store,Healthcare,1102.63,Card
U091,T00099_U091,2026-01-15 21:51:00,Amazon,Healthcare,2018.62,Wallet
U092,T00000_U092,2026-07-18 04:07:00,Netflix,Bills,499.0,Card
U092,T00001_U092,2026-06-25 16:14:00,Netflix,Entertainment,1549.29,Wallet
U092,T00002_U092,2026-01-02 23:47:00,Amazon,Healthcare,2441.65,Wallet
U092,T00003_U092,2026-02-22 07:27:00,Myntra,Entertainment,501.02,UPI
U092,T00004_U092,2026-01-20 17:24:00,Swiggy,Food,434.5,UPI
U092,T00005_U092,2026-01-11 22:44:00,Swiggy,Travel,2196.43,Card
U092,T00006_U092,2026-05-01 19:36:00,Clinic,Travel,2721.34,Wallet
U092,T00007_U092,2026-02-06 22:17:00,Swiggy,Entertainment,1917.29,Wallet
U092,T00008_U092,2026-03-16 08:44:00,Uber,Entertainment,137.2,Wallet
U092,T00009_U092,2026-08-28 18:44:00,Flipkart,Travel,1207.89,UPI
U092,T00010_U092,2026-08-28 11:24:00,Local Store,Entertainment,619.26,Card
U092,T00011_U092,2026-04-06 02:14:00,Myntra,Shopping,1840.67,UPI
U092,T00012_U092,2026-02-28 21:54:00,Clinic,Bills,2586.96,UPI
U092,T00013_U092,2026-03-10 03:25:00,Swiggy,Travel,3464.09,Card
U092,T00014_U092,2026-09-01 21:02:00,Netflix,Healthcare,2998.24,Wallet
U092,T00015_U092,2026-04-25 16:34:00,Myntra,Shopping,1546.48,Card
U092,T00016_U092,2026-09-19 02:25:00,Clinic,Healthcare,3209.1,UPI
U092,T00017_U092,2026-05-05 00:17:00,Myntra,Shopping,772.12,UPI
U092,T00018_U092,2026-09-02 07:07:00,Clinic,Food,3265.93,Card
U092,T00019_U092,2026-09-09 05:11:00,Amazon,Travel,475.87,Card
U092,T00020_U092,2026-06-21 23:01:00,Flipkart,Healthcare,3515.66,UPI
U092,T00021_U092,2026-01-28 03:43:00,Netflix,Bills,5152.94,Wallet
U092,T00022_U092,2026-04-06 05:11:00,Myntra,Travel,1757.39,Card
U092,T00023_U092,2026-05-11 08:01:00,Local Store,Healthcare,1137.1,UPI
U092,T00024_U092,2026-06-26 18:40:00,Flipkart,Shopping,422.27,Card
U092,T00025_U092,2026-07-17 22:43:00,Spotify,Bills,299.0,Card
U092,T00026_U092,2026-06-22 22:37:00,Uber,Food,626.5,UPI
U092,T00027_U092,2026-02-28 22:30:00,Myntra,Shopping,1681.67,UPI
U092,T00028_U092,2026-09-20 05:03:00,Swiggy,Bills,1425.77,UPI
U092,T00029_U092,2026-08-20 16:00:00,Clinic,Bills,2304.32,UPI
U092,T00030_U092,2026-06-24 07:33:00,Uber,Healthcare,1161.62,UPI
U092,T00031_U092,2026-03-18 08:09:00,Netflix,Food,1214.26,Wallet
U092,T00032_U092,2026-04-25 13:23:00,Netflix,Bills,1493.07,Card
U092,T00033_U092,2026-09-02 00:31:00,Myntra,Healthcare,4921.18,Wallet
U092,T00034_U092,2026-03-22 19:00:00,Uber,Healthcare,1800.16,Wallet
U092,T00035_U092,2026-02-06 02:46:00,Myntra,Entertainment,3566.28,UPI
U092,T00036_U092,2026-09-03 01:11:00,Local Store,Healthcare,3223.68,Wallet
U092,T00037_U092,2026-09-01 05:52:00,Swiggy,Entertainment,825.45,UPI
U092,T00038_U092,2026-01-20 05:26:00,Amazon,Shopping,139.73,UPI
U092,T00039_U092,2026-04-16 05:01:00,Amazon,Bills,829.21,UPI
U092,T00040_U092,2026-03-04 18:15:00,Uber,Bills,3877.34,UPI
U092,T00041_U092,2026-02-16 21:04:00,Myntra,Healthcare,651.48,Card
U092,T00042_U092,2026-04-29 02:14:00,Clinic,Bills,1033.19,UPI
U092,T00043_U092,2026-09-28 14:59:00,Amazon,Entertainment,1181.96,Wallet
U092,T00044_U092,2026-01-21 09:09:00,Flipkart,Shopping,1709.39,UPI
U092,T00045_U092,2026-01-04 00:47:00,Clinic,Entertainment,3609.0,Card
U092,T00046_U092,2026-01-18 19:56:00,Netflix,Entertainment,458.03,UPI
U092,T00047_U092,2026-02-03 06:58:00,Netflix,Bills,4199.24,UPI
U092,T00048_U092,2026-03-04 22:29:00,Uber,Healthcare,1217.78,Card
U092,T00049_U092,2026-03-04 18:22:00,Uber,Travel,4114.82,UPI
U092,T00050_U092,2026-05-14 08:02:00,Amazon Prime,Bills,499.0,UPI
U092,T00051_U092,2026-01-05 16:33:00,Myntra,Bills,2078.26,UPI
U092,T00052_U092,2026-01-01 16:42:00,Uber,Entertainment,1931.73,Card
U092,T00053_U092,2026-08-10 09:43:00,Swiggy,Entertainment,1441.87,Card
U092,T00054_U092,2026-03-10 10:16:00,Clinic,Entertainment,2435.9,Card
U092,T00055_U092,2026-05-01 16:48:00,Amazon,Bills,3463.26,Wallet
U092,T00056_U092,2026-04-26 11:12:00,Amazon,Shopping,1231.78,Wallet
U092,T00057_U092,2026-02-27 00:54:00,Amazon,Healthcare,2415.76,Wallet
U092,T00058_U092,2026-09-24 18:55:00,Uber,Entertainment,1974.22,Card
U092,T00059_U092,2026-08-04 18:49:00,Flipkart,Shopping,1939.26,Card
U092,T00060_U092,2026-02-07 12:18:00,Amazon,Bills,1811.91,UPI
U092,T00061_U092,2026-09-10 01:40:00,Uber,Travel,1396.21,Card
U092,T00062_U092,2026-05-28 18:55:00,Myntra,Shopping,2856.93,UPI
U092,T00063_U092,2026-01-08 03:30:00,Uber,Healthcare,3499.33,Card
U092,T00064_U092,2026-03-25 10:10:00,Local Store,Travel,2123.92,Card
U092,T00065_U092,2026-03-03 19:13:00,Local Store,Food,3588.5,Card
U092,T00066_U092,2026-09-07 06:44:00,Swiggy,Bills,1948.94,Card
U092,T00067_U092,2026-06-30 06:21:00,Flipkart,Bills,693.02,UPI
U092,T00068_U092,2026-06-18 21:38:00,Netflix,Healthcare,2297.71,UPI
U092,T00069_U092,2026-05-01 06:14:00,Local Store,Food,2820.69,Card
U092,T00070_U092,2026-04-11 04:15:00,Myntra,Shopping,1374.81,UPI
U092,T00071_U092,2026-08-03 19:31:00,Flipkart,Bills,2678.33,Card
U092,T00072_U092,2026-09-04 05:48:00,Uber,Food,1075.82,Card
U092,T00073_U092,2026-03-03 16:32:00,Uber,Bills,825.94,Wallet
U092,T00074_U092,2026-07-12 23:39:00,Netflix,Entertainment,1923.75,Card
U092,T00075_U092,2026-04-22 19:54:00,Amazon Prime,Bills,999.0,Card
U092,T00076_U092,2026-07-25 09:47:00,Uber,Travel,2332.56,Card
U092,T00077_U092,2026-01-01 13:25:00,Uber,Bills,630.1,Wallet
U092,T00078_U092,2026-04-07 12:37:00,Flipkart,Shopping,2184.04,UPI
U092,T00079_U092,2026-02-07 03:41:00,Clinic,Healthcare,808.36,Wallet
U092,T00080_U092,2026-04-07 23:01:00,Myntra,Shopping,2946.67,Wallet
U092,T00081_U092,2026-06-24 14:56:00,Flipkart,Shopping,1388.6,UPI
U092,T00082_U092,2026-07-28 23:03:00,Local Store,Food,584.24,Wallet
U092,T00083_U092,2026-08-09 21:17:00,Local Store,Food,1522.31,Wallet
U092,T00084_U092,2026-01-17 11:47:00,Uber,Food,211.4,Wallet
U092,T00085_U092,2026-09-10 15:15:00,Swiggy,Travel,665.33,UPI
U092,T00086_U092,2026-09-20 16:19:00,Clinic,Bills,2095.45,UPI
U092,T00087_U092,2026-07-18 07:11:00,Amazon,Shopping,951.11,UPI
U092,T00088_U092,2026-08-05 13:52:00,Swiggy,Healthcare,4544.15,UPI
U092,T00089_U092,2026-06-21 04:55:00,Amazon,Healthcare,1944.24,UPI
U092,T00090_U092,2026-02-24 03:54:00,Myntra,Bills,3602.43,UPI
U092,T00091_U092,2026-01-15 22:20:00,Swiggy,Food,472.07,UPI
U092,T00092_U092,2026-01-10 11:57:00,Amazon,Healthcare,736.59,Wallet
U092,T00093_U092,2026-08-03 21:03:00,Netflix,Healthcare,1401.21,UPI
U092,T00094_U092,2026-01-19 18:16:00,Clinic,Entertainment,1069.54,Wallet
U092,T00095_U092,2026-09-27 10:46:00,Flipkart,Travel,726.65,Wallet
U092,T00096_U092,2026-07-17 08:20:00,Myntra,Bills,1565.18,Card
U092,T00097_U092,2026-07-26 06:55:00,Flipkart,Entertainment,695.91,UPI
U092,T00098_U092,2026-01-22 07:46:00,Uber,Food,1195.14,Card
U092,T00099_U092,2026-07-27 04:15:00,Myntra,Travel,1586.28,UPI
U093,T00000_U093,2026-03-03 04:40:00,Netflix,Bills,299.0,Wallet
U093,T00001_U093,2026-06-26 04:03:00,Amazon,Entertainment,2234.77,Card
U093,T00002_U093,2026-02-20 09:24:00,Local Store,Travel,2082.86,Wallet
U093,T00003_U093,2026-05-02 14:02:00,Swiggy,Entertainment,2931.06,UPI
U093,T00004_U093,2026-09-01 06:48:00,Netflix,Entertainment,409.11,UPI
U093,T00005_U093,2026-06-14 11:47:00,Local Store,Travel,1877.15,UPI
U093,T00006_U093,2026-03-20 21:34:00,Uber,Healthcare,1199.68,Card
U093,T00007_U093,2026-07-18 01:03:00,Clinic,Bills,1451.15,Wallet
U093,T00008_U093,2026-01-01 18:58:00,Myntra,Food,1707.83,Card
U093,T00009_U093,2026-02-20 11:06:00,Amazon,Travel,1405.76,Card
U093,T00010_U093,2026-06-02 01:03:00,Local Store,Travel,1390.88,Wallet
U093,T00011_U093,2026-07-08 08:42:00,Netflix,Travel,2274.52,Wallet
U093,T00012_U093,2026-08-28 14:23:00,Local Store,Travel,4152.56,UPI
U093,T00013_U093,2026-05-06 09:01:00,Amazon,Food,1911.51,Card
U093,T00014_U093,2026-03-10 05:39:00,Uber,Food,160.85,UPI
U093,T00015_U093,2026-07-02 00:30:00,Myntra,Entertainment,3436.27,UPI
U093,T00016_U093,2026-03-17 23:06:00,Myntra,Entertainment,2219.27,Card
U093,T00017_U093,2026-04-24 08:11:00,Amazon,Shopping,1342.74,Card
U093,T00018_U093,2026-02-13 21:38:00,Netflix,Bills,1211.74,Wallet
U093,T00019_U093,2026-09-20 15:13:00,Amazon,Travel,1706.63,UPI
U093,T00020_U093,2026-08-17 04:13:00,Clinic,Food,927.98,Wallet
U093,T00021_U093,2026-04-19 12:47:00,Clinic,Food,1219.24,Wallet
U093,T00022_U093,2026-09-12 16:58:00,Netflix,Bills,601.27,Wallet
U093,T00023_U093,2026-07-06 05:20:00,Netflix,Bills,2183.8,Card
U093,T00024_U093,2026-06-15 20:47:00,Netflix,Bills,387.82,Card
U093,T00025_U093,2026-02-23 09:15:00,Gym,Bills,299.0,Card
U093,T00026_U093,2026-05-01 00:34:00,Uber,Bills,2463.54,Card
U093,T00027_U093,2026-03-02 09:19:00,Myntra,Healthcare,1792.49,Wallet
U093,T00028_U093,2026-01-26 18:55:00,Local Store,Healthcare,1489.58,UPI
U093,T00029_U093,2026-09-12 10:44:00,Swiggy,Entertainment,342.19,Card
U093,T00030_U093,2026-01-09 16:34:00,Local Store,Food,584.99,Card
U093,T00031_U093,2026-09-24 09:21:00,Netflix,Travel,116.19,Card
U093,T00032_U093,2026-04-03 19:24:00,Flipkart,Travel,2361.99,Card
U093,T00033_U093,2026-08-31 13:46:00,Swiggy,Bills,2313.64,Card
U093,T00034_U093,2026-05-01 10:03:00,Amazon,Travel,2887.71,Card
U093,T00035_U093,2026-01-16 05:29:00,Netflix,Travel,728.42,Card
U093,T00036_U093,2026-01-28 03:58:00,Myntra,Travel,4144.47,Wallet
U093,T00037_U093,2026-04-14 13:36:00,Myntra,Shopping,1405.44,UPI
U093,T00038_U093,2026-03-21 03:07:00,Uber,Food,1512.75,Wallet
U093,T00039_U093,2026-01-22 20:40:00,Uber,Healthcare,1033.5,Card
U093,T00040_U093,2026-07-04 06:58:00,Flipkart,Travel,229.88,Card
U093,T00041_U093,2026-04-12 09:38:00,Local Store,Food,1002.29,UPI
U093,T00042_U093,2026-07-11 23:20:00,Clinic,Entertainment,4088.0,Wallet
U093,T00043_U093,2026-01-21 08:22:00,Uber,Travel,560.95,UPI
U093,T00044_U093,2026-04-24 06:05:00,Flipkart,Bills,277.17,UPI
U093,T00045_U093,2026-02-08 22:02:00,Amazon,Bills,382.1,UPI
U093,T00046_U093,2026-04-22 17:31:00,Flipkart,Entertainment,2328.75,Wallet
U093,T00047_U093,2026-01-14 01:28:00,Clinic,Healthcare,2949.84,Wallet
U093,T00048_U093,2026-02-18 18:44:00,Clinic,Entertainment,2300.91,Wallet
U093,T00049_U093,2026-08-02 12:27:00,Uber,Bills,4337.68,UPI
U093,T00050_U093,2026-08-10 10:02:00,Netflix,Bills,299.0,Card
U093,T00051_U093,2026-03-13 09:38:00,Swiggy,Healthcare,359.4,Card
U093,T00052_U093,2026-01-28 11:19:00,Flipkart,Shopping,1518.37,Wallet
U093,T00053_U093,2026-09-24 08:30:00,Flipkart,Healthcare,1336.61,Card
U093,T00054_U093,2026-05-08 18:20:00,Myntra,Shopping,527.05,Wallet
U093,T00055_U093,2026-09-22 00:05:00,Flipkart,Travel,2307.1,Card
U093,T00056_U093,2026-07-31 04:55:00,Swiggy,Food,1243.72,UPI
U093,T00057_U093,2026-02-27 23:38:00,Myntra,Shopping,2968.5,UPI
U093,T00058_U093,2026-02-26 15:14:00,Netflix,Bills,875.88,Card
U093,T00059_U093,2026-07-06 11:03:00,Amazon,Travel,1602.27,UPI
U093,T00060_U093,2026-08-27 21:59:00,Amazon,Entertainment,822.08,Card
U093,T00061_U093,2026-08-03 04:18:00,Flipkart,Travel,2745.81,Card
U093,T00062_U093,2026-02-15 02:01:00,Swiggy,Bills,392.51,Wallet
U093,T00063_U093,2026-07-21 08:39:00,Flipkart,Food,2324.93,Wallet
U093,T00064_U093,2026-09-02 08:54:00,Netflix,Bills,3341.83,Card
U093,T00065_U093,2026-03-18 15:21:00,Flipkart,Healthcare,316.54,Card
U093,T00066_U093,2026-02-05 00:23:00,Amazon,Shopping,1036.01,UPI
U093,T00067_U093,2026-09-12 06:16:00,Flipkart,Shopping,1412.02,UPI
U093,T00068_U093,2026-01-31 00:48:00,Swiggy,Food,1177.16,UPI
U093,T00069_U093,2026-03-09 14:29:00,Swiggy,Entertainment,1033.88,Card
U093,T00070_U093,2026-03-10 11:42:00,Netflix,Bills,2443.47,Card
U093,T00071_U093,2026-08-30 09:19:00,Amazon,Food,657.6,Wallet
U093,T00072_U093,2026-05-27 05:05:00,Myntra,Entertainment,2489.96,Card
U093,T00073_U093,2026-05-10 20:09:00,Uber,Food,231.92,Wallet
U093,T00074_U093,2026-05-28 15:35:00,Amazon,Healthcare,928.51,Card
U093,T00075_U093,2026-02-05 20:26:00,Netflix,Bills,299.0,Card
U093,T00076_U093,2026-05-01 22:33:00,Myntra,Healthcare,1982.86,UPI
U093,T00077_U093,2026-06-06 11:41:00,Swiggy,Travel,1517.28,UPI
U093,T00078_U093,2026-04-19 06:57:00,Clinic,Food,211.46,Wallet
U093,T00079_U093,2026-03-24 22:17:00,Myntra,Shopping,1898.68,UPI
U093,T00080_U093,2026-05-30 19:28:00,Flipkart,Healthcare,1477.48,Card
U093,T00081_U093,2026-04-18 21:18:00,Uber,Entertainment,1254.29,Wallet
U093,T00082_U093,2026-08-10 10:36:00,Flipkart,Food,336.63,UPI
U093,T00083_U093,2026-02-06 11:08:00,Flipkart,Shopping,2448.79,Wallet
U093,T00084_U093,2026-02-17 11:56:00,Netflix,Bills,2350.4,Wallet
U093,T00085_U093,2026-02-06 05:12:00,Local Store,Entertainment,1022.09,Wallet
U093,T00086_U093,2026-03-30 07:09:00,Flipkart,Shopping,478.78,Card
U093,T00087_U093,2026-03-26 05:20:00,Uber,Healthcare,1480.9,Card
U093,T00088_U093,2026-07-05 14:01:00,Amazon,Shopping,2008.45,UPI
U093,T00089_U093,2026-02-14 20:13:00,Myntra,Shopping,1227.58,UPI
U093,T00090_U093,2026-01-30 16:06:00,Amazon,Travel,1500.05,Card
U093,T00091_U093,2026-07-03 14:17:00,Netflix,Healthcare,3455.48,Card
U093,T00092_U093,2026-03-04 14:48:00,Flipkart,Shopping,171.05,Card
U093,T00093_U093,2026-09-17 14:25:00,Clinic,Travel,1373.65,Card
U093,T00094_U093,2026-02-07 13:25:00,Netflix,Travel,1626.37,UPI
U093,T00095_U093,2026-08-13 04:50:00,Local Store,Bills,809.04,UPI
U093,T00096_U093,2026-08-11 01:57:00,Clinic,Food,2866.92,Card
U093,T00097_U093,2026-03-23 05:52:00,Myntra,Healthcare,1557.59,Wallet
U093,T00098_U093,2026-05-26 10:12:00,Local Store,Food,1794.83,Card
U093,T00099_U093,2026-02-11 12:18:00,Amazon,Travel,1413.37,UPI
U094,T00000_U094,2026-06-20 08:54:00,Spotify,Bills,199.0,Wallet
U094,T00001_U094,2026-05-20 05:01:00,Local Store,Entertainment,1763.74,Wallet
U094,T00002_U094,2026-01-20 20:39:00,Local Store,Entertainment,889.94,Wallet
U094,T00003_U094,2026-02-10 07:06:00,Clinic,Food,152.89,Wallet
U094,T00004_U094,2026-09-25 14:33:00,Amazon,Healthcare,900.38,Card
U094,T00005_U094,2026-03-03 13:54:00,Amazon,Entertainment,1626.34,Card
U094,T00006_U094,2026-01-26 21:36:00,Local Store,Bills,1132.99,Wallet
U094,T00007_U094,2026-06-18 03:46:00,Myntra,Entertainment,276.11,Card
U094,T00008_U094,2026-03-16 20:33:00,Clinic,Travel,1568.71,UPI
U094,T00009_U094,2026-02-03 10:58:00,Amazon,Travel,3317.75,Card
U094,T00010_U094,2026-09-21 18:35:00,Amazon,Travel,353.65,Wallet
U094,T00011_U094,2026-02-16 02:24:00,Clinic,Healthcare,3630.4,UPI
U094,T00012_U094,2026-05-20 16:03:00,Netflix,Bills,380.16,Card
U094,T00013_U094,2026-07-26 13:28:00,Clinic,Travel,1681.25,Wallet
U094,T00014_U094,2026-07-14 18:20:00,Swiggy,Travel,437.43,UPI
U094,T00015_U094,2026-04-13 23:18:00,Flipkart,Shopping,2208.72,Card
U094,T00016_U094,2026-06-26 14:06:00,Amazon,Shopping,1213.56,UPI
U094,T00017_U094,2026-08-05 17:18:00,Amazon,Travel,2137.56,Card
U094,T00018_U094,2026-02-01 05:14:00,Clinic,Bills,3323.67,Wallet
U094,T00019_U094,2026-04-07 01:12:00,Amazon,Bills,3650.13,Card
U094,T00020_U094,2026-01-27 08:00:00,Local Store,Bills,2198.57,UPI
U094,T00021_U094,2026-08-05 04:57:00,Myntra,Bills,1260.89,Wallet
U094,T00022_U094,2026-07-02 06:28:00,Myntra,Entertainment,463.79,Wallet
U094,T00023_U094,2026-07-04 06:11:00,Clinic,Healthcare,756.14,UPI
U094,T00024_U094,2026-08-10 12:29:00,Uber,Travel,2213.36,Wallet
U094,T00025_U094,2026-01-08 11:36:00,Spotify,Bills,999.0,Card
U094,T00026_U094,2026-05-04 15:49:00,Netflix,Travel,4574.97,UPI
U094,T00027_U094,2026-09-17 22:33:00,Flipkart,Shopping,1823.25,UPI
U094,T00028_U094,2026-05-14 16:07:00,Swiggy,Entertainment,767.84,Wallet
U094,T00029_U094,2026-08-03 15:09:00,Uber,Bills,755.73,UPI
U094,T00030_U094,2026-02-05 13:58:00,Amazon,Shopping,2856.64,UPI
U094,T00031_U094,2026-05-18 14:09:00,Myntra,Food,1762.74,Wallet
U094,T00032_U094,2026-03-28 06:37:00,Clinic,Entertainment,175.63,Card
U094,T00033_U094,2026-09-01 01:55:00,Netflix,Food,4269.84,UPI
U094,T00034_U094,2026-05-17 09:15:00,Swiggy,Food,2316.32,UPI
U094,T00035_U094,2026-04-22 04:06:00,Flipkart,Food,3563.71,Card
U094,T00036_U094,2026-01-19 01:37:00,Myntra,Shopping,3250.79,UPI
U094,T00037_U094,2026-09-12 00:50:00,Flipkart,Bills,611.45,UPI
U094,T00038_U094,2026-02-01 07:49:00,Flipkart,Travel,266.78,Card
U094,T00039_U094,2026-04-22 01:59:00,Uber,Travel,1534.94,Wallet
U094,T00040_U094,2026-03-09 15:40:00,Local Store,Travel,1344.27,Wallet
U094,T00041_U094,2026-02-19 19:31:00,Uber,Travel,1099.11,Card
U094,T00042_U094,2026-05-13 17:56:00,Flipkart,Shopping,555.9,Card
U094,T00043_U094,2026-05-11 05:52:00,Swiggy,Travel,826.65,Card
U094,T00044_U094,2026-08-25 02:59:00,Clinic,Healthcare,1100.05,Wallet
U094,T00045_U094,2026-06-02 01:26:00,Amazon,Entertainment,3623.8,UPI
U094,T00046_U094,2026-08-10 21:02:00,Myntra,Food,2021.12,Card
U094,T00047_U094,2026-02-28 17:06:00,Local Store,Food,344.04,Wallet
U094,T00048_U094,2026-02-21 00:37:00,Myntra,Entertainment,1326.04,Card
U094,T00049_U094,2026-05-19 15:11:00,Swiggy,Healthcare,475.54,Card
U094,T00050_U094,2026-04-10 02:50:00,Spotify,Bills,499.0,Card
U094,T00051_U094,2026-04-20 05:37:00,Uber,Travel,110.14,Card
U094,T00052_U094,2026-08-12 16:44:00,Uber,Entertainment,455.37,Wallet
U094,T00053_U094,2026-07-21 23:07:00,Clinic,Healthcare,666.29,Card
U094,T00054_U094,2026-03-12 15:43:00,Flipkart,Shopping,1359.53,Wallet
U094,T00055_U094,2026-09-09 01:27:00,Uber,Food,889.2,UPI
U094,T00056_U094,2026-08-15 09:59:00,Netflix,Travel,1241.27,Wallet
U094,T00057_U094,2026-02-09 21:27:00,Clinic,Healthcare,579.91,Wallet
U094,T00058_U094,2026-03-17 20:04:00,Myntra,Travel,2385.34,UPI
U094,T00059_U094,2026-05-23 00:29:00,Amazon,Healthcare,3857.86,Wallet
U094,T00060_U094,2026-07-14 09:38:00,Amazon,Shopping,1287.08,Wallet
U094,T00061_U094,2026-04-24 18:18:00,Flipkart,Shopping,374.87,UPI
U094,T00062_U094,2026-05-16 04:19:00,Swiggy,Entertainment,1900.35,Wallet
U094,T00063_U094,2026-03-10 04:53:00,Amazon,Shopping,2933.75,Card
U094,T00064_U094,2026-05-29 01:50:00,Uber,Food,6567.28,Card
U094,T00065_U094,2026-03-25 08:07:00,Flipkart,Travel,1629.2,Wallet
U094,T00066_U094,2026-07-06 13:19:00,Local Store,Entertainment,623.7,Card
U094,T00067_U094,2026-02-10 16:02:00,Myntra,Food,1857.05,UPI
U094,T00068_U094,2026-07-17 06:15:00,Clinic,Travel,956.06,Wallet
U094,T00069_U094,2026-09-02 19:17:00,Clinic,Bills,1306.01,Card
U094,T00070_U094,2026-08-03 08:24:00,Local Store,Healthcare,1958.19,Card
U094,T00071_U094,2026-05-11 18:45:00,Flipkart,Food,826.52,Wallet
U094,T00072_U094,2026-02-22 12:58:00,Uber,Bills,2282.9,UPI
U094,T00073_U094,2026-03-27 09:49:00,Flipkart,Shopping,365.46,Card
U094,T00074_U094,2026-06-30 06:44:00,Flipkart,Shopping,2618.17,UPI
U094,T00075_U094,2026-03-03 09:25:00,Spotify,Bills,499.0,Wallet
U094,T00076_U094,2026-01-22 01:21:00,Amazon,Bills,3423.42,UPI
U094,T00077_U094,2026-08-05 11:04:00,Local Store,Travel,2179.95,Wallet
U094,T00078_U094,2026-02-13 17:58:00,Amazon,Shopping,1090.57,Wallet
U094,T00079_U094,2026-08-23 18:48:00,Swiggy,Food,869.94,Wallet
U094,T00080_U094,2026-04-21 08:05:00,Swiggy,Food,1295.05,UPI
U094,T00081_U094,2026-06-19 01:42:00,Amazon,Shopping,1336.84,UPI
U094,T00082_U094,2026-08-09 08:02:00,Flipkart,Shopping,520.62,UPI
U094,T00083_U094,2026-01-23 21:43:00,Netflix,Bills,1505.69,UPI
U094,T00084_U094,2026-04-08 03:09:00,Amazon,Healthcare,1674.24,Card
U094,T00085_U094,2026-07-08 18:49:00,Flipkart,Shopping,268.26,Card
U094,T00086_U094,2026-02-26 13:25:00,Netflix,Travel,2282.25,UPI
U094,T00087_U094,2026-07-14 01:07:00,Amazon,Bills,517.43,UPI
U094,T00088_U094,2026-04-15 04:35:00,Flipkart,Food,624.08,Wallet
U094,T00089_U094,2026-04-13 12:04:00,Uber,Travel,2440.82,Wallet
U094,T00090_U094,2026-03-04 15:37:00,Myntra,Shopping,2456.04,Wallet
U094,T00091_U094,2026-03-03 02:06:00,Local Store,Travel,3820.7,UPI
U094,T00092_U094,2026-09-10 07:30:00,Myntra,Food,393.08,UPI
U094,T00093_U094,2026-05-12 11:02:00,Flipkart,Shopping,881.83,Wallet
U094,T00094_U094,2026-07-23 14:14:00,Flipkart,Food,1694.06,UPI
U094,T00095_U094,2026-03-02 06:51:00,Myntra,Food,1186.12,Wallet
U094,T00096_U094,2026-07-15 12:44:00,Myntra,Entertainment,2087.59,UPI
U094,T00097_U094,2026-04-14 22:51:00,Myntra,Entertainment,287.85,UPI
U094,T00098_U094,2026-05-22 08:00:00,Swiggy,Entertainment,284.51,Card
U094,T00099_U094,2026-08-03 23:07:00,Myntra,Healthcare,323.24,Wallet
U095,T00000_U095,2026-05-25 08:59:00,Spotify,Bills,999.0,UPI
U095,T00001_U095,2026-01-15 15:18:00,Amazon,Bills,2311.41,Wallet
U095,T00002_U095,2026-04-07 11:15:00,Flipkart,Shopping,2385.21,Card
U095,T00003_U095,2026-02-02 14:22:00,Swiggy,Food,2675.84,Card
U095,T00004_U095,2026-07-17 11:34:00,Myntra,Shopping,2400.64,Wallet
U095,T00005_U095,2026-05-03 16:27:00,Local Store,Bills,423.63,Wallet
U095,T00006_U095,2026-06-24 16:31:00,Swiggy,Bills,2314.02,UPI
U095,T00007_U095,2026-09-03 06:02:00,Swiggy,Healthcare,1633.78,Card
U095,T00008_U095,2026-09-28 10:24:00,Amazon,Shopping,1744.04,UPI
U095,T00009_U095,2026-07-27 23:11:00,Local Store,Healthcare,1026.44,Card
U095,T00010_U095,2026-06-21 09:31:00,Amazon,Food,1704.66,UPI
U095,T00011_U095,2026-02-12 09:12:00,Netflix,Healthcare,1558.95,Wallet
U095,T00012_U095,2026-04-08 19:14:00,Uber,Bills,486.84,Card
U095,T00013_U095,2026-03-29 16:52:00,Myntra,Healthcare,3717.11,Wallet
U095,T00014_U095,2026-03-03 11:56:00,Netflix,Entertainment,3404.87,Card
U095,T00015_U095,2026-01-08 09:03:00,Myntra,Shopping,775.83,Card
U095,T00016_U095,2026-01-10 12:17:00,Amazon,Bills,593.53,Card
U095,T00017_U095,2026-09-13 16:59:00,Flipkart,Shopping,743.53,Card
U095,T00018_U095,2026-03-08 07:56:00,Swiggy,Travel,1074.25,Wallet
U095,T00019_U095,2026-06-09 06:48:00,Flipkart,Bills,1517.3,UPI
U095,T00020_U095,2026-07-19 00:25:00,Myntra,Healthcare,2713.96,Wallet
U095,T00021_U095,2026-03-17 07:39:00,Myntra,Food,1504.65,Card
U095,T00022_U095,2026-09-15 21:42:00,Uber,Entertainment,951.7,Card
U095,T00023_U095,2026-07-04 13:45:00,Swiggy,Healthcare,3745.69,Wallet
U095,T00024_U095,2026-07-30 16:57:00,Netflix,Entertainment,2366.61,Wallet
U095,T00025_U095,2026-06-09 16:07:00,Gym,Bills,499.0,Card
U095,T00026_U095,2026-05-26 16:53:00,Flipkart,Shopping,1289.12,Wallet
U095,T00027_U095,2026-06-27 19:05:00,Amazon,Healthcare,1596.94,Wallet
U095,T00028_U095,2026-05-15 03:53:00,Flipkart,Healthcare,1393.85,Card
U095,T00029_U095,2026-08-30 05:37:00,Amazon,Food,2800.51,Card
U095,T00030_U095,2026-01-23 23:49:00,Uber,Food,1862.92,Wallet
U095,T00031_U095,2026-04-01 06:05:00,Local Store,Healthcare,626.95,Card
U095,T00032_U095,2026-09-20 17:08:00,Uber,Healthcare,1750.24,Wallet
U095,T00033_U095,2026-03-29 14:07:00,Swiggy,Healthcare,1073.84,UPI
U095,T00034_U095,2026-03-31 17:55:00,Netflix,Bills,486.79,Wallet
U095,T00035_U095,2026-09-02 09:48:00,Uber,Healthcare,3976.81,Card
U095,T00036_U095,2026-04-28 12:21:00,Flipkart,Food,3120.22,Card
U095,T00037_U095,2026-08-23 01:45:00,Flipkart,Shopping,3550.48,Wallet
U095,T00038_U095,2026-03-25 11:01:00,Myntra,Entertainment,366.31,UPI
U095,T00039_U095,2026-01-04 07:54:00,Amazon,Travel,3904.48,Wallet
U095,T00040_U095,2026-08-16 19:42:00,Amazon,Travel,1593.87,Wallet
U095,T00041_U095,2026-08-10 20:11:00,Uber,Healthcare,998.38,Card
U095,T00042_U095,2026-01-17 11:23:00,Clinic,Bills,517.01,Card
U095,T00043_U095,2026-02-02 18:42:00,Netflix,Bills,2915.23,UPI
U095,T00044_U095,2026-03-21 19:28:00,Swiggy,Entertainment,536.9,Wallet
U095,T00045_U095,2026-05-26 11:35:00,Netflix,Travel,2120.92,UPI
U095,T00046_U095,2026-03-22 01:20:00,Clinic,Travel,3950.28,Wallet
U095,T00047_U095,2026-02-26 05:38:00,Local Store,Bills,1175.04,UPI
U095,T00048_U095,2026-07-07 21:55:00,Flipkart,Healthcare,1194.28,Wallet
U095,T00049_U095,2026-08-08 23:13:00,Myntra,Shopping,342.76,UPI
U095,T00050_U095,2026-07-01 11:56:00,Amazon Prime,Bills,199.0,Card
U095,T00051_U095,2026-07-31 04:04:00,Local Store,Travel,3916.7,Wallet
U095,T00052_U095,2026-07-12 06:31:00,Clinic,Travel,222.17,Wallet
U095,T00053_U095,2026-01-09 06:26:00,Flipkart,Entertainment,2393.88,Wallet
U095,T00054_U095,2026-08-07 21:45:00,Myntra,Food,1026.35,Wallet
U095,T00055_U095,2026-08-21 03:43:00,Netflix,Entertainment,3001.32,UPI
U095,T00056_U095,2026-06-20 07:48:00,Local Store,Food,896.8,Card
U095,T00057_U095,2026-04-04 05:32:00,Clinic,Bills,1346.1,UPI
U095,T00058_U095,2026-08-25 08:56:00,Swiggy,Entertainment,125.07,Card
U095,T00059_U095,2026-02-16 00:48:00,Myntra,Travel,2874.05,UPI
U095,T00060_U095,2026-07-10 02:30:00,Uber,Food,2712.61,Card
U095,T00061_U095,2026-05-13 10:00:00,Clinic,Food,219.35,Card
U095,T00062_U095,2026-05-13 01:51:00,Clinic,Healthcare,1937.05,UPI
U095,T00063_U095,2026-06-14 07:51:00,Local Store,Travel,355.31,Card
U095,T00064_U095,2026-06-18 20:21:00,Amazon,Shopping,1610.72,Card
U095,T00065_U095,2026-04-05 01:07:00,Amazon,Travel,1254.72,Wallet
U095,T00066_U095,2026-04-27 19:22:00,Myntra,Shopping,278.96,Wallet
U095,T00067_U095,2026-06-15 20:43:00,Netflix,Food,2029.17,UPI
U095,T00068_U095,2026-04-16 08:20:00,Local Store,Food,169.97,Card
U095,T00069_U095,2026-02-08 23:54:00,Myntra,Shopping,3534.25,Card
U095,T00070_U095,2026-01-07 21:55:00,Swiggy,Bills,1021.7,UPI
U095,T00071_U095,2026-08-08 01:59:00,Swiggy,Travel,2355.11,Card
U095,T00072_U095,2026-02-18 02:34:00,Flipkart,Shopping,1841.02,Wallet
U095,T00073_U095,2026-02-19 21:18:00,Uber,Healthcare,197.69,Wallet
U095,T00074_U095,2026-01-11 08:12:00,Flipkart,Bills,871.07,UPI
U095,T00075_U095,2026-08-21 06:47:00,Amazon Prime,Bills,299.0,UPI
U095,T00076_U095,2026-05-29 20:45:00,Amazon,Food,979.65,Card
U095,T00077_U095,2026-02-23 04:26:00,Myntra,Healthcare,3006.1,Wallet
U095,T00078_U095,2026-04-23 10:40:00,Amazon,Shopping,675.68,Wallet
U095,T00079_U095,2026-07-29 16:34:00,Local Store,Travel,319.36,Wallet
U095,T00080_U095,2026-05-18 10:48:00,Uber,Entertainment,1153.78,Wallet
U095,T00081_U095,2026-04-21 02:39:00,Clinic,Travel,2212.15,Card
U095,T00082_U095,2026-02-23 05:40:00,Flipkart,Shopping,2189.34,Wallet
U095,T00083_U095,2026-05-11 19:13:00,Clinic,Food,1665.22,Wallet
U095,T00084_U095,2026-06-08 10:29:00,Uber,Bills,701.07,Wallet
U095,T00085_U095,2026-02-01 23:51:00,Myntra,Shopping,637.04,Wallet
U095,T00086_U095,2026-07-17 10:58:00,Swiggy,Healthcare,1668.64,Wallet
U095,T00087_U095,2026-03-18 17:27:00,Amazon,Food,2496.49,Wallet
U095,T00088_U095,2026-05-08 14:26:00,Amazon,Bills,175.78,UPI
U095,T00089_U095,2026-02-19 22:41:00,Amazon,Shopping,1367.29,UPI
U095,T00090_U095,2026-01-23 09:29:00,Uber,Food,765.18,Card
U095,T00091_U095,2026-05-11 10:54:00,Myntra,Shopping,937.87,UPI
U095,T00092_U095,2026-02-15 22:04:00,Netflix,Bills,282.07,UPI
U095,T00093_U095,2026-01-04 18:17:00,Myntra,Travel,2043.1,Wallet
U095,T00094_U095,2026-03-09 02:26:00,Netflix,Travel,519.83,UPI
U095,T00095_U095,2026-01-06 00:00:00,Clinic,Bills,2148.06,UPI
U095,T00096_U095,2026-06-07 07:29:00,Myntra,Entertainment,484.25,Wallet
U095,T00097_U095,2026-07-08 10:27:00,Flipkart,Bills,287.64,Card
U095,T00098_U095,2026-04-29 11:18:00,Amazon,Bills,3257.66,Card
U095,T00099_U095,2026-04-13 04:29:00,Amazon,Entertainment,2712.26,Wallet
U096,T00000_U096,2026-01-21 07:28:00,Netflix,Bills,199.0,UPI
U096,T00001_U096,2026-06-13 22:51:00,Myntra,Shopping,2461.01,Wallet
U096,T00002_U096,2026-04-23 06:21:00,Netflix,Bills,374.35,Card
U096,T00003_U096,2026-02-04 20:18:00,Uber,Bills,236.37,Card
U096,T00004_U096,2026-08-09 15:08:00,Flipkart,Shopping,1954.2,Wallet
U096,T00005_U096,2026-02-11 03:33:00,Myntra,Bills,580.05,UPI
U096,T00006_U096,2026-08-13 12:54:00,Swiggy,Healthcare,877.99,Wallet
U096,T00007_U096,2026-07-06 10:34:00,Clinic,Healthcare,2485.85,UPI
U096,T00008_U096,2026-05-09 04:23:00,Flipkart,Shopping,3158.44,Card
U096,T00009_U096,2026-09-02 22:15:00,Myntra,Shopping,3726.67,UPI
U096,T00010_U096,2026-09-06 00:11:00,Clinic,Bills,1000.97,Card
U096,T00011_U096,2026-03-07 06:35:00,Netflix,Food,1193.75,UPI
U096,T00012_U096,2026-03-01 12:54:00,Local Store,Healthcare,801.6,Card
U096,T00013_U096,2026-09-25 20:49:00,Myntra,Healthcare,1246.2,Card
U096,T00014_U096,2026-03-28 16:36:00,Uber,Food,830.46,Wallet
U096,T00015_U096,2026-05-30 09:25:00,Local Store,Food,4043.92,Card
U096,T00016_U096,2026-09-17 19:38:00,Amazon,Shopping,268.76,Wallet
U096,T00017_U096,2026-04-28 06:46:00,Uber,Food,1038.15,Wallet
U096,T00018_U096,2026-06-16 06:19:00,Netflix,Healthcare,1099.12,Card
U096,T00019_U096,2026-01-08 09:19:00,Myntra,Entertainment,719.7,Card
U096,T00020_U096,2026-05-30 03:25:00,Myntra,Shopping,3103.42,Card
U096,T00021_U096,2026-02-18 15:03:00,Swiggy,Food,629.81,Card
U096,T00022_U096,2026-01-09 08:53:00,Uber,Entertainment,2014.82,UPI
U096,T00023_U096,2026-03-09 23:58:00,Local Store,Food,3187.14,UPI
U096,T00024_U096,2026-07-11 21:48:00,Swiggy,Bills,1764.83,Wallet
U096,T00025_U096,2026-06-16 13:37:00,Netflix,Bills,999.0,UPI
U096,T00026_U096,2026-09-14 16:32:00,Clinic,Food,2044.34,Card
U096,T00027_U096,2026-03-18 01:30:00,Flipkart,Travel,232.52,Wallet
U096,T00028_U096,2026-08-16 14:09:00,Myntra,Shopping,2103.02,Card
U096,T00029_U096,2026-08-16 07:17:00,Netflix,Bills,2235.76,Wallet
U096,T00030_U096,2026-08-12 01:05:00,Netflix,Healthcare,2053.3,Card
U096,T00031_U096,2026-06-15 08:36:00,Uber,Food,1755.47,Card
U096,T00032_U096,2026-02-04 13:57:00,Myntra,Entertainment,3157.05,UPI
U096,T00033_U096,2026-06-13 04:25:00,Clinic,Food,549.24,UPI
U096,T00034_U096,2026-08-09 16:15:00,Clinic,Healthcare,436.76,UPI
U096,T00035_U096,2026-02-04 13:16:00,Netflix,Bills,3702.34,UPI
U096,T00036_U096,2026-04-23 04:42:00,Amazon,Travel,2839.64,UPI
U096,T00037_U096,2026-05-10 17:56:00,Flipkart,Food,143.51,UPI
U096,T00038_U096,2026-06-05 21:15:00,Myntra,Entertainment,4195.08,Card
U096,T00039_U096,2026-02-28 21:21:00,Amazon,Shopping,194.72,Wallet
U096,T00040_U096,2026-09-13 22:24:00,Myntra,Shopping,107.95,Card
U096,T00041_U096,2026-02-17 00:53:00,Swiggy,Food,1807.17,Wallet
U096,T00042_U096,2026-02-03 18:22:00,Amazon,Healthcare,2550.47,Wallet
U096,T00043_U096,2026-04-14 22:09:00,Local Store,Bills,878.15,Card
U096,T00044_U096,2026-07-17 03:19:00,Swiggy,Travel,2540.8,Wallet
U096,T00045_U096,2026-09-03 17:23:00,Flipkart,Food,2960.24,Wallet
U096,T00046_U096,2026-04-14 12:41:00,Myntra,Food,914.46,Card
U096,T00047_U096,2026-03-27 21:42:00,Local Store,Healthcare,2200.02,Wallet
U096,T00048_U096,2026-02-10 04:19:00,Netflix,Food,2490.34,UPI
U096,T00049_U096,2026-02-11 20:50:00,Flipkart,Healthcare,1996.98,UPI
U096,T00050_U096,2026-08-21 06:01:00,Spotify,Bills,299.0,Wallet
U096,T00051_U096,2026-08-16 19:50:00,Netflix,Healthcare,2373.33,UPI
U096,T00052_U096,2026-08-28 23:29:00,Local Store,Travel,7486.73,Card
U096,T00053_U096,2026-02-22 00:35:00,Uber,Bills,1108.41,UPI
U096,T00054_U096,2026-06-22 19:17:00,Swiggy,Healthcare,563.29,Card
U096,T00055_U096,2026-05-15 18:19:00,Amazon,Healthcare,563.98,UPI
U096,T00056_U096,2026-01-12 18:32:00,Netflix,Travel,966.45,Wallet
U096,T00057_U096,2026-03-11 11:20:00,Uber,Travel,2042.17,UPI
U096,T00058_U096,2026-09-18 10:55:00,Uber,Food,318.72,UPI
U096,T00059_U096,2026-07-20 23:12:00,Myntra,Shopping,3254.08,UPI
U096,T00060_U096,2026-05-01 06:47:00,Flipkart,Shopping,194.14,UPI
U096,T00061_U096,2026-02-25 02:07:00,Flipkart,Healthcare,2256.11,Wallet
U096,T00062_U096,2026-08-04 15:45:00,Swiggy,Healthcare,2382.24,UPI
U096,T00063_U096,2026-04-19 23:55:00,Myntra,Travel,2263.11,UPI
U096,T00064_U096,2026-02-09 03:33:00,Swiggy,Bills,3513.77,Wallet
U096,T00065_U096,2026-01-26 16:30:00,Flipkart,Bills,2224.18,UPI
U096,T00066_U096,2026-01-24 19:41:00,Flipkart,Food,1339.05,Wallet
U096,T00067_U096,2026-02-12 20:41:00,Local Store,Bills,2072.64,UPI
U096,T00068_U096,2026-03-24 00:54:00,Myntra,Bills,2006.09,Wallet
U096,T00069_U096,2026-09-17 20:07:00,Amazon,Bills,738.32,UPI
U096,T00070_U096,2026-06-12 20:51:00,Local Store,Bills,530.17,Wallet
U096,T00071_U096,2026-05-08 11:32:00,Swiggy,Healthcare,969.62,Wallet
U096,T00072_U096,2026-09-26 14:31:00,Local Store,Healthcare,1300.59,Card
U096,T00073_U096,2026-07-28 17:31:00,Swiggy,Bills,753.63,Card
U096,T00074_U096,2026-05-20 05:59:00,Flipkart,Shopping,2344.05,Wallet
U096,T00075_U096,2026-07-15 08:32:00,Spotify,Bills,999.0,UPI
U096,T00076_U096,2026-03-16 18:02:00,Netflix,Entertainment,713.55,UPI
U096,T00077_U096,2026-03-20 20:16:00,Swiggy,Bills,317.53,Card
U096,T00078_U096,2026-07-18 17:36:00,Flipkart,Bills,2079.61,UPI
U096,T00079_U096,2026-02-25 10:57:00,Local Store,Bills,957.0,Wallet
U096,T00080_U096,2026-07-12 13:43:00,Amazon,Bills,755.57,UPI
U096,T00081_U096,2026-05-19 17:54:00,Netflix,Travel,2411.65,Card
U096,T00082_U096,2026-05-04 13:29:00,Flipkart,Bills,2227.05,Card
U096,T00083_U096,2026-04-08 06:16:00,Clinic,Travel,239.69,Wallet
U096,T00084_U096,2026-02-06 02:58:00,Netflix,Entertainment,4214.77,Card
U096,T00085_U096,2026-07-28 02:45:00,Uber,Travel,3724.29,Card
U096,T00086_U096,2026-01-31 16:44:00,Netflix,Bills,1523.64,UPI
U096,T00087_U096,2026-07-16 03:06:00,Swiggy,Travel,2863.25,UPI
U096,T00088_U096,2026-06-23 18:26:00,Local Store,Food,2312.05,Wallet
U096,T00089_U096,2026-06-21 11:11:00,Flipkart,Shopping,154.93,Card
U096,T00090_U096,2026-05-28 06:27:00,Uber,Food,2555.52,Card
U096,T00091_U096,2026-07-22 23:48:00,Amazon,Food,1710.5,Wallet
U096,T00092_U096,2026-06-11 14:25:00,Myntra,Bills,1137.45,UPI
U096,T00093_U096,2026-08-11 19:44:00,Swiggy,Healthcare,1624.78,Wallet
U096,T00094_U096,2026-09-01 07:41:00,Flipkart,Food,2204.84,Wallet
U096,T00095_U096,2026-01-18 14:29:00,Local Store,Travel,1150.21,Card
U096,T00096_U096,2026-04-21 06:19:00,Clinic,Food,228.85,Card
U096,T00097_U096,2026-06-22 00:07:00,Flipkart,Healthcare,995.54,Card
U096,T00098_U096,2026-04-27 23:05:00,Myntra,Entertainment,3515.9,Card
U096,T00099_U096,2026-08-05 22:14:00,Netflix,Food,931.43,UPI
U097,T00000_U097,2026-07-20 03:52:00,Amazon Prime,Bills,299.0,Card
U097,T00001_U097,2026-04-17 05:13:00,Swiggy,Food,1167.85,Wallet
U097,T00002_U097,2026-06-22 15:30:00,Uber,Bills,1105.12,UPI
U097,T00003_U097,2026-07-10 09:08:00,Amazon,Food,316.7,Card
U097,T00004_U097,2026-07-20 16:11:00,Myntra,Entertainment,1058.29,Wallet
U097,T00005_U097,2026-06-05 01:05:00,Amazon,Bills,1934.21,Wallet
U097,T00006_U097,2026-05-12 03:35:00,Myntra,Food,1881.28,Wallet
U097,T00007_U097,2026-02-22 06:48:00,Uber,Food,1361.71,Wallet
U097,T00008_U097,2026-03-13 14:26:00,Flipkart,Healthcare,748.23,Wallet
U097,T00009_U097,2026-05-15 13:14:00,Clinic,Travel,1861.05,Wallet
U097,T00010_U097,2026-09-28 12:40:00,Flipkart,Bills,1227.01,UPI
U097,T00011_U097,2026-08-27 09:21:00,Amazon,Entertainment,846.95,Wallet
U097,T00012_U097,2026-08-17 05:28:00,Clinic,Travel,1529.11,UPI
U097,T00013_U097,2026-03-05 22:41:00,Swiggy,Bills,1512.49,UPI
U097,T00014_U097,2026-08-06 14:32:00,Myntra,Food,1837.66,Card
U097,T00015_U097,2026-07-01 08:59:00,Flipkart,Shopping,1927.74,Card
U097,T00016_U097,2026-08-20 21:44:00,Uber,Food,1727.21,Card
U097,T00017_U097,2026-06-22 17:34:00,Amazon,Entertainment,619.78,Card
U097,T00018_U097,2026-04-10 04:15:00,Swiggy,Travel,1256.35,Wallet
U097,T00019_U097,2026-08-23 14:20:00,Uber,Travel,1827.22,Wallet
U097,T00020_U097,2026-05-27 01:53:00,Uber,Food,765.12,Wallet
U097,T00021_U097,2026-09-06 18:44:00,Netflix,Bills,1201.87,Wallet
U097,T00022_U097,2026-01-03 02:43:00,Local Store,Bills,6255.67,Wallet
U097,T00023_U097,2026-08-15 18:13:00,Myntra,Bills,1284.2,Wallet
U097,T00024_U097,2026-04-10 12:40:00,Swiggy,Healthcare,2183.18,Wallet
U097,T00025_U097,2026-09-10 18:33:00,Gym,Bills,299.0,UPI
U097,T00026_U097,2026-09-13 21:57:00,Flipkart,Healthcare,2371.75,Wallet
U097,T00027_U097,2026-05-05 16:04:00,Amazon,Food,3070.78,UPI
U097,T00028_U097,2026-05-24 00:32:00,Flipkart,Healthcare,395.1,Wallet
U097,T00029_U097,2026-03-18 22:45:00,Uber,Entertainment,1960.89,Card
U097,T00030_U097,2026-05-27 08:59:00,Local Store,Travel,1758.63,UPI
U097,T00031_U097,2026-04-02 04:59:00,Netflix,Healthcare,303.93,Wallet
U097,T00032_U097,2026-09-25 16:53:00,Uber,Healthcare,1302.04,Wallet
U097,T00033_U097,2026-01-06 11:36:00,Uber,Travel,1249.96,UPI
U097,T00034_U097,2026-01-04 00:08:00,Myntra,Bills,1473.17,Card
U097,T00035_U097,2026-02-18 09:55:00,Flipkart,Shopping,562.05,Wallet
U097,T00036_U097,2026-09-21 01:50:00,Flipkart,Food,3251.05,UPI
U097,T00037_U097,2026-05-20 19:10:00,Uber,Bills,2084.44,Wallet
U097,T00038_U097,2026-07-26 19:49:00,Netflix,Entertainment,1280.07,Wallet
U097,T00039_U097,2026-06-22 07:40:00,Netflix,Entertainment,2119.74,UPI
U097,T00040_U097,2026-04-01 04:00:00,Myntra,Entertainment,956.05,Wallet
U097,T00041_U097,2026-01-25 10:24:00,Myntra,Food,2294.85,UPI
U097,T00042_U097,2026-05-18 15:41:00,Flipkart,Food,505.02,Wallet
U097,T00043_U097,2026-02-13 07:50:00,Flipkart,Healthcare,1213.49,UPI
U097,T00044_U097,2026-01-31 12:34:00,Swiggy,Travel,2410.82,UPI
U097,T00045_U097,2026-04-29 17:54:00,Netflix,Travel,1518.36,Wallet
U097,T00046_U097,2026-04-07 05:49:00,Swiggy,Food,1753.18,Wallet
U097,T00047_U097,2026-03-10 21:08:00,Uber,Travel,1735.38,Wallet
U097,T00048_U097,2026-03-04 07:02:00,Local Store,Healthcare,2549.53,Card
U097,T00049_U097,2026-06-12 21:51:00,Swiggy,Entertainment,770.56,Wallet
U097,T00050_U097,2026-04-07 13:16:00,Netflix,Bills,499.0,UPI
U097,T00051_U097,2026-03-05 16:08:00,Flipkart,Shopping,1089.71,UPI
U097,T00052_U097,2026-07-10 01:04:00,Myntra,Food,849.71,Wallet
U097,T00053_U097,2026-03-22 23:48:00,Flipkart,Food,2266.56,UPI
U097,T00054_U097,2026-06-11 16:57:00,Uber,Food,2454.52,Card
U097,T00055_U097,2026-04-30 10:02:00,Flipkart,Shopping,480.68,UPI
U097,T00056_U097,2026-07-20 02:03:00,Amazon,Healthcare,2606.04,Card
U097,T00057_U097,2026-04-25 21:09:00,Swiggy,Food,888.7,Card
U097,T00058_U097,2026-09-15 20:19:00,Myntra,Healthcare,2051.36,Wallet
U097,T00059_U097,2026-02-15 09:59:00,Flipkart,Healthcare,1626.25,UPI
U097,T00060_U097,2026-06-05 22:45:00,Clinic,Food,4329.85,UPI
U097,T00061_U097,2026-09-06 13:15:00,Amazon,Food,1527.01,Wallet
U097,T00062_U097,2026-02-22 03:22:00,Flipkart,Travel,3098.77,Wallet
U097,T00063_U097,2026-08-17 01:05:00,Uber,Healthcare,634.6,Card
U097,T00064_U097,2026-09-25 04:52:00,Local Store,Food,980.37,UPI
U097,T00065_U097,2026-01-16 20:01:00,Flipkart,Bills,1616.5,Wallet
U097,T00066_U097,2026-09-11 06:27:00,Myntra,Travel,1655.49,Wallet
U097,T00067_U097,2026-04-15 19:29:00,Flipkart,Shopping,2466.82,Wallet
U097,T00068_U097,2026-03-06 01:47:00,Netflix,Healthcare,1400.86,Wallet
U097,T00069_U097,2026-08-26 19:45:00,Local Store,Food,1167.23,UPI
U097,T00070_U097,2026-03-14 14:52:00,Uber,Bills,2029.37,Wallet
U097,T00071_U097,2026-01-10 03:14:00,Netflix,Food,3461.13,Card
U097,T00072_U097,2026-04-14 07:41:00,Myntra,Healthcare,842.79,Wallet
U097,T00073_U097,2026-08-21 01:29:00,Flipkart,Healthcare,207.35,Wallet
U097,T00074_U097,2026-09-18 15:35:00,Amazon,Entertainment,1478.47,UPI
U097,T00075_U097,2026-03-11 22:09:00,Amazon Prime,Bills,199.0,UPI
U097,T00076_U097,2026-07-26 02:27:00,Uber,Entertainment,990.86,Card
U097,T00077_U097,2026-08-10 23:41:00,Flipkart,Shopping,1363.0,UPI
U097,T00078_U097,2026-01-10 13:00:00,Netflix,Travel,2088.74,Wallet
U097,T00079_U097,2026-04-06 22:28:00,Amazon,Bills,779.68,Card
U097,T00080_U097,2026-01-19 10:42:00,Local Store,Healthcare,822.67,Card
U097,T00081_U097,2026-02-19 15:09:00,Amazon,Bills,508.61,Wallet
U097,T00082_U097,2026-09-20 03:20:00,Amazon,Shopping,1348.2,UPI
U097,T00083_U097,2026-06-02 06:01:00,Myntra,Bills,1722.37,Wallet
U097,T00084_U097,2026-04-11 06:07:00,Myntra,Food,2283.06,UPI
U097,T00085_U097,2026-09-15 10:44:00,Myntra,Shopping,1642.39,Card
U097,T00086_U097,2026-06-23 19:33:00,Flipkart,Food,719.73,UPI
U097,T00087_U097,2026-06-24 17:51:00,Local Store,Travel,955.5,Wallet
U097,T00088_U097,2026-07-06 02:37:00,Uber,Entertainment,2920.84,Card
U097,T00089_U097,2026-01-18 08:56:00,Uber,Travel,2180.45,Wallet
U097,T00090_U097,2026-03-13 21:01:00,Netflix,Bills,772.05,Card
U097,T00091_U097,2026-05-19 19:05:00,Amazon,Shopping,273.66,Card
U097,T00092_U097,2026-05-26 18:18:00,Myntra,Travel,540.99,Wallet
U097,T00093_U097,2026-05-02 04:39:00,Netflix,Healthcare,5832.29,Card
U097,T00094_U097,2026-03-21 14:58:00,Local Store,Bills,1879.41,UPI
U097,T00095_U097,2026-05-23 19:54:00,Netflix,Travel,155.78,Card
U097,T00096_U097,2026-08-15 17:41:00,Local Store,Healthcare,1804.38,UPI
U097,T00097_U097,2026-08-11 06:34:00,Myntra,Bills,1314.98,UPI
U097,T00098_U097,2026-01-07 23:21:00,Myntra,Healthcare,1135.42,UPI
U097,T00099_U097,2026-09-16 18:46:00,Local Store,Travel,482.17,UPI
U098,T00000_U098,2026-02-12 13:57:00,Amazon Prime,Bills,999.0,UPI
U098,T00001_U098,2026-08-07 07:00:00,Uber,Food,2069.11,UPI
U098,T00002_U098,2026-04-14 10:37:00,Amazon,Food,936.18,Card
U098,T00003_U098,2026-01-07 14:42:00,Netflix,Healthcare,2108.82,Card
U098,T00004_U098,2026-07-26 18:18:00,Uber,Food,2336.11,Wallet
U098,T00005_U098,2026-08-15 06:21:00,Myntra,Bills,1756.33,UPI
U098,T00006_U098,2026-07-16 04:23:00,Clinic,Entertainment,853.58,Card
U098,T00007_U098,2026-03-04 13:58:00,Local Store,Travel,3151.62,Card
U098,T00008_U098,2026-07-25 09:00:00,Flipkart,Entertainment,684.68,Card
U098,T00009_U098,2026-06-24 16:25:00,Clinic,Food,377.92,UPI
U098,T00010_U098,2026-08-05 18:52:00,Clinic,Entertainment,2468.48,Wallet
U098,T00011_U098,2026-04-05 08:57:00,Local Store,Bills,3218.45,Card
U098,T00012_U098,2026-04-13 13:38:00,Myntra,Shopping,300.4,UPI
U098,T00013_U098,2026-09-27 06:31:00,Uber,Bills,1165.55,Wallet
U098,T00014_U098,2026-05-29 02:31:00,Flipkart,Healthcare,1438.37,UPI
U098,T00015_U098,2026-03-01 01:30:00,Local Store,Bills,2565.11,UPI
U098,T00016_U098,2026-05-25 23:21:00,Flipkart,Food,1316.84,Wallet
U098,T00017_U098,2026-02-21 13:43:00,Netflix,Healthcare,2309.48,Wallet
U098,T00018_U098,2026-01-29 20:43:00,Amazon,Entertainment,1923.35,Card
U098,T00019_U098,2026-09-10 12:00:00,Netflix,Bills,2153.87,Card
U098,T00020_U098,2026-06-06 13:51:00,Flipkart,Food,2144.69,UPI
U098,T00021_U098,2026-03-28 09:08:00,Local Store,Bills,1408.77,UPI
U098,T00022_U098,2026-03-14 02:29:00,Myntra,Shopping,1815.46,Card
U098,T00023_U098,2026-08-23 07:38:00,Local Store,Food,2291.04,UPI
U098,T00024_U098,2026-09-08 05:31:00,Clinic,Healthcare,1918.63,Wallet
U098,T00025_U098,2026-04-10 13:23:00,Amazon Prime,Bills,999.0,Wallet
U098,T00026_U098,2026-08-10 13:22:00,Clinic,Healthcare,1608.94,Card
U098,T00027_U098,2026-05-11 00:57:00,Flipkart,Shopping,1847.09,Wallet
U098,T00028_U098,2026-03-07 06:16:00,Uber,Bills,2054.72,Card
U098,T00029_U098,2026-08-18 05:17:00,Uber,Healthcare,1527.18,UPI
U098,T00030_U098,2026-08-22 13:17:00,Myntra,Bills,1114.45,Card
U098,T00031_U098,2026-09-26 20:04:00,Netflix,Food,2303.9,Card
U098,T00032_U098,2026-09-20 02:35:00,Myntra,Shopping,2198.5,UPI
U098,T00033_U098,2026-04-24 20:15:00,Amazon,Healthcare,941.72,Card
U098,T00034_U098,2026-09-05 00:21:00,Myntra,Shopping,3485.02,UPI
U098,T00035_U098,2026-04-13 17:43:00,Swiggy,Entertainment,1053.56,Card
U098,T00036_U098,2026-04-04 09:39:00,Netflix,Bills,1823.47,UPI
U098,T00037_U098,2026-01-22 06:00:00,Clinic,Bills,2199.29,Wallet
U098,T00038_U098,2026-07-17 06:35:00,Swiggy,Healthcare,2339.77,UPI
U098,T00039_U098,2026-06-01 08:06:00,Amazon,Entertainment,1794.92,Wallet
U098,T00040_U098,2026-02-20 06:51:00,Local Store,Food,582.31,Card
U098,T00041_U098,2026-09-27 11:12:00,Local Store,Bills,311.56,UPI
U098,T00042_U098,2026-05-29 16:50:00,Swiggy,Food,1471.89,Card
U098,T00043_U098,2026-09-25 22:45:00,Netflix,Entertainment,1371.87,Card
U098,T00044_U098,2026-01-28 05:19:00,Flipkart,Bills,1634.41,UPI
U098,T00045_U098,2026-03-14 14:36:00,Flipkart,Healthcare,911.98,Card
U098,T00046_U098,2026-05-15 21:17:00,Swiggy,Travel,920.62,Wallet
U098,T00047_U098,2026-08-13 06:41:00,Amazon,Food,1519.48,Wallet
U098,T00048_U098,2026-06-15 04:25:00,Uber,Food,2946.94,Card
U098,T00049_U098,2026-09-23 05:53:00,Netflix,Travel,1860.15,Card
U098,T00050_U098,2026-08-06 07:27:00,Netflix,Bills,999.0,UPI
U098,T00051_U098,2026-08-13 19:37:00,Flipkart,Entertainment,2209.88,Card
U098,T00052_U098,2026-05-05 06:48:00,Myntra,Shopping,1789.25,Wallet
U098,T00053_U098,2026-06-20 14:02:00,Swiggy,Healthcare,2003.99,Card
U098,T00054_U098,2026-01-18 22:15:00,Flipkart,Travel,386.73,Card
U098,T00055_U098,2026-03-20 19:11:00,Amazon,Shopping,1072.28,UPI
U098,T00056_U098,2026-05-15 06:15:00,Clinic,Travel,312.25,UPI
U098,T00057_U098,2026-01-09 10:31:00,Myntra,Travel,2068.3,UPI
U098,T00058_U098,2026-08-06 00:24:00,Myntra,Bills,1944.76,UPI
U098,T00059_U098,2026-09-19 14:02:00,Myntra,Shopping,988.11,Wallet
U098,T00060_U098,2026-06-17 07:57:00,Swiggy,Food,1229.0,Wallet
U098,T00061_U098,2026-01-29 15:01:00,Local Store,Food,327.92,Card
U098,T00062_U098,2026-06-06 08:14:00,Netflix,Healthcare,2461.37,Wallet
U098,T00063_U098,2026-04-26 08:23:00,Clinic,Healthcare,2308.16,Card
U098,T00064_U098,2026-02-27 11:56:00,Local Store,Healthcare,596.05,Card
U098,T00065_U098,2026-01-10 13:43:00,Swiggy,Food,1900.84,Wallet
U098,T00066_U098,2026-02-10 07:43:00,Amazon,Shopping,266.89,UPI
U098,T00067_U098,2026-04-27 12:31:00,Myntra,Shopping,1308.98,UPI
U098,T00068_U098,2026-01-21 17:05:00,Swiggy,Entertainment,574.54,UPI
U098,T00069_U098,2026-04-17 23:47:00,Myntra,Travel,246.79,Wallet
U098,T00070_U098,2026-06-25 23:33:00,Swiggy,Healthcare,989.87,Wallet
U098,T00071_U098,2026-06-19 03:40:00,Local Store,Food,2028.94,UPI
U098,T00072_U098,2026-03-23 02:52:00,Uber,Food,3078.99,Card
U098,T00073_U098,2026-06-27 16:28:00,Flipkart,Shopping,2434.68,Wallet
U098,T00074_U098,2026-05-16 12:24:00,Local Store,Entertainment,2337.19,Card
U098,T00075_U098,2026-03-07 19:13:00,Spotify,Bills,999.0,UPI
U098,T00076_U098,2026-05-03 16:28:00,Uber,Entertainment,4008.87,Card
U098,T00077_U098,2026-04-29 16:42:00,Swiggy,Travel,2558.51,Card
U098,T00078_U098,2026-08-19 00:18:00,Netflix,Travel,2521.77,Wallet
U098,T00079_U098,2026-05-06 11:40:00,Clinic,Bills,1608.83,UPI
U098,T00080_U098,2026-02-19 01:37:00,Flipkart,Travel,2441.19,Card
U098,T00081_U098,2026-08-22 18:41:00,Uber,Healthcare,1887.82,Wallet
U098,T00082_U098,2026-09-19 07:00:00,Local Store,Food,2073.91,Wallet
U098,T00083_U098,2026-01-15 22:29:00,Flipkart,Travel,2499.41,UPI
U098,T00084_U098,2026-07-04 12:28:00,Swiggy,Entertainment,4527.9,Wallet
U098,T00085_U098,2026-05-10 05:30:00,Flipkart,Food,1545.47,Card
U098,T00086_U098,2026-06-21 09:47:00,Uber,Bills,1616.61,Wallet
U098,T00087_U098,2026-04-21 16:41:00,Netflix,Food,621.03,Card
U098,T00088_U098,2026-04-29 08:28:00,Amazon,Healthcare,4107.76,Card
U098,T00089_U098,2026-09-15 01:16:00,Swiggy,Entertainment,1464.82,Wallet
U098,T00090_U098,2026-06-08 08:22:00,Amazon,Shopping,989.53,Card
U098,T00091_U098,2026-02-25 09:34:00,Clinic,Food,721.35,Wallet
U098,T00092_U098,2026-03-30 03:41:00,Flipkart,Bills,795.12,Card
U098,T00093_U098,2026-07-19 16:25:00,Uber,Bills,2026.89,UPI
U098,T00094_U098,2026-05-24 02:24:00,Clinic,Travel,293.26,Card
U098,T00095_U098,2026-08-20 09:49:00,Amazon,Healthcare,171.78,Card
U098,T00096_U098,2026-07-30 06:56:00,Myntra,Shopping,4257.32,UPI
U098,T00097_U098,2026-01-17 05:49:00,Clinic,Travel,1402.8,Card
U098,T00098_U098,2026-06-22 07:21:00,Local Store,Entertainment,1105.81,Card
U098,T00099_U098,2026-04-20 13:53:00,Flipkart,Food,2310.21,UPI
U099,T00000_U099,2026-02-26 20:43:00,Gym,Bills,199.0,Card
U099,T00001_U099,2026-05-21 15:39:00,Uber,Bills,2257.48,Wallet
U099,T00002_U099,2026-02-21 17:43:00,Amazon,Travel,1535.3,Card
U099,T00003_U099,2026-09-20 06:44:00,Amazon,Shopping,1880.67,Wallet
U099,T00004_U099,2026-01-30 16:09:00,Myntra,Shopping,544.19,UPI
U099,T00005_U099,2026-03-26 06:14:00,Swiggy,Healthcare,763.44,Wallet
U099,T00006_U099,2026-05-06 04:59:00,Myntra,Entertainment,504.76,Card
U099,T00007_U099,2026-06-11 17:47:00,Amazon,Healthcare,346.29,UPI
U099,T00008_U099,2026-06-26 18:24:00,Clinic,Healthcare,2359.25,Wallet
U099,T00009_U099,2026-07-08 02:07:00,Clinic,Travel,1953.08,Card
U099,T00010_U099,2026-04-14 03:44:00,Flipkart,Travel,2056.36,Card
U099,T00011_U099,2026-03-14 20:47:00,Local Store,Entertainment,2213.16,UPI
U099,T00012_U099,2026-02-17 16:47:00,Amazon,Bills,1458.41,Wallet
U099,T00013_U099,2026-04-29 21:45:00,Uber,Travel,245.23,Wallet
U099,T00014_U099,2026-01-24 21:32:00,Flipkart,Shopping,1688.06,Wallet
U099,T00015_U099,2026-08-26 09:40:00,Flipkart,Healthcare,999.29,Card
U099,T00016_U099,2026-02-01 16:50:00,Uber,Travel,578.9,Wallet
U099,T00017_U099,2026-07-05 20:16:00,Myntra,Bills,1977.62,Card
U099,T00018_U099,2026-06-23 13:28:00,Flipkart,Travel,1900.1,Card
U099,T00019_U099,2026-07-29 17:33:00,Uber,Food,4851.7,UPI
U099,T00020_U099,2026-03-08 21:19:00,Flipkart,Food,1882.84,UPI
U099,T00021_U099,2026-09-08 06:12:00,Amazon,Shopping,1681.08,Wallet
U099,T00022_U099,2026-02-19 19:40:00,Uber,Travel,787.72,Wallet
U099,T00023_U099,2026-01-31 04:01:00,Uber,Bills,928.61,Wallet
U099,T00024_U099,2026-02-25 18:08:00,Netflix,Food,1243.62,Wallet
U099,T00025_U099,2026-09-17 13:52:00,Spotify,Bills,999.0,UPI
U099,T00026_U099,2026-03-27 00:50:00,Myntra,Travel,2506.64,UPI
U099,T00027_U099,2026-01-19 03:36:00,Local Store,Food,622.52,Card
U099,T00028_U099,2026-03-19 02:40:00,Myntra,Healthcare,2952.04,UPI
U099,T00029_U099,2026-05-10 09:14:00,Local Store,Entertainment,2019.98,Wallet
U099,T00030_U099,2026-03-21 23:58:00,Local Store,Food,1486.17,Card
U099,T00031_U099,2026-08-01 20:59:00,Local Store,Healthcare,2459.01,UPI
U099,T00032_U099,2026-08-14 01:28:00,Amazon,Food,3112.67,Card
U099,T00033_U099,2026-07-06 15:49:00,Flipkart,Travel,2280.39,Wallet
U099,T00034_U099,2026-03-08 10:49:00,Clinic,Healthcare,1433.52,Wallet
U099,T00035_U099,2026-04-16 14:05:00,Clinic,Food,1652.88,UPI
U099,T00036_U099,2026-06-29 22:41:00,Amazon,Entertainment,3107.63,Card
U099,T00037_U099,2026-02-11 16:35:00,Netflix,Entertainment,2298.49,Wallet
U099,T00038_U099,2026-02-15 11:35:00,Amazon,Bills,1368.36,Card
U099,T00039_U099,2026-03-13 07:38:00,Amazon,Shopping,1344.03,Wallet
U099,T00040_U099,2026-08-26 02:36:00,Clinic,Travel,492.64,UPI
U099,T00041_U099,2026-02-24 00:03:00,Uber,Food,3618.71,UPI
U099,T00042_U099,2026-05-30 01:27:00,Netflix,Healthcare,6031.88,UPI
U099,T00043_U099,2026-01-29 06:57:00,Swiggy,Entertainment,4347.33,UPI
U099,T00044_U099,2026-06-04 13:54:00,Myntra,Shopping,421.01,Wallet
U099,T00045_U099,2026-05-31 05:13:00,Flipkart,Entertainment,2012.54,UPI
U099,T00046_U099,2026-05-02 03:46:00,Clinic,Travel,168.33,Wallet
U099,T00047_U099,2026-01-10 23:23:00,Myntra,Entertainment,2970.23,Card
U099,T00048_U099,2026-03-25 07:24:00,Amazon,Shopping,2464.97,Card
U099,T00049_U099,2026-03-14 03:16:00,Clinic,Healthcare,1289.09,Wallet
U099,T00050_U099,2026-09-14 12:08:00,Netflix,Bills,299.0,UPI
U099,T00051_U099,2026-07-20 22:33:00,Netflix,Bills,561.02,Wallet
U099,T00052_U099,2026-02-05 06:47:00,Myntra,Travel,2402.73,Wallet
U099,T00053_U099,2026-05-25 14:33:00,Myntra,Bills,812.84,Wallet
U099,T00054_U099,2026-03-05 19:33:00,Amazon,Entertainment,2518.03,UPI
U099,T00055_U099,2026-09-09 04:12:00,Amazon,Shopping,2066.66,Wallet
U099,T00056_U099,2026-08-23 10:19:00,Flipkart,Food,2216.27,Card
U099,T00057_U099,2026-01-26 11:59:00,Uber,Travel,2033.9,UPI
U099,T00058_U099,2026-06-21 22:19:00,Netflix,Entertainment,944.52,UPI
U099,T00059_U099,2026-06-01 03:58:00,Amazon,Shopping,6982.69,UPI
U099,T00060_U099,2026-06-03 18:39:00,Uber,Food,2079.79,Card
U099,T00061_U099,2026-02-20 15:52:00,Clinic,Bills,1334.11,Card
U099,T00062_U099,2026-09-11 11:47:00,Amazon,Shopping,2296.53,Card
U099,T00063_U099,2026-06-10 09:21:00,Uber,Entertainment,435.26,Card
U099,T00064_U099,2026-04-28 14:13:00,Flipkart,Entertainment,756.82,Wallet
U099,T00065_U099,2026-06-26 06:28:00,Flipkart,Shopping,849.57,Card
U099,T00066_U099,2026-03-03 05:58:00,Amazon,Shopping,3307.89,Card
U099,T00067_U099,2026-05-04 13:38:00,Amazon,Shopping,312.02,Card
U099,T00068_U099,2026-09-19 11:15:00,Swiggy,Travel,422.61,Card
U099,T00069_U099,2026-01-09 16:59:00,Netflix,Bills,666.59,Wallet
U099,T00070_U099,2026-08-30 00:27:00,Uber,Healthcare,428.25,Card
U099,T00071_U099,2026-07-20 15:35:00,Myntra,Shopping,2107.91,Card
U099,T00072_U099,2026-03-06 08:25:00,Swiggy,Food,894.23,Wallet
U099,T00073_U099,2026-05-05 03:34:00,Uber,Food,4730.02,UPI
U099,T00074_U099,2026-06-17 01:51:00,Netflix,Healthcare,2643.06,Card
U099,T00075_U099,2026-01-07 13:48:00,Gym,Bills,299.0,Card
U099,T00076_U099,2026-01-06 12:04:00,Netflix,Food,195.02,Wallet
U099,T00077_U099,2026-02-20 15:51:00,Netflix,Food,687.12,UPI
U099,T00078_U099,2026-02-19 14:30:00,Uber,Healthcare,114.6,Wallet
U099,T00079_U099,2026-09-26 09:30:00,Clinic,Bills,972.43,UPI
U099,T00080_U099,2026-02-08 21:46:00,Netflix,Food,1870.09,Card
U099,T00081_U099,2026-06-15 23:04:00,Uber,Entertainment,781.46,Wallet
U099,T00082_U099,2026-09-28 04:33:00,Flipkart,Bills,2674.56,UPI
U099,T00083_U099,2026-01-21 18:29:00,Amazon,Travel,2140.33,Wallet
U099,T00084_U099,2026-08-01 17:50:00,Amazon,Shopping,2948.84,Wallet
U099,T00085_U099,2026-08-24 05:40:00,Flipkart,Healthcare,224.76,Card
U099,T00086_U099,2026-06-24 22:59:00,Clinic,Travel,2089.16,Card
U099,T00087_U099,2026-02-18 12:20:00,Uber,Bills,340.68,UPI
U099,T00088_U099,2026-01-04 01:46:00,Flipkart,Bills,4309.35,Card
U099,T00089_U099,2026-04-02 00:26:00,Local Store,Healthcare,3122.89,Card
U099,T00090_U099,2026-02-13 18:40:00,Amazon,Travel,1836.56,UPI
U099,T00091_U099,2026-04-03 16:44:00,Myntra,Healthcare,2085.2,Wallet
U099,T00092_U099,2026-01-03 05:27:00,Myntra,Travel,3806.68,UPI
U099,T00093_U099,2026-04-29 02:22:00,Myntra,Food,1214.6,Wallet
U099,T00094_U099,2026-02-13 22:50:00,Clinic,Entertainment,519.05,Wallet
U099,T00095_U099,2026-04-05 11:29:00,Flipkart,Bills,2217.55,Wallet
U099,T00096_U099,2026-02-24 04:14:00,Netflix,Food,2115.91,Card
U099,T00097_U099,2026-03-12 13:03:00,Amazon,Food,1624.23,Wallet
U099,T00098_U099,2026-02-24 05:58:00,Flipkart,Shopping,1252.39,Wallet
U099,T00099_U099,2026-02-01 02:40:00,Flipkart,Shopping,541.26,Card
U100,T00000_U100,2026-06-29 04:52:00,Amazon Prime,Bills,299.0,UPI
U100,T00001_U100,2026-06-28 22:03:00,Amazon,Food,443.45,Card
U100,T00002_U100,2026-03-01 10:32:00,Netflix,Food,2035.08,Wallet
U100,T00003_U100,2026-02-02 10:01:00,Uber,Healthcare,665.25,Wallet
U100,T00004_U100,2026-06-25 01:53:00,Amazon,Food,4235.88,Card
U100,T00005_U100,2026-06-19 01:33:00,Flipkart,Shopping,1379.81,UPI
U100,T00006_U100,2026-09-06 07:35:00,Clinic,Food,1579.54,UPI
U100,T00007_U100,2026-05-26 19:15:00,Amazon,Entertainment,1540.76,UPI
U100,T00008_U100,2026-05-22 11:07:00,Amazon,Travel,713.97,Wallet
U100,T00009_U100,2026-09-14 03:50:00,Netflix,Entertainment,2180.49,Wallet
U100,T00010_U100,2026-06-28 17:14:00,Flipkart,Travel,1533.28,UPI
U100,T00011_U100,2026-08-28 10:56:00,Myntra,Shopping,2720.65,Wallet
U100,T00012_U100,2026-01-29 11:11:00,Myntra,Shopping,4077.53,Card
U100,T00013_U100,2026-06-22 00:51:00,Amazon,Bills,3334.75,Card
U100,T00014_U100,2026-08-04 06:58:00,Local Store,Healthcare,3302.55,UPI
U100,T00015_U100,2026-07-08 16:21:00,Amazon,Bills,340.86,Card
U100,T00016_U100,2026-06-29 14:30:00,Clinic,Food,3816.93,Card
U100,T00017_U100,2026-07-04 15:27:00,Myntra,Entertainment,3872.63,UPI
U100,T00018_U100,2026-07-19 03:02:00,Myntra,Travel,2209.68,UPI
U100,T00019_U100,2026-08-31 06:58:00,Netflix,Healthcare,1000.71,UPI
U100,T00020_U100,2026-09-14 02:20:00,Clinic,Bills,1535.09,Card
U100,T00021_U100,2026-07-16 03:58:00,Swiggy,Entertainment,364.71,UPI
U100,T00022_U100,2026-05-14 22:29:00,Netflix,Travel,245.85,Card
U100,T00023_U100,2026-06-02 16:06:00,Uber,Travel,3228.65,Wallet
U100,T00024_U100,2026-05-15 08:26:00,Myntra,Healthcare,1059.73,UPI
U100,T00025_U100,2026-08-01 06:38:00,Netflix,Bills,299.0,Wallet
U100,T00026_U100,2026-04-30 06:17:00,Uber,Healthcare,3460.63,Card
U100,T00027_U100,2026-04-03 18:47:00,Myntra,Bills,1906.6,Wallet
U100,T00028_U100,2026-08-21 02:12:00,Local Store,Travel,636.19,UPI
U100,T00029_U100,2026-01-30 02:13:00,Amazon,Food,2340.62,Wallet
U100,T00030_U100,2026-09-10 16:28:00,Clinic,Food,1680.25,Card
U100,T00031_U100,2026-09-26 20:54:00,Myntra,Bills,1471.9,UPI
U100,T00032_U100,2026-01-30 18:03:00,Clinic,Entertainment,637.36,Card
U100,T00033_U100,2026-01-25 01:38:00,Swiggy,Healthcare,3794.58,Wallet
U100,T00034_U100,2026-06-19 00:37:00,Local Store,Travel,2806.65,UPI
U100,T00035_U100,2026-06-21 00:26:00,Swiggy,Bills,4057.13,Card
U100,T00036_U100,2026-07-09 23:10:00,Clinic,Bills,888.24,Card
U100,T00037_U100,2026-01-14 14:42:00,Uber,Food,2220.53,Wallet
U100,T00038_U100,2026-01-14 05:17:00,Local Store,Food,2423.07,UPI
U100,T00039_U100,2026-09-11 14:08:00,Myntra,Shopping,1468.2,UPI
U100,T00040_U100,2026-01-17 18:54:00,Netflix,Food,2261.51,UPI
U100,T00041_U100,2026-01-29 03:43:00,Myntra,Bills,2459.04,Card
U100,T00042_U100,2026-05-25 14:01:00,Netflix,Travel,1878.05,Card
U100,T00043_U100,2026-01-24 05:13:00,Flipkart,Food,1972.6,Wallet
U100,T00044_U100,2026-05-31 22:17:00,Amazon,Entertainment,4154.33,Card
U100,T00045_U100,2026-01-27 06:52:00,Amazon,Entertainment,876.33,Wallet
U100,T00046_U100,2026-01-16 00:30:00,Flipkart,Travel,2695.92,Wallet
U100,T00047_U100,2026-03-16 01:05:00,Amazon,Shopping,797.73,Card
U100,T00048_U100,2026-03-15 12:59:00,Flipkart,Shopping,1261.03,Card
U100,T00049_U100,2026-08-30 18:23:00,Clinic,Healthcare,1336.49,Wallet
U100,T00050_U100,2026-09-16 13:56:00,Netflix,Bills,199.0,Card
U100,T00051_U100,2026-08-27 07:27:00,Clinic,Travel,2026.5,Wallet
U100,T00052_U100,2026-05-14 18:44:00,Myntra,Shopping,386.67,UPI
U100,T00053_U100,2026-02-26 00:56:00,Amazon,Healthcare,2969.47,UPI
U100,T00054_U100,2026-04-27 10:54:00,Amazon,Entertainment,2275.39,UPI
U100,T00055_U100,2026-04-11 22:49:00,Local Store,Entertainment,1826.07,Card
U100,T00056_U100,2026-07-29 11:32:00,Amazon,Bills,2190.14,UPI
U100,T00057_U100,2026-08-27 12:01:00,Amazon,Entertainment,1660.17,Card
U100,T00058_U100,2026-02-09 04:22:00,Swiggy,Travel,3004.95,Card
U100,T00059_U100,2026-04-11 19:07:00,Clinic,Healthcare,2395.99,UPI
U100,T00060_U100,2026-08-03 08:03:00,Flipkart,Bills,1292.24,Card
U100,T00061_U100,2026-04-17 08:03:00,Myntra,Shopping,1750.71,Wallet
U100,T00062_U100,2026-02-13 01:32:00,Clinic,Entertainment,474.84,Card
U100,T00063_U100,2026-07-13 23:43:00,Amazon,Shopping,1404.09,Wallet
U100,T00064_U100,2026-09-17 02:34:00,Flipkart,Entertainment,539.67,Wallet
U100,T00065_U100,2026-04-15 17:46:00,Local Store,Healthcare,889.45,Card
U100,T00066_U100,2026-04-30 14:00:00,Amazon,Food,632.11,Wallet
U100,T00067_U100,2026-04-02 16:38:00,Myntra,Entertainment,696.56,Card
U100,T00068_U100,2026-07-28 02:39:00,Flipkart,Healthcare,1969.18,Wallet
U100,T00069_U100,2026-07-15 01:06:00,Myntra,Shopping,235.93,UPI
U100,T00070_U100,2026-05-14 11:12:00,Amazon,Food,2293.54,Card
U100,T00071_U100,2026-02-24 17:08:00,Netflix,Entertainment,422.69,Card
U100,T00072_U100,2026-03-01 22:00:00,Uber,Entertainment,2027.12,Card
U100,T00073_U100,2026-07-02 13:23:00,Uber,Bills,239.76,Wallet
U100,T00074_U100,2026-02-12 20:03:00,Myntra,Shopping,740.87,UPI
U100,T00075_U100,2026-08-06 09:23:00,Spotify,Bills,199.0,Wallet
U100,T00076_U100,2026-03-24 09:38:00,Clinic,Bills,1138.21,Card
U100,T00077_U100,2026-02-08 10:22:00,Myntra,Entertainment,390.9,UPI
U100,T00078_U100,2026-02-03 22:39:00,Flipkart,Food,2251.75,UPI
U100,T00079_U100,2026-01-25 05:50:00,Myntra,Bills,1484.22,Card
U100,T00080_U100,2026-09-06 23:11:00,Flipkart,Shopping,2277.64,UPI
U100,T00081_U100,2026-04-21 11:01:00,Flipkart,Healthcare,553.39,Card
U100,T00082_U100,2026-09-23 18:18:00,Uber,Bills,1551.45,Card
U100,T00083_U100,2026-04-16 13:30:00,Uber,Entertainment,811.3,UPI
U100,T00084_U100,2026-03-28 09:21:00,Amazon,Entertainment,3948.62,Card
U100,T00085_U100,2026-07-07 08:36:00,Uber,Entertainment,1241.48,Card
U100,T00086_U100,2026-07-25 01:16:00,Myntra,Food,2631.9,Card
U100,T00087_U100,2026-02-26 15:05:00,Uber,Entertainment,752.05,UPI
U100,T00088_U100,2026-04-07 18:24:00,Amazon,Shopping,753.01,UPI
U100,T00089_U100,2026-06-08 05:37:00,Netflix,Healthcare,2424.73,Wallet
U100,T00090_U100,2026-05-19 15:07:00,Amazon,Shopping,187.41,UPI
U100,T00091_U100,2026-07-16 17:02:00,Swiggy,Bills,1013.54,Wallet
U100,T00092_U100,2026-04-03 08:09:00,Myntra,Shopping,2470.69,Card
U100,T00093_U100,2026-04-12 04:39:00,Flipkart,Bills,2207.85,Wallet
U100,T00094_U100,2026-06-24 19:36:00,Netflix,Food,1305.03,Card
U100,T00095_U100,2026-03-01 18:48:00,Uber,Healthcare,1890.1,Card
U100,T00096_U100,2026-03-01 02:55:00,Swiggy,Bills,5208.34,UPI
U100,T00097_U100,2026-01-10 13:06:00,Flipkart,Entertainment,1395.73,Card
U100,T00098_U100,2026-09-09 07:32:00,Swiggy,Food,1925.39,Card
U100,T00099_U100,2026-05-06 15:54:00,Clinic,Food,503.35,Wallet
